subject_id,side,split,model_class,gender,tci_subject,severity_grade,source_csv,source_png,original_shape,target_shape,interpolation_used,l_foot_flipped,array_output,png_output,processing_status,status_detail,foreground_pixels,temp_min,temp_max,temp_mean,temp_std,foreground_pixels_below_phys_min,foreground_pixels_above_phys_max
CG001,L,val,Healthy,M,0.291294841,,/home/wenalz/Documents/Antigravity projects/thermalDFU/IEE data port(original)/ThermoDataBase(IEE data port)/ThermoDataBase/Control Group/CG001_M/CG001_M_L.csv,/home/wenalz/Documents/Antigravity projects/thermalDFU/IEE data port(original)/ThermoDataBase(IEE data port)/ThermoDataBase/Control Group/CG001_M/CG001_M_L.png,168x65,128x64,INTER_AREA,True,data/processed/arrays/val/CG001_L.npy,data/processed/images/val/CG001_L.png,ok,,7568,21.835,28.47,25.4511,1.6037,0,0
CG001,R,val,Healthy,M,0.291294841,,/home/wenalz/Documents/Antigravity projects/thermalDFU/IEE data port(original)/ThermoDataBase(IEE data port)/ThermoDataBase/Control Group/CG001_M/CG001_M_R.csv,/home/wenalz/Documents/Antigravity projects/thermalDFU/IEE data port(original)/ThermoDataBase(IEE data port)/ThermoDataBase/Control Group/CG001_M/CG001_M_R.png,175x63,128x64,INTER_AREA,False,data/processed/arrays/val/CG001_R.npy,data/processed/images/val/CG001_R.png,ok,,7677,22.029,28.834,25.9086,1.4899,0,0
CG002,L,train,Healthy,M,2.0308344134,,/home/wenalz/Documents/Antigravity projects/thermalDFU/IEE data port(original)/ThermoDataBase(IEE data port)/ThermoDataBase/Control Group/CG002_M/CG002_M_L.csv,/home/wenalz/Documents/Antigravity projects/thermalDFU/IEE data port(original)/ThermoDataBase(IEE data port)/ThermoDataBase/Control Group/CG002_M/CG002_M_L.png,179x69,128x64,INTER_AREA,True,data/processed/arrays/train/CG002_L.npy,data/processed/images/train/CG002_L.png,ok,,9149,23.854,30.589,28.0778,1.3764,0,0
CG002,R,train,Healthy,M,2.0308344134,,/home/wenalz/Documents/Antigravity projects/thermalDFU/IEE data port(original)/ThermoDataBase(IEE data port)/ThermoDataBase/Control Group/CG002_M/CG002_M_R.csv,/home/wenalz/Documents/Antigravity projects/thermalDFU/IEE data port(original)/ThermoDataBase(IEE data port)/ThermoDataBase/Control Group/CG002_M/CG002_M_R.png,179x69,128x64,INTER_AREA,False,data/processed/arrays/train/CG002_R.npy,data/processed/images/train/CG002_R.png,ok,,9199,23.74,30.624,28.0088,1.3502,0,0
CG003,L,val,Healthy,M,3.6795309541,,/home/wenalz/Documents/Antigravity projects/thermalDFU/IEE data port(original)/ThermoDataBase(IEE data port)/ThermoDataBase/Control Group/CG003_M/CG003_M_L.csv,/home/wenalz/Documents/Antigravity projects/thermalDFU/IEE data port(original)/ThermoDataBase(IEE data port)/ThermoDataBase/Control Group/CG003_M/CG003_M_L.png,194x72,128x64,INTER_AREA,True,data/processed/arrays/val/CG003_L.npy,data/processed/images/val/CG003_L.png,ok,,9759,23.952,32.532,29.4515,1.4262,0,0
CG003,R,val,Healthy,M,3.6795309541,,/home/wenalz/Documents/Antigravity projects/thermalDFU/IEE data port(original)/ThermoDataBase(IEE data port)/ThermoDataBase/Control Group/CG003_M/CG003_M_R.csv,/home/wenalz/Documents/Antigravity projects/thermalDFU/IEE data port(original)/ThermoDataBase(IEE data port)/ThermoDataBase/Control Group/CG003_M/CG003_M_R.png,197x70,128x64,INTER_AREA,False,data/processed/arrays/val/CG003_R.npy,data/processed/images/val/CG003_R.png,ok,,9954,24.694,32.557,29.5937,1.1929,0,0
CG004,L,val,Healthy,F,1.6584683097,,/home/wenalz/Documents/Antigravity projects/thermalDFU/IEE data port(original)/ThermoDataBase(IEE data port)/ThermoDataBase/Control Group/CG004_F/CG004_F_L.csv,/home/wenalz/Documents/Antigravity projects/thermalDFU/IEE data port(original)/ThermoDataBase(IEE data port)/ThermoDataBase/Control Group/CG004_F/CG004_F_L.png,166x77,128x64,INTER_AREA,True,data/processed/arrays/val/CG004_L.npy,data/processed/images/val/CG004_L.png,ok,,8808,22.283,31.332,27.66,1.6549,0,0
CG004,R,val,Healthy,F,1.6584683097,,/home/wenalz/Documents/Antigravity projects/thermalDFU/IEE data port(original)/ThermoDataBase(IEE data port)/ThermoDataBase/Control Group/CG004_F/CG004_F_R.csv,/home/wenalz/Documents/Antigravity projects/thermalDFU/IEE data port(original)/ThermoDataBase(IEE data port)/ThermoDataBase/Control Group/CG004_F/CG004_F_R.png,161x78,128x64,INTER_AREA,False,data/processed/arrays/val/CG004_R.npy,data/processed/images/val/CG004_R.png,ok,,8998,24.137,31.661,27.8789,1.5821,0,0
CG005,L,train,Healthy,F,0.5488616143,,/home/wenalz/Documents/Antigravity projects/thermalDFU/IEE data port(original)/ThermoDataBase(IEE data port)/ThermoDataBase/Control Group/CG005_F/CG005_F_L.csv,/home/wenalz/Documents/Antigravity projects/thermalDFU/IEE data port(original)/ThermoDataBase(IEE data port)/ThermoDataBase/Control Group/CG005_F/CG005_F_L.png,148x65,128x64,INTER_AREA,True,data/processed/arrays/train/CG005_L.npy,data/processed/images/train/CG005_L.png,ok,,6917,22.943,29.897,26.7496,1.6439,0,0
CG005,R,train,Healthy,F,0.5488616143,,/home/wenalz/Documents/Antigravity projects/thermalDFU/IEE data port(original)/ThermoDataBase(IEE data port)/ThermoDataBase/Control Group/CG005_F/CG005_F_R.csv,/home/wenalz/Documents/Antigravity projects/thermalDFU/IEE data port(original)/ThermoDataBase(IEE data port)/ThermoDataBase/Control Group/CG005_F/CG005_F_R.png,160x65,128x64,INTER_AREA,False,data/processed/arrays/train/CG005_R.npy,data/processed/images/train/CG005_R.png,ok,,7609,22.503,29.341,26.2158,1.5904,0,0
CG006,L,train,Healthy,F,0.9077823997,,/home/wenalz/Documents/Antigravity projects/thermalDFU/IEE data port(original)/ThermoDataBase(IEE data port)/ThermoDataBase/Control Group/CG006_F/CG006_F_L.csv,/home/wenalz/Documents/Antigravity projects/thermalDFU/IEE data port(original)/ThermoDataBase(IEE data port)/ThermoDataBase/Control Group/CG006_F/CG006_F_L.png,145x57,128x64,INTER_AREA,True,data/processed/arrays/train/CG006_L.npy,data/processed/images/train/CG006_L.png,ok,,5980,23.042,30.512,26.8817,1.4765,0,0
CG006,R,train,Healthy,F,0.9077823997,,/home/wenalz/Documents/Antigravity projects/thermalDFU/IEE data port(original)/ThermoDataBase(IEE data port)/ThermoDataBase/Control Group/CG006_F/CG006_F_R.csv,/home/wenalz/Documents/Antigravity projects/thermalDFU/IEE data port(original)/ThermoDataBase(IEE data port)/ThermoDataBase/Control Group/CG006_F/CG006_F_R.png,140x59,128x64,INTER_AREA,False,data/processed/arrays/train/CG006_R.npy,data/processed/images/train/CG006_R.png,ok,,5709,23.359,30.138,26.5308,1.4662,0,0
CG007,L,test,Healthy,F,0.387229907,,/home/wenalz/Documents/Antigravity projects/thermalDFU/IEE data port(original)/ThermoDataBase(IEE data port)/ThermoDataBase/Control Group/CG007_F/CG007_F_L.csv,/home/wenalz/Documents/Antigravity projects/thermalDFU/IEE data port(original)/ThermoDataBase(IEE data port)/ThermoDataBase/Control Group/CG007_F/CG007_F_L.png,138x54,128x64,INTER_AREA,True,data/processed/arrays/test/CG007_L.npy,data/processed/images/test/CG007_L.png,ok,,5448,21.424,30.195,26.4327,1.8199,0,0
CG007,R,test,Healthy,F,0.387229907,,/home/wenalz/Documents/Antigravity projects/thermalDFU/IEE data port(original)/ThermoDataBase(IEE data port)/ThermoDataBase/Control Group/CG007_F/CG007_F_R.csv,/home/wenalz/Documents/Antigravity projects/thermalDFU/IEE data port(original)/ThermoDataBase(IEE data port)/ThermoDataBase/Control Group/CG007_F/CG007_F_R.png,126x57,128x64,INTER_LINEAR,False,data/processed/arrays/test/CG007_R.npy,data/processed/images/test/CG007_R.png,ok,,5252,21.341,30.103,26.1176,1.9114,0,0
CG008,L,test,Healthy,F,1.8214611046,,/home/wenalz/Documents/Antigravity projects/thermalDFU/IEE data port(original)/ThermoDataBase(IEE data port)/ThermoDataBase/Control Group/CG008_F/CG008_F_L.csv,/home/wenalz/Documents/Antigravity projects/thermalDFU/IEE data port(original)/ThermoDataBase(IEE data port)/ThermoDataBase/Control Group/CG008_F/CG008_F_L.png,142x54,128x64,INTER_AREA,True,data/processed/arrays/test/CG008_L.npy,data/processed/images/test/CG008_L.png,ok,,5536,21.0,27.576,24.6738,1.3592,0,0
CG008,R,test,Healthy,F,1.8214611046,,/home/wenalz/Documents/Antigravity projects/thermalDFU/IEE data port(original)/ThermoDataBase(IEE data port)/ThermoDataBase/Control Group/CG008_F/CG008_F_R.csv,/home/wenalz/Documents/Antigravity projects/thermalDFU/IEE data port(original)/ThermoDataBase(IEE data port)/ThermoDataBase/Control Group/CG008_F/CG008_F_R.png,148x54,128x64,INTER_AREA,False,data/processed/arrays/test/CG008_R.npy,data/processed/images/test/CG008_R.png,ok,,5569,20.637,27.974,24.392,1.6053,0,0
CG009,L,test,Healthy,M,1.2640163413,,/home/wenalz/Documents/Antigravity projects/thermalDFU/IEE data port(original)/ThermoDataBase(IEE data port)/ThermoDataBase/Control Group/CG009_M/CG009_M_L.csv,/home/wenalz/Documents/Antigravity projects/thermalDFU/IEE data port(original)/ThermoDataBase(IEE data port)/ThermoDataBase/Control Group/CG009_M/CG009_M_L.png,177x65,128x64,INTER_AREA,True,data/processed/arrays/test/CG009_L.npy,data/processed/images/test/CG009_L.png,ok,,8603,21.313,29.82,24.9665,2.0601,0,0
CG009,R,test,Healthy,M,1.2640163413,,/home/wenalz/Documents/Antigravity projects/thermalDFU/IEE data port(original)/ThermoDataBase(IEE data port)/ThermoDataBase/Control Group/CG009_M/CG009_M_R.csv,/home/wenalz/Documents/Antigravity projects/thermalDFU/IEE data port(original)/ThermoDataBase(IEE data port)/ThermoDataBase/Control Group/CG009_M/CG009_M_R.png,171x67,128x64,INTER_AREA,False,data/processed/arrays/test/CG009_R.npy,data/processed/images/test/CG009_R.png,ok,,8525,20.406,29.882,24.7147,2.1939,0,0
CG010,L,train,Healthy,M,0.9997045268,,/home/wenalz/Documents/Antigravity projects/thermalDFU/IEE data port(original)/ThermoDataBase(IEE data port)/ThermoDataBase/Control Group/CG010_M/CG010_M_L.csv,/home/wenalz/Documents/Antigravity projects/thermalDFU/IEE data port(original)/ThermoDataBase(IEE data port)/ThermoDataBase/Control Group/CG010_M/CG010_M_L.png,192x69,128x64,INTER_AREA,True,data/processed/arrays/train/CG010_L.npy,data/processed/images/train/CG010_L.png,ok,,9662,21.841,29.429,26.8038,1.4563,0,0
CG010,R,train,Healthy,M,0.9997045268,,/home/wenalz/Documents/Antigravity projects/thermalDFU/IEE data port(original)/ThermoDataBase(IEE data port)/ThermoDataBase/Control Group/CG010_M/CG010_M_R.csv,/home/wenalz/Documents/Antigravity projects/thermalDFU/IEE data port(original)/ThermoDataBase(IEE data port)/ThermoDataBase/Control Group/CG010_M/CG010_M_R.png,189x70,128x64,INTER_AREA,False,data/processed/arrays/train/CG010_R.npy,data/processed/images/train/CG010_R.png,ok,,9647,21.846,29.707,26.984,1.611,0,0
CG011,L,train,Healthy,F,0.2734073119,,/home/wenalz/Documents/Antigravity projects/thermalDFU/IEE data port(original)/ThermoDataBase(IEE data port)/ThermoDataBase/Control Group/CG011_F/CG011_F_L.csv,/home/wenalz/Documents/Antigravity projects/thermalDFU/IEE data port(original)/ThermoDataBase(IEE data port)/ThermoDataBase/Control Group/CG011_F/CG011_F_L.png,148x63,128x64,INTER_AREA,True,data/processed/arrays/train/CG011_L.npy,data/processed/images/train/CG011_L.png,ok,,6444,22.051,28.912,26.0005,1.368,0,0
CG011,R,train,Healthy,F,0.2734073119,,/home/wenalz/Documents/Antigravity projects/thermalDFU/IEE data port(original)/ThermoDataBase(IEE data port)/ThermoDataBase/Control Group/CG011_F/CG011_F_R.csv,/home/wenalz/Documents/Antigravity projects/thermalDFU/IEE data port(original)/ThermoDataBase(IEE data port)/ThermoDataBase/Control Group/CG011_F/CG011_F_R.png,144x65,128x64,INTER_AREA,False,data/processed/arrays/train/CG011_R.npy,data/processed/images/train/CG011_R.png,ok,,6571,22.899,29.263,26.265,1.3039,0,0
CG012,L,test,Healthy,F,2.1464679203,,/home/wenalz/Documents/Antigravity projects/thermalDFU/IEE data port(original)/ThermoDataBase(IEE data port)/ThermoDataBase/Control Group/CG012_F/CG012_F_L.csv,/home/wenalz/Documents/Antigravity projects/thermalDFU/IEE data port(original)/ThermoDataBase(IEE data port)/ThermoDataBase/Control Group/CG012_F/CG012_F_L.png,139x65,128x64,INTER_AREA,True,data/processed/arrays/test/CG012_L.npy,data/processed/images/test/CG012_L.png,ok,,6364,22.211,31.433,27.6128,1.9134,0,0
CG012,R,test,Healthy,F,2.1464679203,,/home/wenalz/Documents/Antigravity projects/thermalDFU/IEE data port(original)/ThermoDataBase(IEE data port)/ThermoDataBase/Control Group/CG012_F/CG012_F_R.csv,/home/wenalz/Documents/Antigravity projects/thermalDFU/IEE data port(original)/ThermoDataBase(IEE data port)/ThermoDataBase/Control Group/CG012_F/CG012_F_R.png,140x65,128x64,INTER_AREA,False,data/processed/arrays/test/CG012_R.npy,data/processed/images/test/CG012_R.png,ok,,6279,23.113,31.291,27.9664,1.6027,0,0
CG013,L,train,Healthy,M,0.5430157287,,/home/wenalz/Documents/Antigravity projects/thermalDFU/IEE data port(original)/ThermoDataBase(IEE data port)/ThermoDataBase/Control Group/CG013_M/CG013_M_L.csv,/home/wenalz/Documents/Antigravity projects/thermalDFU/IEE data port(original)/ThermoDataBase(IEE data port)/ThermoDataBase/Control Group/CG013_M/CG013_M_L.png,144x53,128x64,INTER_AREA,True,data/processed/arrays/train/CG013_L.npy,data/processed/images/train/CG013_L.png,ok,,5617,19.111,30.19,26.7684,1.9164,0,0
CG013,R,train,Healthy,M,0.5430157287,,/home/wenalz/Documents/Antigravity projects/thermalDFU/IEE data port(original)/ThermoDataBase(IEE data port)/ThermoDataBase/Control Group/CG013_M/CG013_M_R.csv,/home/wenalz/Documents/Antigravity projects/thermalDFU/IEE data port(original)/ThermoDataBase(IEE data port)/ThermoDataBase/Control Group/CG013_M/CG013_M_R.png,149x50,128x64,INTER_AREA,False,data/processed/arrays/train/CG013_R.npy,data/processed/images/train/CG013_R.png,ok,,5367,19.894,29.825,26.3033,1.8631,0,0
CG014,L,val,Healthy,M,2.4702373262,,/home/wenalz/Documents/Antigravity projects/thermalDFU/IEE data port(original)/ThermoDataBase(IEE data port)/ThermoDataBase/Control Group/CG014_M/CG014_M_L.csv,/home/wenalz/Documents/Antigravity projects/thermalDFU/IEE data port(original)/ThermoDataBase(IEE data port)/ThermoDataBase/Control Group/CG014_M/CG014_M_L.png,137x57,128x64,INTER_AREA,True,data/processed/arrays/val/CG014_L.npy,data/processed/images/val/CG014_L.png,ok,,5914,23.653,32.447,28.446,0.9219,0,0
CG014,R,val,Healthy,M,2.4702373262,,/home/wenalz/Documents/Antigravity projects/thermalDFU/IEE data port(original)/ThermoDataBase(IEE data port)/ThermoDataBase/Control Group/CG014_M/CG014_M_R.csv,/home/wenalz/Documents/Antigravity projects/thermalDFU/IEE data port(original)/ThermoDataBase(IEE data port)/ThermoDataBase/Control Group/CG014_M/CG014_M_R.png,141x57,128x64,INTER_AREA,False,data/processed/arrays/val/CG014_R.npy,data/processed/images/val/CG014_R.png,ok,,6152,23.675,31.726,28.5,1.1588,0,0
CG015,L,train,Healthy,M,3.0165451993,,/home/wenalz/Documents/Antigravity projects/thermalDFU/IEE data port(original)/ThermoDataBase(IEE data port)/ThermoDataBase/Control Group/CG015_M/CG015_M_L.csv,/home/wenalz/Documents/Antigravity projects/thermalDFU/IEE data port(original)/ThermoDataBase(IEE data port)/ThermoDataBase/Control Group/CG015_M/CG015_M_L.png,125x54,128x64,INTER_LINEAR,True,data/processed/arrays/train/CG015_L.npy,data/processed/images/train/CG015_L.png,ok,,4907,21.685,30.629,28.8389,0.8237,0,0
CG015,R,train,Healthy,M,3.0165451993,,/home/wenalz/Documents/Antigravity projects/thermalDFU/IEE data port(original)/ThermoDataBase(IEE data port)/ThermoDataBase/Control Group/CG015_M/CG015_M_R.csv,/home/wenalz/Documents/Antigravity projects/thermalDFU/IEE data port(original)/ThermoDataBase(IEE data port)/ThermoDataBase/Control Group/CG015_M/CG015_M_R.png,125x55,128x64,INTER_LINEAR,False,data/processed/arrays/train/CG015_R.npy,data/processed/images/train/CG015_R.png,ok,,4878,21.608,32.708,29.0961,0.8902,0,0
CG016,L,train,Healthy,M,1.4179092978,,/home/wenalz/Documents/Antigravity projects/thermalDFU/IEE data port(original)/ThermoDataBase(IEE data port)/ThermoDataBase/Control Group/CG016_M/CG016_M_L.csv,/home/wenalz/Documents/Antigravity projects/thermalDFU/IEE data port(original)/ThermoDataBase(IEE data port)/ThermoDataBase/Control Group/CG016_M/CG016_M_L.png,141x59,128x64,INTER_AREA,True,data/processed/arrays/train/CG016_L.npy,data/processed/images/train/CG016_L.png,ok,,5999,24.267,30.2,27.7189,1.0164,0,0
CG016,R,train,Healthy,M,1.4179092978,,/home/wenalz/Documents/Antigravity projects/thermalDFU/IEE data port(original)/ThermoDataBase(IEE data port)/ThermoDataBase/Control Group/CG016_M/CG016_M_R.csv,/home/wenalz/Documents/Antigravity projects/thermalDFU/IEE data port(original)/ThermoDataBase(IEE data port)/ThermoDataBase/Control Group/CG016_M/CG016_M_R.png,142x60,128x64,INTER_AREA,False,data/processed/arrays/train/CG016_R.npy,data/processed/images/train/CG016_R.png,ok,,5916,22.134,29.424,27.0167,1.0269,0,0
CG017,L,train,Healthy,F,2.0140992157,,/home/wenalz/Documents/Antigravity projects/thermalDFU/IEE data port(original)/ThermoDataBase(IEE data port)/ThermoDataBase/Control Group/CG017_F/CG017_F_L.csv,/home/wenalz/Documents/Antigravity projects/thermalDFU/IEE data port(original)/ThermoDataBase(IEE data port)/ThermoDataBase/Control Group/CG017_F/CG017_F_L.png,119x48,128x64,INTER_LINEAR,True,data/processed/arrays/train/CG017_L.npy,data/processed/images/train/CG017_L.png,ok,,4172,20.905,26.251,23.9858,1.0977,0,0
CG017,R,train,Healthy,F,2.0140992157,,/home/wenalz/Documents/Antigravity projects/thermalDFU/IEE data port(original)/ThermoDataBase(IEE data port)/ThermoDataBase/Control Group/CG017_F/CG017_F_R.csv,/home/wenalz/Documents/Antigravity projects/thermalDFU/IEE data port(original)/ThermoDataBase(IEE data port)/ThermoDataBase/Control Group/CG017_F/CG017_F_R.png,128x46,128x64,INTER_LINEAR,False,data/processed/arrays/train/CG017_R.npy,data/processed/images/train/CG017_R.png,ok,,4306,20.855,26.522,24.102,1.168,0,0
CG018,L,train,Healthy,M,1.0161863963,,/home/wenalz/Documents/Antigravity projects/thermalDFU/IEE data port(original)/ThermoDataBase(IEE data port)/ThermoDataBase/Control Group/CG018_M/CG018_M_L.csv,/home/wenalz/Documents/Antigravity projects/thermalDFU/IEE data port(original)/ThermoDataBase(IEE data port)/ThermoDataBase/Control Group/CG018_M/CG018_M_L.png,132x52,128x64,INTER_AREA,True,data/processed/arrays/train/CG018_L.npy,data/processed/images/train/CG018_L.png,ok,,5128,23.031,30.215,27.2259,1.6383,0,0
CG018,R,train,Healthy,M,1.0161863963,,/home/wenalz/Documents/Antigravity projects/thermalDFU/IEE data port(original)/ThermoDataBase(IEE data port)/ThermoDataBase/Control Group/CG018_M/CG018_M_R.csv,/home/wenalz/Documents/Antigravity projects/thermalDFU/IEE data port(original)/ThermoDataBase(IEE data port)/ThermoDataBase/Control Group/CG018_M/CG018_M_R.png,136x50,128x64,INTER_AREA,False,data/processed/arrays/train/CG018_R.npy,data/processed/images/train/CG018_R.png,ok,,4775,22.696,30.65,26.9463,1.675,0,0
CG019,L,train,Healthy,F,0.4187167111,,/home/wenalz/Documents/Antigravity projects/thermalDFU/IEE data port(original)/ThermoDataBase(IEE data port)/ThermoDataBase/Control Group/CG019_F/CG019_F_L.csv,/home/wenalz/Documents/Antigravity projects/thermalDFU/IEE data port(original)/ThermoDataBase(IEE data port)/ThermoDataBase/Control Group/CG019_F/CG019_F_L.png,113x48,128x64,INTER_LINEAR,True,data/processed/arrays/train/CG019_L.npy,data/processed/images/train/CG019_L.png,ok,,4044,21.106,29.217,25.8975,1.6607,0,0
CG019,R,train,Healthy,F,0.4187167111,,/home/wenalz/Documents/Antigravity projects/thermalDFU/IEE data port(original)/ThermoDataBase(IEE data port)/ThermoDataBase/Control Group/CG019_F/CG019_F_R.csv,/home/wenalz/Documents/Antigravity projects/thermalDFU/IEE data port(original)/ThermoDataBase(IEE data port)/ThermoDataBase/Control Group/CG019_F/CG019_F_R.png,112x50,128x64,INTER_LINEAR,False,data/processed/arrays/train/CG019_R.npy,data/processed/images/train/CG019_R.png,ok,,3926,22.795,29.274,26.5284,1.3843,0,0
CG020,L,train,Healthy,F,2.4549107036,,/home/wenalz/Documents/Antigravity projects/thermalDFU/IEE data port(original)/ThermoDataBase(IEE data port)/ThermoDataBase/Control Group/CG020_F/CG020_F_L.csv,/home/wenalz/Documents/Antigravity projects/thermalDFU/IEE data port(original)/ThermoDataBase(IEE data port)/ThermoDataBase/Control Group/CG020_F/CG020_F_L.png,106x41,128x64,INTER_LINEAR,True,data/processed/arrays/train/CG020_L.npy,data/processed/images/train/CG020_L.png,ok,,2933,20.607,26.744,23.5457,1.3759,0,0
CG020,R,train,Healthy,F,2.4549107036,,/home/wenalz/Documents/Antigravity projects/thermalDFU/IEE data port(original)/ThermoDataBase(IEE data port)/ThermoDataBase/Control Group/CG020_F/CG020_F_R.csv,/home/wenalz/Documents/Antigravity projects/thermalDFU/IEE data port(original)/ThermoDataBase(IEE data port)/ThermoDataBase/Control Group/CG020_F/CG020_F_R.png,109x42,128x64,INTER_LINEAR,False,data/processed/arrays/train/CG020_R.npy,data/processed/images/train/CG020_R.png,ok,,3103,20.679,26.592,23.5782,1.3971,0,0
CG021,L,val,Healthy,M,0.6611833275,,/home/wenalz/Documents/Antigravity projects/thermalDFU/IEE data port(original)/ThermoDataBase(IEE data port)/ThermoDataBase/Control Group/CG021_M/CG021_M_L.csv,/home/wenalz/Documents/Antigravity projects/thermalDFU/IEE data port(original)/ThermoDataBase(IEE data port)/ThermoDataBase/Control Group/CG021_M/CG021_M_L.png,163x64,128x64,INTER_AREA,True,data/processed/arrays/val/CG021_L.npy,data/processed/images/val/CG021_L.png,ok,,7836,20.384,29.051,25.5156,1.6556,0,0
CG021,R,val,Healthy,M,0.6611833275,,/home/wenalz/Documents/Antigravity projects/thermalDFU/IEE data port(original)/ThermoDataBase(IEE data port)/ThermoDataBase/Control Group/CG021_M/CG021_M_R.csv,/home/wenalz/Documents/Antigravity projects/thermalDFU/IEE data port(original)/ThermoDataBase(IEE data port)/ThermoDataBase/Control Group/CG021_M/CG021_M_R.png,154x68,128x64,INTER_AREA,False,data/processed/arrays/val/CG021_R.npy,data/processed/images/val/CG021_R.png,ok,,7871,17.984,28.969,25.1973,1.6259,0,0
CG022,L,train,Healthy,M,0.9907376426,,/home/wenalz/Documents/Antigravity projects/thermalDFU/IEE data port(original)/ThermoDataBase(IEE data port)/ThermoDataBase/Control Group/CG022_M/CG022_M_L.csv,/home/wenalz/Documents/Antigravity projects/thermalDFU/IEE data port(original)/ThermoDataBase(IEE data port)/ThermoDataBase/Control Group/CG022_M/CG022_M_L.png,152x67,128x64,INTER_AREA,True,data/processed/arrays/train/CG022_L.npy,data/processed/images/train/CG022_L.png,ok,,7572,20.62,28.517,24.9581,1.5785,0,0
CG022,R,train,Healthy,M,0.9907376426,,/home/wenalz/Documents/Antigravity projects/thermalDFU/IEE data port(original)/ThermoDataBase(IEE data port)/ThermoDataBase/Control Group/CG022_M/CG022_M_R.csv,/home/wenalz/Documents/Antigravity projects/thermalDFU/IEE data port(original)/ThermoDataBase(IEE data port)/ThermoDataBase/Control Group/CG022_M/CG022_M_R.png,148x68,128x64,INTER_AREA,False,data/processed/arrays/train/CG022_R.npy,data/processed/images/train/CG022_R.png,ok,,7628,19.162,28.668,24.5679,1.8054,0,0
CG023,L,train,Healthy,F,1.3601674444,,/home/wenalz/Documents/Antigravity projects/thermalDFU/IEE data port(original)/ThermoDataBase(IEE data port)/ThermoDataBase/Control Group/CG023_F/CG023_F_L.csv,/home/wenalz/Documents/Antigravity projects/thermalDFU/IEE data port(original)/ThermoDataBase(IEE data port)/ThermoDataBase/Control Group/CG023_F/CG023_F_L.png,121x60,128x64,INTER_LINEAR,True,data/processed/arrays/train/CG023_L.npy,data/processed/images/train/CG023_L.png,ok,,5032,20.67,27.639,24.8834,1.2382,0,0
CG023,R,train,Healthy,F,1.3601674444,,/home/wenalz/Documents/Antigravity projects/thermalDFU/IEE data port(original)/ThermoDataBase(IEE data port)/ThermoDataBase/Control Group/CG023_F/CG023_F_R.csv,/home/wenalz/Documents/Antigravity projects/thermalDFU/IEE data port(original)/ThermoDataBase(IEE data port)/ThermoDataBase/Control Group/CG023_F/CG023_F_R.png,128x64,128x64,INTER_LINEAR,False,data/processed/arrays/train/CG023_R.npy,data/processed/images/train/CG023_R.png,ok,,5515,19.486,27.886,24.2357,1.5894,0,0
CG024,L,train,Healthy,F,0.6407014647,,/home/wenalz/Documents/Antigravity projects/thermalDFU/IEE data port(original)/ThermoDataBase(IEE data port)/ThermoDataBase/Control Group/CG024_F/CG024_F_L.csv,/home/wenalz/Documents/Antigravity projects/thermalDFU/IEE data port(original)/ThermoDataBase(IEE data port)/ThermoDataBase/Control Group/CG024_F/CG024_F_L.png,119x63,128x64,INTER_LINEAR,True,data/processed/arrays/train/CG024_L.npy,data/processed/images/train/CG024_L.png,ok,,5169,19.781,29.784,26.1956,1.6122,0,0
CG024,R,train,Healthy,F,0.6407014647,,/home/wenalz/Documents/Antigravity projects/thermalDFU/IEE data port(original)/ThermoDataBase(IEE data port)/ThermoDataBase/Control Group/CG024_F/CG024_F_R.csv,/home/wenalz/Documents/Antigravity projects/thermalDFU/IEE data port(original)/ThermoDataBase(IEE data port)/ThermoDataBase/Control Group/CG024_F/CG024_F_R.png,116x59,128x64,INTER_LINEAR,False,data/processed/arrays/train/CG024_R.npy,data/processed/images/train/CG024_R.png,ok,,4731,20.558,29.928,26.515,1.4447,0,0
CG025,L,train,Healthy,M,1.5477341387,,/home/wenalz/Documents/Antigravity projects/thermalDFU/IEE data port(original)/ThermoDataBase(IEE data port)/ThermoDataBase/Control Group/CG025_M/CG025_M_L.csv,/home/wenalz/Documents/Antigravity projects/thermalDFU/IEE data port(original)/ThermoDataBase(IEE data port)/ThermoDataBase/Control Group/CG025_M/CG025_M_L.png,150x60,128x64,INTER_AREA,True,data/processed/arrays/train/CG025_L.npy,data/processed/images/train/CG025_L.png,ok,,6715,22.898,30.296,27.6639,1.3564,0,0
CG025,R,train,Healthy,M,1.5477341387,,/home/wenalz/Documents/Antigravity projects/thermalDFU/IEE data port(original)/ThermoDataBase(IEE data port)/ThermoDataBase/Control Group/CG025_M/CG025_M_R.csv,/home/wenalz/Documents/Antigravity projects/thermalDFU/IEE data port(original)/ThermoDataBase(IEE data port)/ThermoDataBase/Control Group/CG025_M/CG025_M_R.png,152x59,128x64,INTER_AREA,False,data/processed/arrays/train/CG025_R.npy,data/processed/images/train/CG025_R.png,ok,,6887,19.206,30.377,27.6173,1.4989,0,0
CG026,L,val,Healthy,M,1.6670732019,,/home/wenalz/Documents/Antigravity projects/thermalDFU/IEE data port(original)/ThermoDataBase(IEE data port)/ThermoDataBase/Control Group/CG026_M/CG026_M_L.csv,/home/wenalz/Documents/Antigravity projects/thermalDFU/IEE data port(original)/ThermoDataBase(IEE data port)/ThermoDataBase/Control Group/CG026_M/CG026_M_L.png,185x63,128x64,INTER_AREA,True,data/processed/arrays/val/CG026_L.npy,data/processed/images/val/CG026_L.png,ok,,8961,20.951,29.943,27.6347,1.2531,0,0
CG026,R,val,Healthy,M,1.6670732019,,/home/wenalz/Documents/Antigravity projects/thermalDFU/IEE data port(original)/ThermoDataBase(IEE data port)/ThermoDataBase/Control Group/CG026_M/CG026_M_R.csv,/home/wenalz/Documents/Antigravity projects/thermalDFU/IEE data port(original)/ThermoDataBase(IEE data port)/ThermoDataBase/Control Group/CG026_M/CG026_M_R.png,181x69,128x64,INTER_AREA,False,data/processed/arrays/val/CG026_R.npy,data/processed/images/val/CG026_R.png,ok,,8811,21.719,29.711,27.639,1.2215,0,0
CG027,L,train,Healthy,M,0.6728029963,,/home/wenalz/Documents/Antigravity projects/thermalDFU/IEE data port(original)/ThermoDataBase(IEE data port)/ThermoDataBase/Control Group/CG027_M/CG027_M_L.csv,/home/wenalz/Documents/Antigravity projects/thermalDFU/IEE data port(original)/ThermoDataBase(IEE data port)/ThermoDataBase/Control Group/CG027_M/CG027_M_L.png,182x73,128x64,INTER_AREA,True,data/processed/arrays/train/CG027_L.npy,data/processed/images/train/CG027_L.png,ok,,9804,18.012,30.241,26.75,1.48,0,0
CG027,R,train,Healthy,M,0.6728029963,,/home/wenalz/Documents/Antigravity projects/thermalDFU/IEE data port(original)/ThermoDataBase(IEE data port)/ThermoDataBase/Control Group/CG027_M/CG027_M_R.csv,/home/wenalz/Documents/Antigravity projects/thermalDFU/IEE data port(original)/ThermoDataBase(IEE data port)/ThermoDataBase/Control Group/CG027_M/CG027_M_R.png,183x76,128x64,INTER_AREA,False,data/processed/arrays/train/CG027_R.npy,data/processed/images/train/CG027_R.png,ok,,9947,19.554,29.02,26.2644,1.2087,0,0
CG028,L,test,Healthy,M,0.4130854308,,/home/wenalz/Documents/Antigravity projects/thermalDFU/IEE data port(original)/ThermoDataBase(IEE data port)/ThermoDataBase/Control Group/CG028_M/CG028_M_L.csv,/home/wenalz/Documents/Antigravity projects/thermalDFU/IEE data port(original)/ThermoDataBase(IEE data port)/ThermoDataBase/Control Group/CG028_M/CG028_M_L.png,176x68,128x64,INTER_AREA,True,data/processed/arrays/test/CG028_L.npy,data/processed/images/test/CG028_L.png,ok,,9298,17.093,29.769,26.0981,1.796,0,0
CG028,R,test,Healthy,M,0.4130854308,,/home/wenalz/Documents/Antigravity projects/thermalDFU/IEE data port(original)/ThermoDataBase(IEE data port)/ThermoDataBase/Control Group/CG028_M/CG028_M_R.csv,/home/wenalz/Documents/Antigravity projects/thermalDFU/IEE data port(original)/ThermoDataBase(IEE data port)/ThermoDataBase/Control Group/CG028_M/CG028_M_R.png,171x68,128x64,INTER_AREA,False,data/processed/arrays/test/CG028_R.npy,data/processed/images/test/CG028_R.png,ok,,9089,17.799,29.995,26.4805,1.7165,0,0
CG029,L,train,Healthy,F,0.2972014935,,/home/wenalz/Documents/Antigravity projects/thermalDFU/IEE data port(original)/ThermoDataBase(IEE data port)/ThermoDataBase/Control Group/CG029_F/CG029_F_L.csv,/home/wenalz/Documents/Antigravity projects/thermalDFU/IEE data port(original)/ThermoDataBase(IEE data port)/ThermoDataBase/Control Group/CG029_F/CG029_F_L.png,160x60,128x64,INTER_AREA,True,data/processed/arrays/train/CG029_L.npy,data/processed/images/train/CG029_L.png,ok,,7500,19.447,27.807,25.5232,1.2319,0,0
CG029,R,train,Healthy,F,0.2972014935,,/home/wenalz/Documents/Antigravity projects/thermalDFU/IEE data port(original)/ThermoDataBase(IEE data port)/ThermoDataBase/Control Group/CG029_F/CG029_F_R.csv,/home/wenalz/Documents/Antigravity projects/thermalDFU/IEE data port(original)/ThermoDataBase(IEE data port)/ThermoDataBase/Control Group/CG029_F/CG029_F_R.png,160x65,128x64,INTER_AREA,False,data/processed/arrays/train/CG029_R.npy,data/processed/images/train/CG029_R.png,ok,,7877,19.071,28.152,26.1256,1.1525,0,0
CG030,L,train,Healthy,M,0.6586197195,,/home/wenalz/Documents/Antigravity projects/thermalDFU/IEE data port(original)/ThermoDataBase(IEE data port)/ThermoDataBase/Control Group/CG030_M/CG030_M_L.csv,/home/wenalz/Documents/Antigravity projects/thermalDFU/IEE data port(original)/ThermoDataBase(IEE data port)/ThermoDataBase/Control Group/CG030_M/CG030_M_L.png,157x76,128x64,INTER_AREA,True,data/processed/arrays/train/CG030_L.npy,data/processed/images/train/CG030_L.png,ok,,8472,20.131,29.088,26.6144,1.4532,0,0
CG030,R,train,Healthy,M,0.6586197195,,/home/wenalz/Documents/Antigravity projects/thermalDFU/IEE data port(original)/ThermoDataBase(IEE data port)/ThermoDataBase/Control Group/CG030_M/CG030_M_R.csv,/home/wenalz/Documents/Antigravity projects/thermalDFU/IEE data port(original)/ThermoDataBase(IEE data port)/ThermoDataBase/Control Group/CG030_M/CG030_M_R.png,165x76,128x64,INTER_AREA,False,data/processed/arrays/train/CG030_R.npy,data/processed/images/train/CG030_R.png,ok,,9012,20.074,29.222,26.5802,1.4182,0,0
CG031,L,train,Healthy,M,1.4635607159,,/home/wenalz/Documents/Antigravity projects/thermalDFU/IEE data port(original)/ThermoDataBase(IEE data port)/ThermoDataBase/Control Group/CG031_M/CG031_M_L.csv,/home/wenalz/Documents/Antigravity projects/thermalDFU/IEE data port(original)/ThermoDataBase(IEE data port)/ThermoDataBase/Control Group/CG031_M/CG031_M_L.png,193x85,128x64,INTER_AREA,True,data/processed/arrays/train/CG031_L.npy,data/processed/images/train/CG031_L.png,ok,,12053,22.784,29.887,27.3808,0.9747,0,0
CG031,R,train,Healthy,M,1.4635607159,,/home/wenalz/Documents/Antigravity projects/thermalDFU/IEE data port(original)/ThermoDataBase(IEE data port)/ThermoDataBase/Control Group/CG031_M/CG031_M_R.csv,/home/wenalz/Documents/Antigravity projects/thermalDFU/IEE data port(original)/ThermoDataBase(IEE data port)/ThermoDataBase/Control Group/CG031_M/CG031_M_R.png,200x88,128x64,INTER_AREA,False,data/processed/arrays/train/CG031_R.npy,data/processed/images/train/CG031_R.png,ok,,13020,20.479,30.486,27.6354,0.927,0,0
CG032,L,train,Healthy,M,0.9152576888,,/home/wenalz/Documents/Antigravity projects/thermalDFU/IEE data port(original)/ThermoDataBase(IEE data port)/ThermoDataBase/Control Group/CG032_M/CG032_M_L.csv,/home/wenalz/Documents/Antigravity projects/thermalDFU/IEE data port(original)/ThermoDataBase(IEE data port)/ThermoDataBase/Control Group/CG032_M/CG032_M_L.png,178x75,128x64,INTER_AREA,True,data/processed/arrays/train/CG032_L.npy,data/processed/images/train/CG032_L.png,ok,,9942,22.635,29.748,27.0103,1.3643,0,0
CG032,R,train,Healthy,M,0.9152576888,,/home/wenalz/Documents/Antigravity projects/thermalDFU/IEE data port(original)/ThermoDataBase(IEE data port)/ThermoDataBase/Control Group/CG032_M/CG032_M_R.csv,/home/wenalz/Documents/Antigravity projects/thermalDFU/IEE data port(original)/ThermoDataBase(IEE data port)/ThermoDataBase/Control Group/CG032_M/CG032_M_R.png,176x73,128x64,INTER_AREA,False,data/processed/arrays/train/CG032_R.npy,data/processed/images/train/CG032_R.png,ok,,9930,22.448,29.527,26.9866,1.216,0,0
CG033,L,test,Healthy,M,2.6625255248,,/home/wenalz/Documents/Antigravity projects/thermalDFU/IEE data port(original)/ThermoDataBase(IEE data port)/ThermoDataBase/Control Group/CG033_M/CG033_M_L.csv,/home/wenalz/Documents/Antigravity projects/thermalDFU/IEE data port(original)/ThermoDataBase(IEE data port)/ThermoDataBase/Control Group/CG033_M/CG033_M_L.png,174x68,128x64,INTER_AREA,True,data/processed/arrays/test/CG033_L.npy,data/processed/images/test/CG033_L.png,ok,,8907,22.41,31.301,28.6213,1.6109,0,0
CG033,R,test,Healthy,M,2.6625255248,,/home/wenalz/Documents/Antigravity projects/thermalDFU/IEE data port(original)/ThermoDataBase(IEE data port)/ThermoDataBase/Control Group/CG033_M/CG033_M_R.csv,/home/wenalz/Documents/Antigravity projects/thermalDFU/IEE data port(original)/ThermoDataBase(IEE data port)/ThermoDataBase/Control Group/CG033_M/CG033_M_R.png,169x68,128x64,INTER_AREA,False,data/processed/arrays/test/CG033_R.npy,data/processed/images/test/CG033_R.png,ok,,8541,21.968,31.316,28.5981,1.5227,0,0
CG034,L,test,Healthy,M,1.8993833193,,/home/wenalz/Documents/Antigravity projects/thermalDFU/IEE data port(original)/ThermoDataBase(IEE data port)/ThermoDataBase/Control Group/CG034_M/CG034_M_L.csv,/home/wenalz/Documents/Antigravity projects/thermalDFU/IEE data port(original)/ThermoDataBase(IEE data port)/ThermoDataBase/Control Group/CG034_M/CG034_M_L.png,186x70,128x64,INTER_AREA,True,data/processed/arrays/test/CG034_L.npy,data/processed/images/test/CG034_L.png,ok,,9385,22.602,31.113,28.0626,1.5629,0,0
CG034,R,test,Healthy,M,1.8993833193,,/home/wenalz/Documents/Antigravity projects/thermalDFU/IEE data port(original)/ThermoDataBase(IEE data port)/ThermoDataBase/Control Group/CG034_M/CG034_M_R.csv,/home/wenalz/Documents/Antigravity projects/thermalDFU/IEE data port(original)/ThermoDataBase(IEE data port)/ThermoDataBase/Control Group/CG034_M/CG034_M_R.png,185x72,128x64,INTER_AREA,False,data/processed/arrays/test/CG034_R.npy,data/processed/images/test/CG034_R.png,ok,,9986,21.951,31.772,28.128,1.7344,0,0
CG035,L,train,Healthy,M,1.1083625124,,/home/wenalz/Documents/Antigravity projects/thermalDFU/IEE data port(original)/ThermoDataBase(IEE data port)/ThermoDataBase/Control Group/CG035_M/CG035_M_L.csv,/home/wenalz/Documents/Antigravity projects/thermalDFU/IEE data port(original)/ThermoDataBase(IEE data port)/ThermoDataBase/Control Group/CG035_M/CG035_M_L.png,170x72,128x64,INTER_AREA,True,data/processed/arrays/train/CG035_L.npy,data/processed/images/train/CG035_L.png,ok,,9067,23.555,30.864,27.626,1.7172,0,0
CG035,R,train,Healthy,M,1.1083625124,,/home/wenalz/Documents/Antigravity projects/thermalDFU/IEE data port(original)/ThermoDataBase(IEE data port)/ThermoDataBase/Control Group/CG035_M/CG035_M_R.csv,/home/wenalz/Documents/Antigravity projects/thermalDFU/IEE data port(original)/ThermoDataBase(IEE data port)/ThermoDataBase/Control Group/CG035_M/CG035_M_R.png,168x73,128x64,INTER_AREA,False,data/processed/arrays/train/CG035_R.npy,data/processed/images/train/CG035_R.png,ok,,8911,23.074,30.594,27.1454,1.5142,0,0
CG036,L,train,Healthy,M,0.5374193041,,/home/wenalz/Documents/Antigravity projects/thermalDFU/IEE data port(original)/ThermoDataBase(IEE data port)/ThermoDataBase/Control Group/CG036_M/CG036_M_L.csv,/home/wenalz/Documents/Antigravity projects/thermalDFU/IEE data port(original)/ThermoDataBase(IEE data port)/ThermoDataBase/Control Group/CG036_M/CG036_M_L.png,172x67,128x64,INTER_AREA,True,data/processed/arrays/train/CG036_L.npy,data/processed/images/train/CG036_L.png,ok,,8264,15.977,28.855,25.859,1.744,0,0
CG036,R,train,Healthy,M,0.5374193041,,/home/wenalz/Documents/Antigravity projects/thermalDFU/IEE data port(original)/ThermoDataBase(IEE data port)/ThermoDataBase/Control Group/CG036_M/CG036_M_R.csv,/home/wenalz/Documents/Antigravity projects/thermalDFU/IEE data port(original)/ThermoDataBase(IEE data port)/ThermoDataBase/Control Group/CG036_M/CG036_M_R.png,177x67,128x64,INTER_AREA,False,data/processed/arrays/train/CG036_R.npy,data/processed/images/train/CG036_R.png,ok,,8519,16.954,29.697,26.7615,1.7134,0,0
CG037,L,train,Healthy,M,2.675290385,,/home/wenalz/Documents/Antigravity projects/thermalDFU/IEE data port(original)/ThermoDataBase(IEE data port)/ThermoDataBase/Control Group/CG037_M/CG037_M_L.csv,/home/wenalz/Documents/Antigravity projects/thermalDFU/IEE data port(original)/ThermoDataBase(IEE data port)/ThermoDataBase/Control Group/CG037_M/CG037_M_L.png,164x76,128x64,INTER_AREA,True,data/processed/arrays/train/CG037_L.npy,data/processed/images/train/CG037_L.png,ok,,8035,20.356,31.463,28.6669,0.8769,0,0
CG037,R,train,Healthy,M,2.675290385,,/home/wenalz/Documents/Antigravity projects/thermalDFU/IEE data port(original)/ThermoDataBase(IEE data port)/ThermoDataBase/Control Group/CG037_M/CG037_M_R.csv,/home/wenalz/Documents/Antigravity projects/thermalDFU/IEE data port(original)/ThermoDataBase(IEE data port)/ThermoDataBase/Control Group/CG037_M/CG037_M_R.png,167x71,128x64,INTER_AREA,False,data/processed/arrays/train/CG037_R.npy,data/processed/images/train/CG037_R.png,ok,,8395,21.246,31.372,28.8432,0.967,0,0
CG038,L,train,Healthy,M,0.3824576972,,/home/wenalz/Documents/Antigravity projects/thermalDFU/IEE data port(original)/ThermoDataBase(IEE data port)/ThermoDataBase/Control Group/CG038_M/CG038_M_L.csv,/home/wenalz/Documents/Antigravity projects/thermalDFU/IEE data port(original)/ThermoDataBase(IEE data port)/ThermoDataBase/Control Group/CG038_M/CG038_M_L.png,187x70,128x64,INTER_AREA,True,data/processed/arrays/train/CG038_L.npy,data/processed/images/train/CG038_L.png,ok,,9546,16.224,29.933,26.0918,1.9812,0,0
CG038,R,train,Healthy,M,0.3824576972,,/home/wenalz/Documents/Antigravity projects/thermalDFU/IEE data port(original)/ThermoDataBase(IEE data port)/ThermoDataBase/Control Group/CG038_M/CG038_M_R.csv,/home/wenalz/Documents/Antigravity projects/thermalDFU/IEE data port(original)/ThermoDataBase(IEE data port)/ThermoDataBase/Control Group/CG038_M/CG038_M_R.png,184x69,128x64,INTER_AREA,False,data/processed/arrays/train/CG038_R.npy,data/processed/images/train/CG038_R.png,ok,,9435,18.179,30.077,26.6365,1.7983,0,0
CG039,L,train,Healthy,M,3.226445972,,/home/wenalz/Documents/Antigravity projects/thermalDFU/IEE data port(original)/ThermoDataBase(IEE data port)/ThermoDataBase/Control Group/CG039_M/CG039_M_L.csv,/home/wenalz/Documents/Antigravity projects/thermalDFU/IEE data port(original)/ThermoDataBase(IEE data port)/ThermoDataBase/Control Group/CG039_M/CG039_M_L.png,188x74,128x64,INTER_AREA,True,data/processed/arrays/train/CG039_L.npy,data/processed/images/train/CG039_L.png,ok,,9956,21.508,31.883,29.1238,1.1385,0,0
CG039,R,train,Healthy,M,3.226445972,,/home/wenalz/Documents/Antigravity projects/thermalDFU/IEE data port(original)/ThermoDataBase(IEE data port)/ThermoDataBase/Control Group/CG039_M/CG039_M_R.csv,/home/wenalz/Documents/Antigravity projects/thermalDFU/IEE data port(original)/ThermoDataBase(IEE data port)/ThermoDataBase/Control Group/CG039_M/CG039_M_R.png,191x70,128x64,INTER_AREA,False,data/processed/arrays/train/CG039_R.npy,data/processed/images/train/CG039_R.png,ok,,9917,21.146,33.551,29.6064,1.1722,0,0
CG040,L,train,Healthy,M,2.8594380467,,/home/wenalz/Documents/Antigravity projects/thermalDFU/IEE data port(original)/ThermoDataBase(IEE data port)/ThermoDataBase/Control Group/CG040_M/CG040_M_L.csv,/home/wenalz/Documents/Antigravity projects/thermalDFU/IEE data port(original)/ThermoDataBase(IEE data port)/ThermoDataBase/Control Group/CG040_M/CG040_M_L.png,141x55,128x64,INTER_AREA,True,data/processed/arrays/train/CG040_L.npy,data/processed/images/train/CG040_L.png,ok,,5600,26.054,31.56,28.9686,1.235,0,0
CG040,R,train,Healthy,M,2.8594380467,,/home/wenalz/Documents/Antigravity projects/thermalDFU/IEE data port(original)/ThermoDataBase(IEE data port)/ThermoDataBase/Control Group/CG040_M/CG040_M_R.csv,/home/wenalz/Documents/Antigravity projects/thermalDFU/IEE data port(original)/ThermoDataBase(IEE data port)/ThermoDataBase/Control Group/CG040_M/CG040_M_R.png,142x56,128x64,INTER_AREA,False,data/processed/arrays/train/CG040_R.npy,data/processed/images/train/CG040_R.png,ok,,5917,25.231,31.332,28.7378,1.2612,0,0
CG041,L,train,Healthy,F,1.2354984247,,/home/wenalz/Documents/Antigravity projects/thermalDFU/IEE data port(original)/ThermoDataBase(IEE data port)/ThermoDataBase/Control Group/CG041_F/CG041_F_L.csv,/home/wenalz/Documents/Antigravity projects/thermalDFU/IEE data port(original)/ThermoDataBase(IEE data port)/ThermoDataBase/Control Group/CG041_F/CG041_F_L.png,141x59,128x64,INTER_AREA,True,data/processed/arrays/train/CG041_L.npy,data/processed/images/train/CG041_L.png,ok,,5723,23.637,30.256,27.6131,1.1331,0,0
CG041,R,train,Healthy,F,1.2354984247,,/home/wenalz/Documents/Antigravity projects/thermalDFU/IEE data port(original)/ThermoDataBase(IEE data port)/ThermoDataBase/Control Group/CG041_F/CG041_F_R.csv,/home/wenalz/Documents/Antigravity projects/thermalDFU/IEE data port(original)/ThermoDataBase(IEE data port)/ThermoDataBase/Control Group/CG041_F/CG041_F_R.png,135x56,128x64,INTER_AREA,False,data/processed/arrays/train/CG041_R.npy,data/processed/images/train/CG041_R.png,ok,,5542,22.36,29.764,27.1088,1.134,0,0
CG042,L,val,Healthy,F,0.3572143183,,/home/wenalz/Documents/Antigravity projects/thermalDFU/IEE data port(original)/ThermoDataBase(IEE data port)/ThermoDataBase/Control Group/CG042_F/CG042_F_L.csv,/home/wenalz/Documents/Antigravity projects/thermalDFU/IEE data port(original)/ThermoDataBase(IEE data port)/ThermoDataBase/Control Group/CG042_F/CG042_F_L.png,167x77,128x64,INTER_AREA,True,data/processed/arrays/val/CG042_L.npy,data/processed/images/val/CG042_L.png,ok,,8746,19.588,28.413,25.7335,1.0837,0,0
CG042,R,val,Healthy,F,0.3572143183,,/home/wenalz/Documents/Antigravity projects/thermalDFU/IEE data port(original)/ThermoDataBase(IEE data port)/ThermoDataBase/Control Group/CG042_F/CG042_F_R.csv,/home/wenalz/Documents/Antigravity projects/thermalDFU/IEE data port(original)/ThermoDataBase(IEE data port)/ThermoDataBase/Control Group/CG042_F/CG042_F_R.png,176x71,128x64,INTER_AREA,False,data/processed/arrays/val/CG042_R.npy,data/processed/images/val/CG042_R.png,ok,,9068,20.844,28.189,25.6581,1.1666,0,0
CG043,L,train,Healthy,M,1.1047647852,,/home/wenalz/Documents/Antigravity projects/thermalDFU/IEE data port(original)/ThermoDataBase(IEE data port)/ThermoDataBase/Control Group/CG043_M/CG043_M_L.csv,/home/wenalz/Documents/Antigravity projects/thermalDFU/IEE data port(original)/ThermoDataBase(IEE data port)/ThermoDataBase/Control Group/CG043_M/CG043_M_L.png,138x59,128x64,INTER_AREA,True,data/processed/arrays/train/CG043_L.npy,data/processed/images/train/CG043_L.png,ok,,5797,19.819,28.31,24.4662,1.997,0,0
CG043,R,train,Healthy,M,1.1047647852,,/home/wenalz/Documents/Antigravity projects/thermalDFU/IEE data port(original)/ThermoDataBase(IEE data port)/ThermoDataBase/Control Group/CG043_M/CG043_M_R.csv,/home/wenalz/Documents/Antigravity projects/thermalDFU/IEE data port(original)/ThermoDataBase(IEE data port)/ThermoDataBase/Control Group/CG043_M/CG043_M_R.png,139x60,128x64,INTER_AREA,False,data/processed/arrays/train/CG043_R.npy,data/processed/images/train/CG043_R.png,ok,,6112,20.297,28.761,24.8713,2.1418,0,0
CG044,L,train,Healthy,F,3.6910020391,,/home/wenalz/Documents/Antigravity projects/thermalDFU/IEE data port(original)/ThermoDataBase(IEE data port)/ThermoDataBase/Control Group/CG044_F/CG044_F_L.csv,/home/wenalz/Documents/Antigravity projects/thermalDFU/IEE data port(original)/ThermoDataBase(IEE data port)/ThermoDataBase/Control Group/CG044_F/CG044_F_L.png,120x58,128x64,INTER_LINEAR,True,data/processed/arrays/train/CG044_L.npy,data/processed/images/train/CG044_L.png,ok,,4873,18.844,25.245,22.0288,1.5273,0,0
CG044,R,train,Healthy,F,3.6910020391,,/home/wenalz/Documents/Antigravity projects/thermalDFU/IEE data port(original)/ThermoDataBase(IEE data port)/ThermoDataBase/Control Group/CG044_F/CG044_F_R.csv,/home/wenalz/Documents/Antigravity projects/thermalDFU/IEE data port(original)/ThermoDataBase(IEE data port)/ThermoDataBase/Control Group/CG044_F/CG044_F_R.png,117x59,128x64,INTER_LINEAR,False,data/processed/arrays/train/CG044_R.npy,data/processed/images/train/CG044_R.png,ok,,5038,19.077,25.773,22.3876,1.6643,0,0
CG045,L,train,Healthy,M,2.6793253423,,/home/wenalz/Documents/Antigravity projects/thermalDFU/IEE data port(original)/ThermoDataBase(IEE data port)/ThermoDataBase/Control Group/CG045_M/CG045_M_L.csv,/home/wenalz/Documents/Antigravity projects/thermalDFU/IEE data port(original)/ThermoDataBase(IEE data port)/ThermoDataBase/Control Group/CG045_M/CG045_M_L.png,156x67,128x64,INTER_AREA,True,data/processed/arrays/train/CG045_L.npy,data/processed/images/train/CG045_L.png,ok,,7961,25.437,30.769,28.5192,1.0941,0,0
CG045,R,train,Healthy,M,2.6793253423,,/home/wenalz/Documents/Antigravity projects/thermalDFU/IEE data port(original)/ThermoDataBase(IEE data port)/ThermoDataBase/Control Group/CG045_M/CG045_M_R.csv,/home/wenalz/Documents/Antigravity projects/thermalDFU/IEE data port(original)/ThermoDataBase(IEE data port)/ThermoDataBase/Control Group/CG045_M/CG045_M_R.png,160x66,128x64,INTER_AREA,False,data/processed/arrays/train/CG045_R.npy,data/processed/images/train/CG045_R.png,ok,,7878,25.698,31.603,29.0387,1.1138,0,0
DM001,L,train,DM_Grade4,M,6.2564701806,4.0,/home/wenalz/Documents/Antigravity projects/thermalDFU/IEE data port(original)/ThermoDataBase(IEE data port)/ThermoDataBase/DM Group/DM001_M/DM001_M_L.csv,/home/wenalz/Documents/Antigravity projects/thermalDFU/IEE data port(original)/ThermoDataBase(IEE data port)/ThermoDataBase/DM Group/DM001_M/DM001_M_L.png,148x57,128x64,INTER_AREA,True,data/processed/arrays/train/DM001_L.npy,data/processed/images/train/DM001_L.png,ok,,6379,27.927,34.457,32.0944,0.6946,0,0
DM001,R,train,DM_Grade4,M,6.2564701806,4.0,/home/wenalz/Documents/Antigravity projects/thermalDFU/IEE data port(original)/ThermoDataBase(IEE data port)/ThermoDataBase/DM Group/DM001_M/DM001_M_R.csv,/home/wenalz/Documents/Antigravity projects/thermalDFU/IEE data port(original)/ThermoDataBase(IEE data port)/ThermoDataBase/DM Group/DM001_M/DM001_M_R.png,148x56,128x64,INTER_AREA,False,data/processed/arrays/train/DM001_R.npy,data/processed/images/train/DM001_R.png,ok,,6427,30.067,34.398,32.4709,0.7274,0,0
DM002,L,val,DM_Grade0,M,0.6530366543,0.0,/home/wenalz/Documents/Antigravity projects/thermalDFU/IEE data port(original)/ThermoDataBase(IEE data port)/ThermoDataBase/DM Group/DM002_M/DM002_M_L.csv,/home/wenalz/Documents/Antigravity projects/thermalDFU/IEE data port(original)/ThermoDataBase(IEE data port)/ThermoDataBase/DM Group/DM002_M/DM002_M_L.png,128x55,128x64,INTER_LINEAR,True,data/processed/arrays/val/DM002_L.npy,data/processed/images/val/DM002_L.png,ok,,5011,19.428,29.011,26.3333,1.3371,0,0
DM002,R,val,DM_Grade0,M,0.6530366543,0.0,/home/wenalz/Documents/Antigravity projects/thermalDFU/IEE data port(original)/ThermoDataBase(IEE data port)/ThermoDataBase/DM Group/DM002_M/DM002_M_R.csv,/home/wenalz/Documents/Antigravity projects/thermalDFU/IEE data port(original)/ThermoDataBase(IEE data port)/ThermoDataBase/DM Group/DM002_M/DM002_M_R.png,135x54,128x64,INTER_AREA,False,data/processed/arrays/val/DM002_R.npy,data/processed/images/val/DM002_R.png,ok,,5115,19.331,29.529,26.9933,1.3147,0,0
DM003,L,train,DM_Grade1,F,1.7183186813,1.0,/home/wenalz/Documents/Antigravity projects/thermalDFU/IEE data port(original)/ThermoDataBase(IEE data port)/ThermoDataBase/DM Group/DM003_F/DM003_F_L.csv,/home/wenalz/Documents/Antigravity projects/thermalDFU/IEE data port(original)/ThermoDataBase(IEE data port)/ThermoDataBase/DM Group/DM003_F/DM003_F_L.png,133x73,128x64,INTER_AREA,True,data/processed/arrays/train/DM003_L.npy,data/processed/images/train/DM003_L.png,ok,,7086,24.704,29.382,27.1862,0.9308,0,0
DM003,R,train,DM_Grade1,F,1.7183186813,1.0,/home/wenalz/Documents/Antigravity projects/thermalDFU/IEE data port(original)/ThermoDataBase(IEE data port)/ThermoDataBase/DM Group/DM003_F/DM003_F_R.csv,/home/wenalz/Documents/Antigravity projects/thermalDFU/IEE data port(original)/ThermoDataBase(IEE data port)/ThermoDataBase/DM Group/DM003_F/DM003_F_R.png,141x74,128x64,INTER_AREA,False,data/processed/arrays/train/DM003_R.npy,data/processed/images/train/DM003_R.png,ok,,7807,24.995,30.354,28.0397,1.0857,0,0
DM004,L,train,DM_Grade4,M,5.3966387673,4.0,/home/wenalz/Documents/Antigravity projects/thermalDFU/IEE data port(original)/ThermoDataBase(IEE data port)/ThermoDataBase/DM Group/DM004_M/DM004_M_L.csv,/home/wenalz/Documents/Antigravity projects/thermalDFU/IEE data port(original)/ThermoDataBase(IEE data port)/ThermoDataBase/DM Group/DM004_M/DM004_M_L.png,162x77,128x64,INTER_AREA,True,data/processed/arrays/train/DM004_L.npy,data/processed/images/train/DM004_L.png,ok,,8788,25.793,32.713,30.7055,1.0825,0,0
DM004,R,train,DM_Grade4,M,5.3966387673,4.0,/home/wenalz/Documents/Antigravity projects/thermalDFU/IEE data port(original)/ThermoDataBase(IEE data port)/ThermoDataBase/DM Group/DM004_M/DM004_M_R.csv,/home/wenalz/Documents/Antigravity projects/thermalDFU/IEE data port(original)/ThermoDataBase(IEE data port)/ThermoDataBase/DM Group/DM004_M/DM004_M_R.png,154x75,128x64,INTER_AREA,False,data/processed/arrays/train/DM004_R.npy,data/processed/images/train/DM004_R.png,ok,,8045,28.704,34.181,32.3222,0.7394,0,0
DM005,L,train,DM_Grade1,M,1.2510862915,1.0,/home/wenalz/Documents/Antigravity projects/thermalDFU/IEE data port(original)/ThermoDataBase(IEE data port)/ThermoDataBase/DM Group/DM005_M/DM005_M_L.csv,/home/wenalz/Documents/Antigravity projects/thermalDFU/IEE data port(original)/ThermoDataBase(IEE data port)/ThermoDataBase/DM Group/DM005_M/DM005_M_L.png,172x68,128x64,INTER_AREA,True,data/processed/arrays/train/DM005_L.npy,data/processed/images/train/DM005_L.png,ok,,8498,20.356,28.465,25.3562,1.2607,0,0
DM005,R,train,DM_Grade1,M,1.2510862915,1.0,/home/wenalz/Documents/Antigravity projects/thermalDFU/IEE data port(original)/ThermoDataBase(IEE data port)/ThermoDataBase/DM Group/DM005_M/DM005_M_R.csv,/home/wenalz/Documents/Antigravity projects/thermalDFU/IEE data port(original)/ThermoDataBase(IEE data port)/ThermoDataBase/DM Group/DM005_M/DM005_M_R.png,180x70,128x64,INTER_AREA,False,data/processed/arrays/train/DM005_R.npy,data/processed/images/train/DM005_R.png,ok,,9149,20.883,27.008,24.4835,1.1892,0,0
DM006,L,train,DM_Grade4,F,7.2271395979,4.0,/home/wenalz/Documents/Antigravity projects/thermalDFU/IEE data port(original)/ThermoDataBase(IEE data port)/ThermoDataBase/DM Group/DM006_F/DM006_F_L.csv,/home/wenalz/Documents/Antigravity projects/thermalDFU/IEE data port(original)/ThermoDataBase(IEE data port)/ThermoDataBase/DM Group/DM006_F/DM006_F_L.png,148x65,128x64,INTER_AREA,True,data/processed/arrays/train/DM006_L.npy,data/processed/images/train/DM006_L.png,ok,,7003,31.463,35.767,33.6087,0.6254,0,136
DM006,R,train,DM_Grade4,F,7.2271395979,4.0,/home/wenalz/Documents/Antigravity projects/thermalDFU/IEE data port(original)/ThermoDataBase(IEE data port)/ThermoDataBase/DM Group/DM006_F/DM006_F_R.csv,/home/wenalz/Documents/Antigravity projects/thermalDFU/IEE data port(original)/ThermoDataBase(IEE data port)/ThermoDataBase/DM Group/DM006_F/DM006_F_R.png,149x67,128x64,INTER_AREA,False,data/processed/arrays/train/DM006_R.npy,data/processed/images/train/DM006_R.png,ok,,7361,29.995,35.733,33.0369,0.7511,0,55
DM007,L,val,DM_Grade2,F,2.2317097745,2.0,/home/wenalz/Documents/Antigravity projects/thermalDFU/IEE data port(original)/ThermoDataBase(IEE data port)/ThermoDataBase/DM Group/DM007_F/DM007_F_L.csv,/home/wenalz/Documents/Antigravity projects/thermalDFU/IEE data port(original)/ThermoDataBase(IEE data port)/ThermoDataBase/DM Group/DM007_F/DM007_F_L.png,150x69,128x64,INTER_AREA,True,data/processed/arrays/val/DM007_L.npy,data/processed/images/val/DM007_L.png,ok,,7603,24.575,29.902,27.5313,0.9684,0,0
DM007,R,val,DM_Grade2,F,2.2317097745,2.0,/home/wenalz/Documents/Antigravity projects/thermalDFU/IEE data port(original)/ThermoDataBase(IEE data port)/ThermoDataBase/DM Group/DM007_F/DM007_F_R.csv,/home/wenalz/Documents/Antigravity projects/thermalDFU/IEE data port(original)/ThermoDataBase(IEE data port)/ThermoDataBase/DM Group/DM007_F/DM007_F_R.png,155x69,128x64,INTER_AREA,False,data/processed/arrays/val/DM007_R.npy,data/processed/images/val/DM007_R.png,ok,,7735,25.333,30.976,29.0916,0.9193,0,0
DM008,L,train,DM_Grade3,M,4.5603306148,3.0,/home/wenalz/Documents/Antigravity projects/thermalDFU/IEE data port(original)/ThermoDataBase(IEE data port)/ThermoDataBase/DM Group/DM008_M/DM008_M_L.csv,/home/wenalz/Documents/Antigravity projects/thermalDFU/IEE data port(original)/ThermoDataBase(IEE data port)/ThermoDataBase/DM Group/DM008_M/DM008_M_L.png,176x73,128x64,INTER_AREA,True,data/processed/arrays/train/DM008_L.npy,data/processed/images/train/DM008_L.png,ok,,9095,27.198,33.123,30.0739,1.0711,0,0
DM008,R,train,DM_Grade3,M,4.5603306148,3.0,/home/wenalz/Documents/Antigravity projects/thermalDFU/IEE data port(original)/ThermoDataBase(IEE data port)/ThermoDataBase/DM Group/DM008_M/DM008_M_R.csv,/home/wenalz/Documents/Antigravity projects/thermalDFU/IEE data port(original)/ThermoDataBase(IEE data port)/ThermoDataBase/DM Group/DM008_M/DM008_M_R.png,165x73,128x64,INTER_AREA,False,data/processed/arrays/train/DM008_R.npy,data/processed/images/train/DM008_R.png,ok,,8582,28.932,35.018,31.6039,1.1788,0,1
DM009,L,train,DM_Grade3,F,3.8255470477,3.0,/home/wenalz/Documents/Antigravity projects/thermalDFU/IEE data port(original)/ThermoDataBase(IEE data port)/ThermoDataBase/DM Group/DM009_F/DM009_F_L.csv,/home/wenalz/Documents/Antigravity projects/thermalDFU/IEE data port(original)/ThermoDataBase(IEE data port)/ThermoDataBase/DM Group/DM009_F/DM009_F_L.png,140x72,128x64,INTER_AREA,True,data/processed/arrays/train/DM009_L.npy,data/processed/images/train/DM009_L.png,ok,,7035,27.655,31.701,30.0819,0.7467,0,0
DM009,R,train,DM_Grade3,F,3.8255470477,3.0,/home/wenalz/Documents/Antigravity projects/thermalDFU/IEE data port(original)/ThermoDataBase(IEE data port)/ThermoDataBase/DM Group/DM009_F/DM009_F_R.csv,/home/wenalz/Documents/Antigravity projects/thermalDFU/IEE data port(original)/ThermoDataBase(IEE data port)/ThermoDataBase/DM Group/DM009_F/DM009_F_R.png,141x72,128x64,INTER_AREA,False,data/processed/arrays/train/DM009_R.npy,data/processed/images/train/DM009_R.png,ok,,7376,27.229,31.918,29.7298,0.8342,0,0
DM010,L,train,DM_Grade4,M,8.3750686176,4.0,/home/wenalz/Documents/Antigravity projects/thermalDFU/IEE data port(original)/ThermoDataBase(IEE data port)/ThermoDataBase/DM Group/DM010_M/DM010_M_L.csv,/home/wenalz/Documents/Antigravity projects/thermalDFU/IEE data port(original)/ThermoDataBase(IEE data port)/ThermoDataBase/DM Group/DM010_M/DM010_M_L.png,154x72,128x64,INTER_AREA,True,data/processed/arrays/train/DM010_L.npy,data/processed/images/train/DM010_L.png,ok,,7811,30.256,35.547,34.3066,0.614,0,1189
DM010,R,train,DM_Grade4,M,8.3750686176,4.0,/home/wenalz/Documents/Antigravity projects/thermalDFU/IEE data port(original)/ThermoDataBase(IEE data port)/ThermoDataBase/DM Group/DM010_M/DM010_M_R.csv,/home/wenalz/Documents/Antigravity projects/thermalDFU/IEE data port(original)/ThermoDataBase(IEE data port)/ThermoDataBase/DM Group/DM010_M/DM010_M_R.png,150x73,128x64,INTER_AREA,False,data/processed/arrays/train/DM010_R.npy,data/processed/images/train/DM010_R.png,ok,,7717,30.747,35.889,34.6978,0.5753,0,2602
DM011,L,val,DM_Grade4,F,5.6984041511,4.0,/home/wenalz/Documents/Antigravity projects/thermalDFU/IEE data port(original)/ThermoDataBase(IEE data port)/ThermoDataBase/DM Group/DM011_F/DM011_F_L.csv,/home/wenalz/Documents/Antigravity projects/thermalDFU/IEE data port(original)/ThermoDataBase(IEE data port)/ThermoDataBase/DM Group/DM011_F/DM011_F_L.png,138x74,128x64,INTER_AREA,True,data/processed/arrays/val/DM011_L.npy,data/processed/images/val/DM011_L.png,ok,,7427,29.253,33.824,31.8625,0.7455,0,0
DM011,R,val,DM_Grade4,F,5.6984041511,4.0,/home/wenalz/Documents/Antigravity projects/thermalDFU/IEE data port(original)/ThermoDataBase(IEE data port)/ThermoDataBase/DM Group/DM011_F/DM011_F_R.csv,/home/wenalz/Documents/Antigravity projects/thermalDFU/IEE data port(original)/ThermoDataBase(IEE data port)/ThermoDataBase/DM Group/DM011_F/DM011_F_R.png,132x71,128x64,INTER_AREA,False,data/processed/arrays/val/DM011_R.npy,data/processed/images/val/DM011_R.png,ok,,6924,29.263,34.27,31.6938,0.746,0,0
DM012,L,train,DM_Grade4,F,6.2466512718,4.0,/home/wenalz/Documents/Antigravity projects/thermalDFU/IEE data port(original)/ThermoDataBase(IEE data port)/ThermoDataBase/DM Group/DM012_F/DM012_F_L.csv,/home/wenalz/Documents/Antigravity projects/thermalDFU/IEE data port(original)/ThermoDataBase(IEE data port)/ThermoDataBase/DM Group/DM012_F/DM012_F_L.png,159x70,128x64,INTER_AREA,True,data/processed/arrays/train/DM012_L.npy,data/processed/images/train/DM012_L.png,ok,,8126,29.722,34.979,32.8102,0.7117,0,0
DM012,R,train,DM_Grade4,F,6.2466512718,4.0,/home/wenalz/Documents/Antigravity projects/thermalDFU/IEE data port(original)/ThermoDataBase(IEE data port)/ThermoDataBase/DM Group/DM012_F/DM012_F_R.csv,/home/wenalz/Documents/Antigravity projects/thermalDFU/IEE data port(original)/ThermoDataBase(IEE data port)/ThermoDataBase/DM Group/DM012_F/DM012_F_R.png,174x73,128x64,INTER_AREA,False,data/processed/arrays/train/DM012_R.npy,data/processed/images/train/DM012_R.png,ok,,9317,29.522,34.635,32.0829,0.8786,0,0
DM013,L,train,DM_Grade1,F,1.8002077712,1.0,/home/wenalz/Documents/Antigravity projects/thermalDFU/IEE data port(original)/ThermoDataBase(IEE data port)/ThermoDataBase/DM Group/DM013_F/DM013_F_L.csv,/home/wenalz/Documents/Antigravity projects/thermalDFU/IEE data port(original)/ThermoDataBase(IEE data port)/ThermoDataBase/DM Group/DM013_F/DM013_F_L.png,145x71,128x64,INTER_AREA,True,data/processed/arrays/train/DM013_L.npy,data/processed/images/train/DM013_L.png,ok,,7525,23.293,30.93,27.4671,1.6711,0,0
DM013,R,train,DM_Grade1,F,1.8002077712,1.0,/home/wenalz/Documents/Antigravity projects/thermalDFU/IEE data port(original)/ThermoDataBase(IEE data port)/ThermoDataBase/DM Group/DM013_F/DM013_F_R.csv,/home/wenalz/Documents/Antigravity projects/thermalDFU/IEE data port(original)/ThermoDataBase(IEE data port)/ThermoDataBase/DM Group/DM013_F/DM013_F_R.png,145x67,128x64,INTER_AREA,False,data/processed/arrays/train/DM013_R.npy,data/processed/images/train/DM013_R.png,ok,,7309,24.375,31.23,28.0623,1.5378,0,0
DM014,L,train,DM_Grade4,F,6.0343789404,4.0,/home/wenalz/Documents/Antigravity projects/thermalDFU/IEE data port(original)/ThermoDataBase(IEE data port)/ThermoDataBase/DM Group/DM014_F/DM014_F_L.csv,/home/wenalz/Documents/Antigravity projects/thermalDFU/IEE data port(original)/ThermoDataBase(IEE data port)/ThermoDataBase/DM Group/DM014_F/DM014_F_L.png,143x71,128x64,INTER_AREA,True,data/processed/arrays/train/DM014_L.npy,data/processed/images/train/DM014_L.png,ok,,7432,27.487,34.285,31.7006,0.7742,0,0
DM014,R,train,DM_Grade4,F,6.0343789404,4.0,/home/wenalz/Documents/Antigravity projects/thermalDFU/IEE data port(original)/ThermoDataBase(IEE data port)/ThermoDataBase/DM Group/DM014_F/DM014_F_R.csv,/home/wenalz/Documents/Antigravity projects/thermalDFU/IEE data port(original)/ThermoDataBase(IEE data port)/ThermoDataBase/DM Group/DM014_F/DM014_F_R.png,153x73,128x64,INTER_AREA,False,data/processed/arrays/train/DM014_R.npy,data/processed/images/train/DM014_R.png,ok,,8341,28.953,33.874,32.3871,0.6582,0,0
DM015,L,test,DM_Grade4,M,7.6783791789,4.0,/home/wenalz/Documents/Antigravity projects/thermalDFU/IEE data port(original)/ThermoDataBase(IEE data port)/ThermoDataBase/DM Group/DM015_M/DM015_M_L.csv,/home/wenalz/Documents/Antigravity projects/thermalDFU/IEE data port(original)/ThermoDataBase(IEE data port)/ThermoDataBase/DM Group/DM015_M/DM015_M_L.png,141x77,128x64,INTER_AREA,True,data/processed/arrays/test/DM015_L.npy,data/processed/images/test/DM015_L.png,ok,,7345,31.032,36.001,33.7065,0.7124,0,212
DM015,R,test,DM_Grade4,M,7.6783791789,4.0,/home/wenalz/Documents/Antigravity projects/thermalDFU/IEE data port(original)/ThermoDataBase(IEE data port)/ThermoDataBase/DM Group/DM015_M/DM015_M_R.csv,/home/wenalz/Documents/Antigravity projects/thermalDFU/IEE data port(original)/ThermoDataBase(IEE data port)/ThermoDataBase/DM Group/DM015_M/DM015_M_R.png,124x77,128x64,INTER_AREA,False,data/processed/arrays/test/DM015_R.npy,data/processed/images/test/DM015_R.png,ok,,6606,31.554,35.991,33.9025,0.7079,0,269
DM016,L,train,DM_Grade4,F,6.9163325117,4.0,/home/wenalz/Documents/Antigravity projects/thermalDFU/IEE data port(original)/ThermoDataBase(IEE data port)/ThermoDataBase/DM Group/DM016_F/DM016_F_L.csv,/home/wenalz/Documents/Antigravity projects/thermalDFU/IEE data port(original)/ThermoDataBase(IEE data port)/ThermoDataBase/DM Group/DM016_F/DM016_F_L.png,138x66,128x64,INTER_AREA,True,data/processed/arrays/train/DM016_L.npy,data/processed/images/train/DM016_L.png,ok,,6523,30.619,34.605,33.0467,0.6362,0,0
DM016,R,train,DM_Grade4,F,6.9163325117,4.0,/home/wenalz/Documents/Antigravity projects/thermalDFU/IEE data port(original)/ThermoDataBase(IEE data port)/ThermoDataBase/DM Group/DM016_F/DM016_F_R.csv,/home/wenalz/Documents/Antigravity projects/thermalDFU/IEE data port(original)/ThermoDataBase(IEE data port)/ThermoDataBase/DM Group/DM016_F/DM016_F_R.png,130x69,128x64,INTER_AREA,False,data/processed/arrays/train/DM016_R.npy,data/processed/images/train/DM016_R.png,ok,,6251,29.861,34.861,32.7819,0.7347,0,0
DM017,L,train,DM_Grade3,F,4.6625790499,3.0,/home/wenalz/Documents/Antigravity projects/thermalDFU/IEE data port(original)/ThermoDataBase(IEE data port)/ThermoDataBase/DM Group/DM017_F/DM017_F_L.csv,/home/wenalz/Documents/Antigravity projects/thermalDFU/IEE data port(original)/ThermoDataBase(IEE data port)/ThermoDataBase/DM Group/DM017_F/DM017_F_L.png,136x63,128x64,INTER_AREA,True,data/processed/arrays/train/DM017_L.npy,data/processed/images/train/DM017_L.png,ok,,6248,26.585,34.295,30.7107,1.5926,0,0
DM017,R,train,DM_Grade3,F,4.6625790499,3.0,/home/wenalz/Documents/Antigravity projects/thermalDFU/IEE data port(original)/ThermoDataBase(IEE data port)/ThermoDataBase/DM Group/DM017_F/DM017_F_R.csv,/home/wenalz/Documents/Antigravity projects/thermalDFU/IEE data port(original)/ThermoDataBase(IEE data port)/ThermoDataBase/DM Group/DM017_F/DM017_F_R.png,139x63,128x64,INTER_AREA,False,data/processed/arrays/train/DM017_R.npy,data/processed/images/train/DM017_R.png,ok,,6267,27.498,34.492,31.0547,1.3844,0,0
DM018,L,val,DM_Grade2,M,2.3509759338,2.0,/home/wenalz/Documents/Antigravity projects/thermalDFU/IEE data port(original)/ThermoDataBase(IEE data port)/ThermoDataBase/DM Group/DM018_M/DM018_M_L.csv,/home/wenalz/Documents/Antigravity projects/thermalDFU/IEE data port(original)/ThermoDataBase(IEE data port)/ThermoDataBase/DM Group/DM018_M/DM018_M_L.png,136x68,128x64,INTER_AREA,True,data/processed/arrays/val/DM018_L.npy,data/processed/images/val/DM018_L.png,ok,,7081,23.566,29.825,26.7694,1.3013,0,0
DM018,R,val,DM_Grade2,M,2.3509759338,2.0,/home/wenalz/Documents/Antigravity projects/thermalDFU/IEE data port(original)/ThermoDataBase(IEE data port)/ThermoDataBase/DM Group/DM018_M/DM018_M_R.csv,/home/wenalz/Documents/Antigravity projects/thermalDFU/IEE data port(original)/ThermoDataBase(IEE data port)/ThermoDataBase/DM Group/DM018_M/DM018_M_R.png,130x67,128x64,INTER_AREA,False,data/processed/arrays/val/DM018_R.npy,data/processed/images/val/DM018_R.png,ok,,6369,27.171,31.448,29.7029,0.7835,0,0
DM019,L,train,DM_Grade4,F,5.2284853762,4.0,/home/wenalz/Documents/Antigravity projects/thermalDFU/IEE data port(original)/ThermoDataBase(IEE data port)/ThermoDataBase/DM Group/DM019_F/DM019_F_L.csv,/home/wenalz/Documents/Antigravity projects/thermalDFU/IEE data port(original)/ThermoDataBase(IEE data port)/ThermoDataBase/DM Group/DM019_F/DM019_F_L.png,117x67,128x64,INTER_AREA,True,data/processed/arrays/train/DM019_L.npy,data/processed/images/train/DM019_L.png,ok,,5510,28.673,34.635,31.6915,0.9406,0,0
DM019,R,train,DM_Grade4,F,5.2284853762,4.0,/home/wenalz/Documents/Antigravity projects/thermalDFU/IEE data port(original)/ThermoDataBase(IEE data port)/ThermoDataBase/DM Group/DM019_F/DM019_F_R.csv,/home/wenalz/Documents/Antigravity projects/thermalDFU/IEE data port(original)/ThermoDataBase(IEE data port)/ThermoDataBase/DM Group/DM019_F/DM019_F_R.png,119x65,128x64,INTER_AREA,False,data/processed/arrays/train/DM019_R.npy,data/processed/images/train/DM019_R.png,ok,,5592,28.335,33.715,31.0898,1.0637,0,0
DM020,L,test,DM_Grade3,F,3.991893743,3.0,/home/wenalz/Documents/Antigravity projects/thermalDFU/IEE data port(original)/ThermoDataBase(IEE data port)/ThermoDataBase/DM Group/DM020_F/DM020_F_L.csv,/home/wenalz/Documents/Antigravity projects/thermalDFU/IEE data port(original)/ThermoDataBase(IEE data port)/ThermoDataBase/DM Group/DM020_F/DM020_F_L.png,110x59,128x64,INTER_LINEAR,True,data/processed/arrays/test/DM020_L.npy,data/processed/images/test/DM020_L.png,ok,,4439,26.453,32.512,29.9549,0.9493,0,0
DM020,R,test,DM_Grade3,F,3.991893743,3.0,/home/wenalz/Documents/Antigravity projects/thermalDFU/IEE data port(original)/ThermoDataBase(IEE data port)/ThermoDataBase/DM Group/DM020_F/DM020_F_R.csv,/home/wenalz/Documents/Antigravity projects/thermalDFU/IEE data port(original)/ThermoDataBase(IEE data port)/ThermoDataBase/DM Group/DM020_F/DM020_F_R.png,106x58,128x64,INTER_LINEAR,False,data/processed/arrays/test/DM020_R.npy,data/processed/images/test/DM020_R.png,ok,,4315,27.922,31.984,29.8887,0.8512,0,0
DM021,L,train,DM_Grade3,F,4.3452332765,3.0,/home/wenalz/Documents/Antigravity projects/thermalDFU/IEE data port(original)/ThermoDataBase(IEE data port)/ThermoDataBase/DM Group/DM021_F/DM021_F_L.csv,/home/wenalz/Documents/Antigravity projects/thermalDFU/IEE data port(original)/ThermoDataBase(IEE data port)/ThermoDataBase/DM Group/DM021_F/DM021_F_L.png,106x54,128x64,INTER_LINEAR,True,data/processed/arrays/train/DM021_L.npy,data/processed/images/train/DM021_L.png,ok,,4058,26.68,31.893,29.7591,0.8615,0,0
DM021,R,train,DM_Grade3,F,4.3452332765,3.0,/home/wenalz/Documents/Antigravity projects/thermalDFU/IEE data port(original)/ThermoDataBase(IEE data port)/ThermoDataBase/DM Group/DM021_F/DM021_F_R.csv,/home/wenalz/Documents/Antigravity projects/thermalDFU/IEE data port(original)/ThermoDataBase(IEE data port)/ThermoDataBase/DM Group/DM021_F/DM021_F_R.png,106x55,128x64,INTER_LINEAR,False,data/processed/arrays/train/DM021_R.npy,data/processed/images/train/DM021_R.png,ok,,4145,28.87,33.083,31.084,0.7438,0,0
DM022,L,train,DM_Grade3,F,4.3445561823,3.0,/home/wenalz/Documents/Antigravity projects/thermalDFU/IEE data port(original)/ThermoDataBase(IEE data port)/ThermoDataBase/DM Group/DM022_F/DM022_F_L.csv,/home/wenalz/Documents/Antigravity projects/thermalDFU/IEE data port(original)/ThermoDataBase(IEE data port)/ThermoDataBase/DM Group/DM022_F/DM022_F_L.png,144x56,128x64,INTER_AREA,True,data/processed/arrays/train/DM022_L.npy,data/processed/images/train/DM022_L.png,ok,,5958,27.723,33.506,30.7007,1.0141,0,0
DM022,R,train,DM_Grade3,F,4.3445561823,3.0,/home/wenalz/Documents/Antigravity projects/thermalDFU/IEE data port(original)/ThermoDataBase(IEE data port)/ThermoDataBase/DM Group/DM022_F/DM022_F_R.csv,/home/wenalz/Documents/Antigravity projects/thermalDFU/IEE data port(original)/ThermoDataBase(IEE data port)/ThermoDataBase/DM Group/DM022_F/DM022_F_R.png,137x59,128x64,INTER_AREA,False,data/processed/arrays/train/DM022_R.npy,data/processed/images/train/DM022_R.png,ok,,5718,26.844,33.869,30.7212,1.525,0,0
DM023,L,train,DM_Grade3,F,3.4629534704,3.0,/home/wenalz/Documents/Antigravity projects/thermalDFU/IEE data port(original)/ThermoDataBase(IEE data port)/ThermoDataBase/DM Group/DM023_F/DM023_F_L.csv,/home/wenalz/Documents/Antigravity projects/thermalDFU/IEE data port(original)/ThermoDataBase(IEE data port)/ThermoDataBase/DM Group/DM023_F/DM023_F_L.png,165x68,128x64,INTER_AREA,True,data/processed/arrays/train/DM023_L.npy,data/processed/images/train/DM023_L.png,ok,,8189,25.28,33.566,30.4584,1.579,0,0
DM023,R,train,DM_Grade3,F,3.4629534704,3.0,/home/wenalz/Documents/Antigravity projects/thermalDFU/IEE data port(original)/ThermoDataBase(IEE data port)/ThermoDataBase/DM Group/DM023_F/DM023_F_R.csv,/home/wenalz/Documents/Antigravity projects/thermalDFU/IEE data port(original)/ThermoDataBase(IEE data port)/ThermoDataBase/DM Group/DM023_F/DM023_F_R.png,164x70,128x64,INTER_AREA,False,data/processed/arrays/train/DM023_R.npy,data/processed/images/train/DM023_R.png,ok,,7982,24.045,32.838,29.1331,1.9434,0,0
DM024,L,train,DM_Grade3,M,4.2852139828,3.0,/home/wenalz/Documents/Antigravity projects/thermalDFU/IEE data port(original)/ThermoDataBase(IEE data port)/ThermoDataBase/DM Group/DM024_M/DM024_M_L.csv,/home/wenalz/Documents/Antigravity projects/thermalDFU/IEE data port(original)/ThermoDataBase(IEE data port)/ThermoDataBase/DM Group/DM024_M/DM024_M_L.png,171x64,128x64,INTER_AREA,True,data/processed/arrays/train/DM024_L.npy,data/processed/images/train/DM024_L.png,ok,,8581,23.074,34.452,32.4277,1.1665,0,0
DM024,R,train,DM_Grade3,M,4.2852139828,3.0,/home/wenalz/Documents/Antigravity projects/thermalDFU/IEE data port(original)/ThermoDataBase(IEE data port)/ThermoDataBase/DM Group/DM024_M/DM024_M_R.csv,/home/wenalz/Documents/Antigravity projects/thermalDFU/IEE data port(original)/ThermoDataBase(IEE data port)/ThermoDataBase/DM Group/DM024_M/DM024_M_R.png,181x68,128x64,INTER_AREA,False,data/processed/arrays/train/DM024_R.npy,data/processed/images/train/DM024_R.png,ok,,8764,20.788,31.575,28.7188,1.162,0,0
DM025,L,val,DM_Grade4,M,5.8482527923,4.0,/home/wenalz/Documents/Antigravity projects/thermalDFU/IEE data port(original)/ThermoDataBase(IEE data port)/ThermoDataBase/DM Group/DM025_M/DM025_M_L.csv,/home/wenalz/Documents/Antigravity projects/thermalDFU/IEE data port(original)/ThermoDataBase(IEE data port)/ThermoDataBase/DM Group/DM025_M/DM025_M_L.png,159x64,128x64,INTER_AREA,True,data/processed/arrays/val/DM025_L.npy,data/processed/images/val/DM025_L.png,ok,,7568,25.167,34.472,32.1042,1.3377,0,0
DM025,R,val,DM_Grade4,M,5.8482527923,4.0,/home/wenalz/Documents/Antigravity projects/thermalDFU/IEE data port(original)/ThermoDataBase(IEE data port)/ThermoDataBase/DM Group/DM025_M/DM025_M_R.csv,/home/wenalz/Documents/Antigravity projects/thermalDFU/IEE data port(original)/ThermoDataBase(IEE data port)/ThermoDataBase/DM Group/DM025_M/DM025_M_R.png,164x65,128x64,INTER_AREA,False,data/processed/arrays/val/DM025_R.npy,data/processed/images/val/DM025_R.png,ok,,7661,28.989,34.984,32.0698,1.2593,0,0
DM026,L,train,DM_Grade4,M,6.3982036008,4.0,/home/wenalz/Documents/Antigravity projects/thermalDFU/IEE data port(original)/ThermoDataBase(IEE data port)/ThermoDataBase/DM Group/DM026_M/DM026_M_L.csv,/home/wenalz/Documents/Antigravity projects/thermalDFU/IEE data port(original)/ThermoDataBase(IEE data port)/ThermoDataBase/DM Group/DM026_M/DM026_M_L.png,155x60,128x64,INTER_AREA,True,data/processed/arrays/train/DM026_L.npy,data/processed/images/train/DM026_L.png,ok,,6845,21.335,34.032,32.3392,0.8114,0,0
DM026,R,train,DM_Grade4,M,6.3982036008,4.0,/home/wenalz/Documents/Antigravity projects/thermalDFU/IEE data port(original)/ThermoDataBase(IEE data port)/ThermoDataBase/DM Group/DM026_M/DM026_M_R.csv,/home/wenalz/Documents/Antigravity projects/thermalDFU/IEE data port(original)/ThermoDataBase(IEE data port)/ThermoDataBase/DM Group/DM026_M/DM026_M_R.png,151x57,128x64,INTER_AREA,False,data/processed/arrays/train/DM026_R.npy,data/processed/images/train/DM026_R.png,ok,,6478,27.676,34.329,32.3475,0.8305,0,0
DM027,L,train,DM_Grade4,M,6.0462110492,4.0,/home/wenalz/Documents/Antigravity projects/thermalDFU/IEE data port(original)/ThermoDataBase(IEE data port)/ThermoDataBase/DM Group/DM027_M/DM027_M_L.csv,/home/wenalz/Documents/Antigravity projects/thermalDFU/IEE data port(original)/ThermoDataBase(IEE data port)/ThermoDataBase/DM Group/DM027_M/DM027_M_L.png,156x62,128x64,INTER_AREA,True,data/processed/arrays/train/DM027_L.npy,data/processed/images/train/DM027_L.png,ok,,7159,26.67,34.275,31.9137,0.8245,0,0
DM027,R,train,DM_Grade4,M,6.0462110492,4.0,/home/wenalz/Documents/Antigravity projects/thermalDFU/IEE data port(original)/ThermoDataBase(IEE data port)/ThermoDataBase/DM Group/DM027_M/DM027_M_R.csv,/home/wenalz/Documents/Antigravity projects/thermalDFU/IEE data port(original)/ThermoDataBase(IEE data port)/ThermoDataBase/DM Group/DM027_M/DM027_M_R.png,163x64,128x64,INTER_AREA,False,data/processed/arrays/train/DM027_R.npy,data/processed/images/train/DM027_R.png,ok,,7472,27.145,34.935,32.4502,0.7567,0,0
DM028,L,train,DM_Grade1,M,1.3083322096,1.0,/home/wenalz/Documents/Antigravity projects/thermalDFU/IEE data port(original)/ThermoDataBase(IEE data port)/ThermoDataBase/DM Group/DM028_M/DM028_M_L.csv,/home/wenalz/Documents/Antigravity projects/thermalDFU/IEE data port(original)/ThermoDataBase(IEE data port)/ThermoDataBase/DM Group/DM028_M/DM028_M_L.png,136x58,128x64,INTER_AREA,True,data/processed/arrays/train/DM028_L.npy,data/processed/images/train/DM028_L.png,ok,,5998,20.889,27.922,24.1923,0.8011,0,0
DM028,R,train,DM_Grade1,M,1.3083322096,1.0,/home/wenalz/Documents/Antigravity projects/thermalDFU/IEE data port(original)/ThermoDataBase(IEE data port)/ThermoDataBase/DM Group/DM028_M/DM028_M_R.csv,/home/wenalz/Documents/Antigravity projects/thermalDFU/IEE data port(original)/ThermoDataBase(IEE data port)/ThermoDataBase/DM Group/DM028_M/DM028_M_R.png,146x63,128x64,INTER_AREA,False,data/processed/arrays/train/DM028_R.npy,data/processed/images/train/DM028_R.png,ok,,6624,21.846,27.87,25.2554,1.163,0,0
DM029,L,train,DM_Grade2,F,2.5538436737,2.0,/home/wenalz/Documents/Antigravity projects/thermalDFU/IEE data port(original)/ThermoDataBase(IEE data port)/ThermoDataBase/DM Group/DM029_F/DM029_F_L.csv,/home/wenalz/Documents/Antigravity projects/thermalDFU/IEE data port(original)/ThermoDataBase(IEE data port)/ThermoDataBase/DM Group/DM029_F/DM029_F_L.png,137x67,128x64,INTER_AREA,True,data/processed/arrays/train/DM029_L.npy,data/processed/images/train/DM029_L.png,ok,,6599,24.321,30.604,29.0782,0.8499,0,0
DM029,R,train,DM_Grade2,F,2.5538436737,2.0,/home/wenalz/Documents/Antigravity projects/thermalDFU/IEE data port(original)/ThermoDataBase(IEE data port)/ThermoDataBase/DM Group/DM029_F/DM029_F_R.csv,/home/wenalz/Documents/Antigravity projects/thermalDFU/IEE data port(original)/ThermoDataBase(IEE data port)/ThermoDataBase/DM Group/DM029_F/DM029_F_R.png,136x67,128x64,INTER_AREA,False,data/processed/arrays/train/DM029_R.npy,data/processed/images/train/DM029_R.png,ok,,6450,24.72,29.372,27.862,0.8168,0,0
DM030,L,train,DM_Grade2,F,2.4004460548,2.0,/home/wenalz/Documents/Antigravity projects/thermalDFU/IEE data port(original)/ThermoDataBase(IEE data port)/ThermoDataBase/DM Group/DM030_F/DM030_F_L.csv,/home/wenalz/Documents/Antigravity projects/thermalDFU/IEE data port(original)/ThermoDataBase(IEE data port)/ThermoDataBase/DM Group/DM030_F/DM030_F_L.png,155x62,128x64,INTER_AREA,True,data/processed/arrays/train/DM030_L.npy,data/processed/images/train/DM030_L.png,ok,,7123,24.677,30.12,28.2516,0.9316,0,0
DM030,R,train,DM_Grade2,F,2.4004460548,2.0,/home/wenalz/Documents/Antigravity projects/thermalDFU/IEE data port(original)/ThermoDataBase(IEE data port)/ThermoDataBase/DM Group/DM030_F/DM030_F_R.csv,/home/wenalz/Documents/Antigravity projects/thermalDFU/IEE data port(original)/ThermoDataBase(IEE data port)/ThermoDataBase/DM Group/DM030_F/DM030_F_R.png,157x61,128x64,INTER_AREA,False,data/processed/arrays/train/DM030_R.npy,data/processed/images/train/DM030_R.png,ok,,7097,24.047,30.987,28.4157,1.2048,0,0
DM031,L,test,DM_Grade3,F,4.9671807737,3.0,/home/wenalz/Documents/Antigravity projects/thermalDFU/IEE data port(original)/ThermoDataBase(IEE data port)/ThermoDataBase/DM Group/DM031_F/DM031_F_L.csv,/home/wenalz/Documents/Antigravity projects/thermalDFU/IEE data port(original)/ThermoDataBase(IEE data port)/ThermoDataBase/DM Group/DM031_F/DM031_F_L.png,149x71,128x64,INTER_AREA,True,data/processed/arrays/test/DM031_L.npy,data/processed/images/test/DM031_L.png,ok,,7810,27.195,35.348,31.7417,1.2215,0,2
DM031,R,test,DM_Grade3,F,4.9671807737,3.0,/home/wenalz/Documents/Antigravity projects/thermalDFU/IEE data port(original)/ThermoDataBase(IEE data port)/ThermoDataBase/DM Group/DM031_F/DM031_F_R.csv,/home/wenalz/Documents/Antigravity projects/thermalDFU/IEE data port(original)/ThermoDataBase(IEE data port)/ThermoDataBase/DM Group/DM031_F/DM031_F_R.png,159x76,128x64,INTER_AREA,False,data/processed/arrays/test/DM031_R.npy,data/processed/images/test/DM031_R.png,ok,,8785,27.67,33.1,30.5322,1.1273,0,0
DM032,L,test,DM_Grade4,M,5.4105762846,4.0,/home/wenalz/Documents/Antigravity projects/thermalDFU/IEE data port(original)/ThermoDataBase(IEE data port)/ThermoDataBase/DM Group/DM032_M/DM032_M_L.csv,/home/wenalz/Documents/Antigravity projects/thermalDFU/IEE data port(original)/ThermoDataBase(IEE data port)/ThermoDataBase/DM Group/DM032_M/DM032_M_L.png,172x68,128x64,INTER_AREA,True,data/processed/arrays/test/DM032_L.npy,data/processed/images/test/DM032_L.png,ok,,8504,27.239,34.162,31.1302,1.7401,0,0
DM032,R,test,DM_Grade4,M,5.4105762846,4.0,/home/wenalz/Documents/Antigravity projects/thermalDFU/IEE data port(original)/ThermoDataBase(IEE data port)/ThermoDataBase/DM Group/DM032_M/DM032_M_R.csv,/home/wenalz/Documents/Antigravity projects/thermalDFU/IEE data port(original)/ThermoDataBase(IEE data port)/ThermoDataBase/DM Group/DM032_M/DM032_M_R.png,176x64,128x64,INTER_AREA,False,data/processed/arrays/test/DM032_R.npy,data/processed/images/test/DM032_R.png,ok,,8113,27.327,37.279,32.3073,2.4112,0,1527
DM033,L,test,DM_Grade1,M,1.5336040125,1.0,/home/wenalz/Documents/Antigravity projects/thermalDFU/IEE data port(original)/ThermoDataBase(IEE data port)/ThermoDataBase/DM Group/DM033_M/DM033_M_L.csv,/home/wenalz/Documents/Antigravity projects/thermalDFU/IEE data port(original)/ThermoDataBase(IEE data port)/ThermoDataBase/DM Group/DM033_M/DM033_M_L.png,150x63,128x64,INTER_AREA,True,data/processed/arrays/test/DM033_L.npy,data/processed/images/test/DM033_L.png,ok,,6527,20.235,28.834,23.934,1.9074,0,0
DM033,R,test,DM_Grade1,M,1.5336040125,1.0,/home/wenalz/Documents/Antigravity projects/thermalDFU/IEE data port(original)/ThermoDataBase(IEE data port)/ThermoDataBase/DM Group/DM033_M/DM033_M_R.csv,/home/wenalz/Documents/Antigravity projects/thermalDFU/IEE data port(original)/ThermoDataBase(IEE data port)/ThermoDataBase/DM Group/DM033_M/DM033_M_R.png,151x65,128x64,INTER_AREA,False,data/processed/arrays/test/DM033_R.npy,data/processed/images/test/DM033_R.png,ok,,7174,19.632,30.108,25.0659,2.2072,0,0
DM034,L,train,DM_Grade3,F,4.8955252949,3.0,/home/wenalz/Documents/Antigravity projects/thermalDFU/IEE data port(original)/ThermoDataBase(IEE data port)/ThermoDataBase/DM Group/DM034_F/DM034_F_L.csv,/home/wenalz/Documents/Antigravity projects/thermalDFU/IEE data port(original)/ThermoDataBase(IEE data port)/ThermoDataBase/DM Group/DM034_F/DM034_F_L.png,174x70,128x64,INTER_AREA,True,data/processed/arrays/train/DM034_L.npy,data/processed/images/train/DM034_L.png,ok,,8757,21.26,35.319,31.4153,1.6728,0,45
DM034,R,train,DM_Grade3,F,4.8955252949,3.0,/home/wenalz/Documents/Antigravity projects/thermalDFU/IEE data port(original)/ThermoDataBase(IEE data port)/ThermoDataBase/DM Group/DM034_F/DM034_F_R.csv,/home/wenalz/Documents/Antigravity projects/thermalDFU/IEE data port(original)/ThermoDataBase(IEE data port)/ThermoDataBase/DM Group/DM034_F/DM034_F_R.png,173x71,128x64,INTER_AREA,False,data/processed/arrays/train/DM034_R.npy,data/processed/images/train/DM034_R.png,ok,,8777,22.221,34.168,30.8533,1.509,0,0
DM035,L,train,DM_Grade3,F,3.7819597817,3.0,/home/wenalz/Documents/Antigravity projects/thermalDFU/IEE data port(original)/ThermoDataBase(IEE data port)/ThermoDataBase/DM Group/DM035_F/DM035_F_L.csv,/home/wenalz/Documents/Antigravity projects/thermalDFU/IEE data port(original)/ThermoDataBase(IEE data port)/ThermoDataBase/DM Group/DM035_F/DM035_F_L.png,130x64,128x64,INTER_AREA,True,data/processed/arrays/train/DM035_L.npy,data/processed/images/train/DM035_L.png,ok,,5868,25.373,33.774,30.4435,1.4537,0,0
DM035,R,train,DM_Grade3,F,3.7819597817,3.0,/home/wenalz/Documents/Antigravity projects/thermalDFU/IEE data port(original)/ThermoDataBase(IEE data port)/ThermoDataBase/DM Group/DM035_F/DM035_F_R.csv,/home/wenalz/Documents/Antigravity projects/thermalDFU/IEE data port(original)/ThermoDataBase(IEE data port)/ThermoDataBase/DM Group/DM035_F/DM035_F_R.png,131x64,128x64,INTER_AREA,False,data/processed/arrays/train/DM035_R.npy,data/processed/images/train/DM035_R.png,ok,,5966,25.277,32.601,28.9838,1.2078,0,0
DM036,L,test,DM_Grade4,M,5.9115249582,4.0,/home/wenalz/Documents/Antigravity projects/thermalDFU/IEE data port(original)/ThermoDataBase(IEE data port)/ThermoDataBase/DM Group/DM036_M/DM036_M_L.csv,/home/wenalz/Documents/Antigravity projects/thermalDFU/IEE data port(original)/ThermoDataBase(IEE data port)/ThermoDataBase/DM Group/DM036_M/DM036_M_L.png,181x69,128x64,INTER_AREA,True,data/processed/arrays/test/DM036_L.npy,data/processed/images/test/DM036_L.png,ok,,8960,27.139,34.929,31.8283,1.4184,0,0
DM036,R,test,DM_Grade4,M,5.9115249582,4.0,/home/wenalz/Documents/Antigravity projects/thermalDFU/IEE data port(original)/ThermoDataBase(IEE data port)/ThermoDataBase/DM Group/DM036_M/DM036_M_R.csv,/home/wenalz/Documents/Antigravity projects/thermalDFU/IEE data port(original)/ThermoDataBase(IEE data port)/ThermoDataBase/DM Group/DM036_M/DM036_M_R.png,180x70,128x64,INTER_AREA,False,data/processed/arrays/test/DM036_R.npy,data/processed/images/test/DM036_R.png,ok,,9036,28.26,35.354,32.3702,1.2607,0,13
DM037,L,val,DM_Grade1,F,1.6105044158,1.0,/home/wenalz/Documents/Antigravity projects/thermalDFU/IEE data port(original)/ThermoDataBase(IEE data port)/ThermoDataBase/DM Group/DM037_F/DM037_F_L.csv,/home/wenalz/Documents/Antigravity projects/thermalDFU/IEE data port(original)/ThermoDataBase(IEE data port)/ThermoDataBase/DM Group/DM037_F/DM037_F_L.png,116x60,128x64,INTER_LINEAR,True,data/processed/arrays/val/DM037_L.npy,data/processed/images/val/DM037_L.png,ok,,4650,21.464,26.496,24.074,1.096,0,0
DM037,R,val,DM_Grade1,F,1.6105044158,1.0,/home/wenalz/Documents/Antigravity projects/thermalDFU/IEE data port(original)/ThermoDataBase(IEE data port)/ThermoDataBase/DM Group/DM037_F/DM037_F_R.csv,/home/wenalz/Documents/Antigravity projects/thermalDFU/IEE data port(original)/ThermoDataBase(IEE data port)/ThermoDataBase/DM Group/DM037_F/DM037_F_R.png,123x63,128x64,INTER_LINEAR,False,data/processed/arrays/val/DM037_R.npy,data/processed/images/val/DM037_R.png,ok,,5484,22.623,27.291,24.601,1.0021,0,0
DM038,L,train,DM_Grade3,F,4.0022179375,3.0,/home/wenalz/Documents/Antigravity projects/thermalDFU/IEE data port(original)/ThermoDataBase(IEE data port)/ThermoDataBase/DM Group/DM038_F/DM038_F_L.csv,/home/wenalz/Documents/Antigravity projects/thermalDFU/IEE data port(original)/ThermoDataBase(IEE data port)/ThermoDataBase/DM Group/DM038_F/DM038_F_L.png,129x58,128x64,INTER_AREA,True,data/processed/arrays/train/DM038_L.npy,data/processed/images/train/DM038_L.png,ok,,5526,27.6,32.021,30.3333,1.0827,0,0
DM038,R,train,DM_Grade3,F,4.0022179375,3.0,/home/wenalz/Documents/Antigravity projects/thermalDFU/IEE data port(original)/ThermoDataBase(IEE data port)/ThermoDataBase/DM Group/DM038_F/DM038_F_R.csv,/home/wenalz/Documents/Antigravity projects/thermalDFU/IEE data port(original)/ThermoDataBase(IEE data port)/ThermoDataBase/DM Group/DM038_F/DM038_F_R.png,138x55,128x64,INTER_AREA,False,data/processed/arrays/train/DM038_R.npy,data/processed/images/train/DM038_R.png,ok,,5514,27.772,32.541,30.0434,1.1572,0,0
DM039,L,train,DM_Grade3,M,4.9260516191,3.0,/home/wenalz/Documents/Antigravity projects/thermalDFU/IEE data port(original)/ThermoDataBase(IEE data port)/ThermoDataBase/DM Group/DM039_M/DM039_M_L.csv,/home/wenalz/Documents/Antigravity projects/thermalDFU/IEE data port(original)/ThermoDataBase(IEE data port)/ThermoDataBase/DM Group/DM039_M/DM039_M_L.png,126x55,128x64,INTER_LINEAR,True,data/processed/arrays/train/DM039_L.npy,data/processed/images/train/DM039_L.png,ok,,5033,29.361,32.541,30.9235,0.5097,0,0
DM039,R,train,DM_Grade3,M,4.9260516191,3.0,/home/wenalz/Documents/Antigravity projects/thermalDFU/IEE data port(original)/ThermoDataBase(IEE data port)/ThermoDataBase/DM Group/DM039_M/DM039_M_R.csv,/home/wenalz/Documents/Antigravity projects/thermalDFU/IEE data port(original)/ThermoDataBase(IEE data port)/ThermoDataBase/DM Group/DM039_M/DM039_M_R.png,134x57,128x64,INTER_AREA,False,data/processed/arrays/train/DM039_R.npy,data/processed/images/train/DM039_R.png,ok,,5351,29.603,33.549,31.1617,0.5823,0,0
DM040,L,val,DM_Grade4,F,6.2980914238,4.0,/home/wenalz/Documents/Antigravity projects/thermalDFU/IEE data port(original)/ThermoDataBase(IEE data port)/ThermoDataBase/DM Group/DM040_F/DM040_F_L.csv,/home/wenalz/Documents/Antigravity projects/thermalDFU/IEE data port(original)/ThermoDataBase(IEE data port)/ThermoDataBase/DM Group/DM040_F/DM040_F_L.png,118x54,128x64,INTER_LINEAR,True,data/processed/arrays/val/DM040_L.npy,data/processed/images/val/DM040_L.png,ok,,4725,30.303,33.21,32.1762,0.3663,0,0
DM040,R,val,DM_Grade4,F,6.2980914238,4.0,/home/wenalz/Documents/Antigravity projects/thermalDFU/IEE data port(original)/ThermoDataBase(IEE data port)/ThermoDataBase/DM Group/DM040_F/DM040_F_R.csv,/home/wenalz/Documents/Antigravity projects/thermalDFU/IEE data port(original)/ThermoDataBase(IEE data port)/ThermoDataBase/DM Group/DM040_F/DM040_F_R.png,118x56,128x64,INTER_LINEAR,False,data/processed/arrays/val/DM040_R.npy,data/processed/images/val/DM040_R.png,ok,,4798,30.507,33.666,32.5265,0.6028,0,0
DM041,L,train,DM_Grade4,M,5.3352785064,4.0,/home/wenalz/Documents/Antigravity projects/thermalDFU/IEE data port(original)/ThermoDataBase(IEE data port)/ThermoDataBase/DM Group/DM041_M/DM041_M_L.csv,/home/wenalz/Documents/Antigravity projects/thermalDFU/IEE data port(original)/ThermoDataBase(IEE data port)/ThermoDataBase/DM Group/DM041_M/DM041_M_L.png,167x67,128x64,INTER_AREA,True,data/processed/arrays/train/DM041_L.npy,data/processed/images/train/DM041_L.png,ok,,8283,28.716,33.654,31.7075,0.9256,0,0
DM041,R,train,DM_Grade4,M,5.3352785064,4.0,/home/wenalz/Documents/Antigravity projects/thermalDFU/IEE data port(original)/ThermoDataBase(IEE data port)/ThermoDataBase/DM Group/DM041_M/DM041_M_R.csv,/home/wenalz/Documents/Antigravity projects/thermalDFU/IEE data port(original)/ThermoDataBase(IEE data port)/ThermoDataBase/DM Group/DM041_M/DM041_M_R.png,167x64,128x64,INTER_AREA,False,data/processed/arrays/train/DM041_R.npy,data/processed/images/train/DM041_R.png,ok,,8063,28.753,34.085,31.2429,0.9818,0,0
DM042,L,train,DM_Grade4,F,5.131694232,4.0,/home/wenalz/Documents/Antigravity projects/thermalDFU/IEE data port(original)/ThermoDataBase(IEE data port)/ThermoDataBase/DM Group/DM042_F/DM042_F_L.csv,/home/wenalz/Documents/Antigravity projects/thermalDFU/IEE data port(original)/ThermoDataBase(IEE data port)/ThermoDataBase/DM Group/DM042_F/DM042_F_L.png,137x64,128x64,INTER_AREA,True,data/processed/arrays/train/DM042_L.npy,data/processed/images/train/DM042_L.png,ok,,6371,28.655,32.623,31.0856,0.6637,0,0
DM042,R,train,DM_Grade4,F,5.131694232,4.0,/home/wenalz/Documents/Antigravity projects/thermalDFU/IEE data port(original)/ThermoDataBase(IEE data port)/ThermoDataBase/DM Group/DM042_F/DM042_F_R.csv,/home/wenalz/Documents/Antigravity projects/thermalDFU/IEE data port(original)/ThermoDataBase(IEE data port)/ThermoDataBase/DM Group/DM042_F/DM042_F_R.png,150x61,128x64,INTER_AREA,False,data/processed/arrays/train/DM042_R.npy,data/processed/images/train/DM042_R.png,ok,,6703,28.508,32.458,31.1502,0.6629,0,0
DM043,L,test,DM_Grade3,M,4.3168421596,3.0,/home/wenalz/Documents/Antigravity projects/thermalDFU/IEE data port(original)/ThermoDataBase(IEE data port)/ThermoDataBase/DM Group/DM043_M/DM043_M_L.csv,/home/wenalz/Documents/Antigravity projects/thermalDFU/IEE data port(original)/ThermoDataBase(IEE data port)/ThermoDataBase/DM Group/DM043_M/DM043_M_L.png,157x64,128x64,INTER_AREA,True,data/processed/arrays/test/DM043_L.npy,data/processed/images/test/DM043_L.png,ok,,7493,27.489,33.654,31.1332,1.2232,0,0
DM043,R,test,DM_Grade3,M,4.3168421596,3.0,/home/wenalz/Documents/Antigravity projects/thermalDFU/IEE data port(original)/ThermoDataBase(IEE data port)/ThermoDataBase/DM Group/DM043_M/DM043_M_R.csv,/home/wenalz/Documents/Antigravity projects/thermalDFU/IEE data port(original)/ThermoDataBase(IEE data port)/ThermoDataBase/DM Group/DM043_M/DM043_M_R.png,160x67,128x64,INTER_AREA,False,data/processed/arrays/test/DM043_R.npy,data/processed/images/test/DM043_R.png,ok,,7832,26.844,31.523,29.8895,0.9751,0,0
DM044,L,train,DM_Grade0,F,0.4142257105,0.0,/home/wenalz/Documents/Antigravity projects/thermalDFU/IEE data port(original)/ThermoDataBase(IEE data port)/ThermoDataBase/DM Group/DM044_F/DM044_F_L.csv,/home/wenalz/Documents/Antigravity projects/thermalDFU/IEE data port(original)/ThermoDataBase(IEE data port)/ThermoDataBase/DM Group/DM044_F/DM044_F_L.png,131x66,128x64,INTER_AREA,True,data/processed/arrays/train/DM044_L.npy,data/processed/images/train/DM044_L.png,ok,,6430,24.419,28.447,26.5663,0.8345,0,0
DM044,R,train,DM_Grade0,F,0.4142257105,0.0,/home/wenalz/Documents/Antigravity projects/thermalDFU/IEE data port(original)/ThermoDataBase(IEE data port)/ThermoDataBase/DM Group/DM044_F/DM044_F_R.csv,/home/wenalz/Documents/Antigravity projects/thermalDFU/IEE data port(original)/ThermoDataBase(IEE data port)/ThermoDataBase/DM Group/DM044_F/DM044_F_R.png,134x67,128x64,INTER_AREA,False,data/processed/arrays/train/DM044_R.npy,data/processed/images/train/DM044_R.png,ok,,6719,24.533,27.39,25.9521,0.5993,0,0
DM045,L,val,DM_Grade3,F,4.155922975,3.0,/home/wenalz/Documents/Antigravity projects/thermalDFU/IEE data port(original)/ThermoDataBase(IEE data port)/ThermoDataBase/DM Group/DM045_F/DM045_F_L.csv,/home/wenalz/Documents/Antigravity projects/thermalDFU/IEE data port(original)/ThermoDataBase(IEE data port)/ThermoDataBase/DM Group/DM045_F/DM045_F_L.png,154x61,128x64,INTER_AREA,True,data/processed/arrays/val/DM045_L.npy,data/processed/images/val/DM045_L.png,ok,,7044,27.006,31.558,30.0162,0.8055,0,0
DM045,R,val,DM_Grade3,F,4.155922975,3.0,/home/wenalz/Documents/Antigravity projects/thermalDFU/IEE data port(original)/ThermoDataBase(IEE data port)/ThermoDataBase/DM Group/DM045_F/DM045_F_R.csv,/home/wenalz/Documents/Antigravity projects/thermalDFU/IEE data port(original)/ThermoDataBase(IEE data port)/ThermoDataBase/DM Group/DM045_F/DM045_F_R.png,151x54,128x64,INTER_AREA,False,data/processed/arrays/val/DM045_R.npy,data/processed/images/val/DM045_R.png,ok,,6254,27.179,32.399,30.5009,0.9106,0,0
DM046,L,train,DM_Grade3,M,4.8085225885,3.0,/home/wenalz/Documents/Antigravity projects/thermalDFU/IEE data port(original)/ThermoDataBase(IEE data port)/ThermoDataBase/DM Group/DM046_M/DM046_M_L.csv,/home/wenalz/Documents/Antigravity projects/thermalDFU/IEE data port(original)/ThermoDataBase(IEE data port)/ThermoDataBase/DM Group/DM046_M/DM046_M_L.png,153x65,128x64,INTER_AREA,True,data/processed/arrays/train/DM046_L.npy,data/processed/images/train/DM046_L.png,ok,,7190,28.006,30.962,29.7513,0.5783,0,0
DM046,R,train,DM_Grade3,M,4.8085225885,3.0,/home/wenalz/Documents/Antigravity projects/thermalDFU/IEE data port(original)/ThermoDataBase(IEE data port)/ThermoDataBase/DM Group/DM046_M/DM046_M_R.csv,/home/wenalz/Documents/Antigravity projects/thermalDFU/IEE data port(original)/ThermoDataBase(IEE data port)/ThermoDataBase/DM Group/DM046_M/DM046_M_R.png,156x65,128x64,INTER_AREA,False,data/processed/arrays/train/DM046_R.npy,data/processed/images/train/DM046_R.png,ok,,7419,28.85,34.421,31.8922,1.1295,0,0
DM047,L,train,DM_Grade4,F,7.1213468885,4.0,/home/wenalz/Documents/Antigravity projects/thermalDFU/IEE data port(original)/ThermoDataBase(IEE data port)/ThermoDataBase/DM Group/DM047_F/DM047_F_L.csv,/home/wenalz/Documents/Antigravity projects/thermalDFU/IEE data port(original)/ThermoDataBase(IEE data port)/ThermoDataBase/DM Group/DM047_F/DM047_F_L.png,131x60,128x64,INTER_AREA,True,data/processed/arrays/train/DM047_L.npy,data/processed/images/train/DM047_L.png,ok,,5833,30.026,34.941,32.6615,0.9531,0,0
DM047,R,train,DM_Grade4,F,7.1213468885,4.0,/home/wenalz/Documents/Antigravity projects/thermalDFU/IEE data port(original)/ThermoDataBase(IEE data port)/ThermoDataBase/DM Group/DM047_F/DM047_F_R.csv,/home/wenalz/Documents/Antigravity projects/thermalDFU/IEE data port(original)/ThermoDataBase(IEE data port)/ThermoDataBase/DM Group/DM047_F/DM047_F_R.png,132x59,128x64,INTER_AREA,False,data/processed/arrays/train/DM047_R.npy,data/processed/images/train/DM047_R.png,ok,,5874,31.487,35.412,33.5537,0.7522,0,245
DM048,L,val,DM_Grade3,F,4.7981383143,3.0,/home/wenalz/Documents/Antigravity projects/thermalDFU/IEE data port(original)/ThermoDataBase(IEE data port)/ThermoDataBase/DM Group/DM048_F/DM048_F_L.csv,/home/wenalz/Documents/Antigravity projects/thermalDFU/IEE data port(original)/ThermoDataBase(IEE data port)/ThermoDataBase/DM Group/DM048_F/DM048_F_L.png,139x58,128x64,INTER_AREA,True,data/processed/arrays/val/DM048_L.npy,data/processed/images/val/DM048_L.png,ok,,5851,27.784,32.127,30.837,0.7351,0,0
DM048,R,val,DM_Grade3,F,4.7981383143,3.0,/home/wenalz/Documents/Antigravity projects/thermalDFU/IEE data port(original)/ThermoDataBase(IEE data port)/ThermoDataBase/DM Group/DM048_F/DM048_F_R.csv,/home/wenalz/Documents/Antigravity projects/thermalDFU/IEE data port(original)/ThermoDataBase(IEE data port)/ThermoDataBase/DM Group/DM048_F/DM048_F_R.png,147x61,128x64,INTER_AREA,False,data/processed/arrays/val/DM048_R.npy,data/processed/images/val/DM048_R.png,ok,,6408,28.067,32.717,30.7091,0.7893,0,0
DM049,L,train,DM_Grade1,F,1.4915499813,1.0,/home/wenalz/Documents/Antigravity projects/thermalDFU/IEE data port(original)/ThermoDataBase(IEE data port)/ThermoDataBase/DM Group/DM049_F/DM049_F_L.csv,/home/wenalz/Documents/Antigravity projects/thermalDFU/IEE data port(original)/ThermoDataBase(IEE data port)/ThermoDataBase/DM Group/DM049_F/DM049_F_L.png,166x70,128x64,INTER_AREA,True,data/processed/arrays/train/DM049_L.npy,data/processed/images/train/DM049_L.png,ok,,8196,25.57,29.373,27.1784,0.6479,0,0
DM049,R,train,DM_Grade1,F,1.4915499813,1.0,/home/wenalz/Documents/Antigravity projects/thermalDFU/IEE data port(original)/ThermoDataBase(IEE data port)/ThermoDataBase/DM Group/DM049_F/DM049_F_R.csv,/home/wenalz/Documents/Antigravity projects/thermalDFU/IEE data port(original)/ThermoDataBase(IEE data port)/ThermoDataBase/DM Group/DM049_F/DM049_F_R.png,167x70,128x64,INTER_AREA,False,data/processed/arrays/train/DM049_R.npy,data/processed/images/train/DM049_R.png,ok,,8236,25.595,29.47,28.0246,0.7215,0,0
DM050,L,train,DM_Grade4,F,6.2698222518,4.0,/home/wenalz/Documents/Antigravity projects/thermalDFU/IEE data port(original)/ThermoDataBase(IEE data port)/ThermoDataBase/DM Group/DM050_F/DM050_F_L.csv,/home/wenalz/Documents/Antigravity projects/thermalDFU/IEE data port(original)/ThermoDataBase(IEE data port)/ThermoDataBase/DM Group/DM050_F/DM050_F_L.png,170x71,128x64,INTER_AREA,True,data/processed/arrays/train/DM050_L.npy,data/processed/images/train/DM050_L.png,ok,,8532,29.543,33.42,32.0929,0.5765,0,0
DM050,R,train,DM_Grade4,F,6.2698222518,4.0,/home/wenalz/Documents/Antigravity projects/thermalDFU/IEE data port(original)/ThermoDataBase(IEE data port)/ThermoDataBase/DM Group/DM050_F/DM050_F_R.csv,/home/wenalz/Documents/Antigravity projects/thermalDFU/IEE data port(original)/ThermoDataBase(IEE data port)/ThermoDataBase/DM Group/DM050_F/DM050_F_R.png,170x68,128x64,INTER_AREA,False,data/processed/arrays/train/DM050_R.npy,data/processed/images/train/DM050_R.png,ok,,8087,29.543,33.875,32.1709,0.5004,0,0
DM051,L,train,DM_Grade2,F,2.8252075612,2.0,/home/wenalz/Documents/Antigravity projects/thermalDFU/IEE data port(original)/ThermoDataBase(IEE data port)/ThermoDataBase/DM Group/DM051_F/DM051_F_L.csv,/home/wenalz/Documents/Antigravity projects/thermalDFU/IEE data port(original)/ThermoDataBase(IEE data port)/ThermoDataBase/DM Group/DM051_F/DM051_F_L.png,139x66,128x64,INTER_AREA,True,data/processed/arrays/train/DM051_L.npy,data/processed/images/train/DM051_L.png,ok,,6310,26.084,30.519,29.054,0.6121,0,0
DM051,R,train,DM_Grade2,F,2.8252075612,2.0,/home/wenalz/Documents/Antigravity projects/thermalDFU/IEE data port(original)/ThermoDataBase(IEE data port)/ThermoDataBase/DM Group/DM051_F/DM051_F_R.csv,/home/wenalz/Documents/Antigravity projects/thermalDFU/IEE data port(original)/ThermoDataBase(IEE data port)/ThermoDataBase/DM Group/DM051_F/DM051_F_R.png,141x65,128x64,INTER_AREA,False,data/processed/arrays/train/DM051_R.npy,data/processed/images/train/DM051_R.png,ok,,6717,25.645,30.038,28.4937,0.7477,0,0
DM052,L,train,DM_Grade2,F,2.3281702355,2.0,/home/wenalz/Documents/Antigravity projects/thermalDFU/IEE data port(original)/ThermoDataBase(IEE data port)/ThermoDataBase/DM Group/DM052_F/DM052_F_L.csv,/home/wenalz/Documents/Antigravity projects/thermalDFU/IEE data port(original)/ThermoDataBase(IEE data port)/ThermoDataBase/DM Group/DM052_F/DM052_F_L.png,150x66,128x64,INTER_AREA,True,data/processed/arrays/train/DM052_L.npy,data/processed/images/train/DM052_L.png,ok,,7231,24.622,30.663,28.5571,1.3351,0,0
DM052,R,train,DM_Grade2,F,2.3281702355,2.0,/home/wenalz/Documents/Antigravity projects/thermalDFU/IEE data port(original)/ThermoDataBase(IEE data port)/ThermoDataBase/DM Group/DM052_F/DM052_F_R.csv,/home/wenalz/Documents/Antigravity projects/thermalDFU/IEE data port(original)/ThermoDataBase(IEE data port)/ThermoDataBase/DM Group/DM052_F/DM052_F_R.png,153x64,128x64,INTER_AREA,False,data/processed/arrays/train/DM052_R.npy,data/processed/images/train/DM052_R.png,ok,,7326,24.99,31.046,28.6363,1.2864,0,0
DM053,L,val,DM_Grade0,M,0.6456836368,0.0,/home/wenalz/Documents/Antigravity projects/thermalDFU/IEE data port(original)/ThermoDataBase(IEE data port)/ThermoDataBase/DM Group/DM053_M/DM053_M_L.csv,/home/wenalz/Documents/Antigravity projects/thermalDFU/IEE data port(original)/ThermoDataBase(IEE data port)/ThermoDataBase/DM Group/DM053_M/DM053_M_L.png,156x64,128x64,INTER_AREA,True,data/processed/arrays/val/DM053_L.npy,data/processed/images/val/DM053_L.png,ok,,6794,23.422,27.34,25.9882,0.8086,0,0
DM053,R,val,DM_Grade0,M,0.6456836368,0.0,/home/wenalz/Documents/Antigravity projects/thermalDFU/IEE data port(original)/ThermoDataBase(IEE data port)/ThermoDataBase/DM Group/DM053_M/DM053_M_R.csv,/home/wenalz/Documents/Antigravity projects/thermalDFU/IEE data port(original)/ThermoDataBase(IEE data port)/ThermoDataBase/DM Group/DM053_M/DM053_M_R.png,163x65,128x64,INTER_AREA,False,data/processed/arrays/val/DM053_R.npy,data/processed/images/val/DM053_R.png,ok,,7176,23.973,28.862,27.1587,1.3483,0,0
DM054,L,train,DM_Grade2,F,2.6883946065,2.0,/home/wenalz/Documents/Antigravity projects/thermalDFU/IEE data port(original)/ThermoDataBase(IEE data port)/ThermoDataBase/DM Group/DM054_F/DM054_F_L.csv,/home/wenalz/Documents/Antigravity projects/thermalDFU/IEE data port(original)/ThermoDataBase(IEE data port)/ThermoDataBase/DM Group/DM054_F/DM054_F_L.png,126x61,128x64,INTER_LINEAR,True,data/processed/arrays/train/DM054_L.npy,data/processed/images/train/DM054_L.png,ok,,5578,26.096,30.471,28.8477,0.735,0,0
DM054,R,train,DM_Grade2,F,2.6883946065,2.0,/home/wenalz/Documents/Antigravity projects/thermalDFU/IEE data port(original)/ThermoDataBase(IEE data port)/ThermoDataBase/DM Group/DM054_F/DM054_F_R.csv,/home/wenalz/Documents/Antigravity projects/thermalDFU/IEE data port(original)/ThermoDataBase(IEE data port)/ThermoDataBase/DM Group/DM054_F/DM054_F_R.png,137x61,128x64,INTER_AREA,False,data/processed/arrays/train/DM054_R.npy,data/processed/images/train/DM054_R.png,ok,,5893,26.931,30.747,28.8388,0.7731,0,0
DM055,L,train,DM_Grade4,F,5.4692547349,4.0,/home/wenalz/Documents/Antigravity projects/thermalDFU/IEE data port(original)/ThermoDataBase(IEE data port)/ThermoDataBase/DM Group/DM055_F/DM055_F_L.csv,/home/wenalz/Documents/Antigravity projects/thermalDFU/IEE data port(original)/ThermoDataBase(IEE data port)/ThermoDataBase/DM Group/DM055_F/DM055_F_L.png,137x60,128x64,INTER_AREA,True,data/processed/arrays/train/DM055_L.npy,data/processed/images/train/DM055_L.png,ok,,6018,28.923,32.929,31.5962,0.575,0,0
DM055,R,train,DM_Grade4,F,5.4692547349,4.0,/home/wenalz/Documents/Antigravity projects/thermalDFU/IEE data port(original)/ThermoDataBase(IEE data port)/ThermoDataBase/DM Group/DM055_F/DM055_F_R.csv,/home/wenalz/Documents/Antigravity projects/thermalDFU/IEE data port(original)/ThermoDataBase(IEE data port)/ThermoDataBase/DM Group/DM055_F/DM055_F_R.png,136x62,128x64,INTER_AREA,False,data/processed/arrays/train/DM055_R.npy,data/processed/images/train/DM055_R.png,ok,,6022,29.519,33.233,31.4624,0.7431,0,0
DM056,L,train,DM_Grade2,F,2.1208942869,2.0,/home/wenalz/Documents/Antigravity projects/thermalDFU/IEE data port(original)/ThermoDataBase(IEE data port)/ThermoDataBase/DM Group/DM056_F/DM056_F_L.csv,/home/wenalz/Documents/Antigravity projects/thermalDFU/IEE data port(original)/ThermoDataBase(IEE data port)/ThermoDataBase/DM Group/DM056_F/DM056_F_L.png,181x79,128x64,INTER_AREA,True,data/processed/arrays/train/DM056_L.npy,data/processed/images/train/DM056_L.png,ok,,10091,24.241,30.315,27.3979,1.5487,0,0
DM056,R,train,DM_Grade2,F,2.1208942869,2.0,/home/wenalz/Documents/Antigravity projects/thermalDFU/IEE data port(original)/ThermoDataBase(IEE data port)/ThermoDataBase/DM Group/DM056_F/DM056_F_R.csv,/home/wenalz/Documents/Antigravity projects/thermalDFU/IEE data port(original)/ThermoDataBase(IEE data port)/ThermoDataBase/DM Group/DM056_F/DM056_F_R.png,175x79,128x64,INTER_AREA,False,data/processed/arrays/train/DM056_R.npy,data/processed/images/train/DM056_R.png,ok,,9791,25.154,30.663,28.709,1.0254,0,0
DM057,L,test,DM_Grade3,F,3.8309978944,3.0,/home/wenalz/Documents/Antigravity projects/thermalDFU/IEE data port(original)/ThermoDataBase(IEE data port)/ThermoDataBase/DM Group/DM057_F/DM057_F_L.csv,/home/wenalz/Documents/Antigravity projects/thermalDFU/IEE data port(original)/ThermoDataBase(IEE data port)/ThermoDataBase/DM Group/DM057_F/DM057_F_L.png,155x66,128x64,INTER_AREA,True,data/processed/arrays/test/DM057_L.npy,data/processed/images/test/DM057_L.png,ok,,7272,28.728,33.456,32.3845,0.5397,0,0
DM057,R,test,DM_Grade3,F,3.8309978944,3.0,/home/wenalz/Documents/Antigravity projects/thermalDFU/IEE data port(original)/ThermoDataBase(IEE data port)/ThermoDataBase/DM Group/DM057_F/DM057_F_R.csv,/home/wenalz/Documents/Antigravity projects/thermalDFU/IEE data port(original)/ThermoDataBase(IEE data port)/ThermoDataBase/DM Group/DM057_F/DM057_F_R.png,151x66,128x64,INTER_AREA,False,data/processed/arrays/test/DM057_R.npy,data/processed/images/test/DM057_R.png,ok,,7328,25.733,29.179,27.2785,0.6568,0,0
DM058,L,test,DM_Grade1,F,1.2091783065,1.0,/home/wenalz/Documents/Antigravity projects/thermalDFU/IEE data port(original)/ThermoDataBase(IEE data port)/ThermoDataBase/DM Group/DM058_F/DM058_F_L.csv,/home/wenalz/Documents/Antigravity projects/thermalDFU/IEE data port(original)/ThermoDataBase(IEE data port)/ThermoDataBase/DM Group/DM058_F/DM058_F_L.png,121x70,128x64,INTER_AREA,True,data/processed/arrays/test/DM058_L.npy,data/processed/images/test/DM058_L.png,ok,,6310,24.011,28.165,25.8607,0.9332,0,0
DM058,R,test,DM_Grade1,F,1.2091783065,1.0,/home/wenalz/Documents/Antigravity projects/thermalDFU/IEE data port(original)/ThermoDataBase(IEE data port)/ThermoDataBase/DM Group/DM058_F/DM058_F_R.csv,/home/wenalz/Documents/Antigravity projects/thermalDFU/IEE data port(original)/ThermoDataBase(IEE data port)/ThermoDataBase/DM Group/DM058_F/DM058_F_R.png,103x57,128x64,INTER_LINEAR,False,data/processed/arrays/test/DM058_R.npy,data/processed/images/test/DM058_R.png,ok,,4268,23.216,25.204,24.0267,0.4936,0,0
DM059,L,train,DM_Grade4,F,6.5973511471,4.0,/home/wenalz/Documents/Antigravity projects/thermalDFU/IEE data port(original)/ThermoDataBase(IEE data port)/ThermoDataBase/DM Group/DM059_F/DM059_F_L.csv,/home/wenalz/Documents/Antigravity projects/thermalDFU/IEE data port(original)/ThermoDataBase(IEE data port)/ThermoDataBase/DM Group/DM059_F/DM059_F_L.png,151x65,128x64,INTER_AREA,True,data/processed/arrays/train/DM059_L.npy,data/processed/images/train/DM059_L.png,ok,,7045,29.155,34.432,32.6553,0.6928,0,0
DM059,R,train,DM_Grade4,F,6.5973511471,4.0,/home/wenalz/Documents/Antigravity projects/thermalDFU/IEE data port(original)/ThermoDataBase(IEE data port)/ThermoDataBase/DM Group/DM059_F/DM059_F_R.csv,/home/wenalz/Documents/Antigravity projects/thermalDFU/IEE data port(original)/ThermoDataBase(IEE data port)/ThermoDataBase/DM Group/DM059_F/DM059_F_R.png,144x61,128x64,INTER_AREA,False,data/processed/arrays/train/DM059_R.npy,data/processed/images/train/DM059_R.png,ok,,6270,30.423,34.201,32.6756,0.5802,0,0
DM060,L,train,DM_Grade4,F,5.9361747743,4.0,/home/wenalz/Documents/Antigravity projects/thermalDFU/IEE data port(original)/ThermoDataBase(IEE data port)/ThermoDataBase/DM Group/DM060_F/DM060_F_L.csv,/home/wenalz/Documents/Antigravity projects/thermalDFU/IEE data port(original)/ThermoDataBase(IEE data port)/ThermoDataBase/DM Group/DM060_F/DM060_F_L.png,165x71,128x64,INTER_AREA,True,data/processed/arrays/train/DM060_L.npy,data/processed/images/train/DM060_L.png,ok,,8519,29.069,33.654,32.0042,0.8075,0,0
DM060,R,train,DM_Grade4,F,5.9361747743,4.0,/home/wenalz/Documents/Antigravity projects/thermalDFU/IEE data port(original)/ThermoDataBase(IEE data port)/ThermoDataBase/DM Group/DM060_F/DM060_F_R.csv,/home/wenalz/Documents/Antigravity projects/thermalDFU/IEE data port(original)/ThermoDataBase(IEE data port)/ThermoDataBase/DM Group/DM060_F/DM060_F_R.png,167x68,128x64,INTER_AREA,False,data/processed/arrays/train/DM060_R.npy,data/processed/images/train/DM060_R.png,ok,,8453,26.894,33.292,32.119,0.6596,0,0
DM061,L,test,DM_Grade0,F,0.4687005559,0.0,/home/wenalz/Documents/Antigravity projects/thermalDFU/IEE data port(original)/ThermoDataBase(IEE data port)/ThermoDataBase/DM Group/DM061_F/DM061_F_L.csv,/home/wenalz/Documents/Antigravity projects/thermalDFU/IEE data port(original)/ThermoDataBase(IEE data port)/ThermoDataBase/DM Group/DM061_F/DM061_F_L.png,146x61,128x64,INTER_AREA,True,data/processed/arrays/test/DM061_L.npy,data/processed/images/test/DM061_L.png,ok,,6551,22.688,28.153,25.8738,1.5114,0,0
DM061,R,test,DM_Grade0,F,0.4687005559,0.0,/home/wenalz/Documents/Antigravity projects/thermalDFU/IEE data port(original)/ThermoDataBase(IEE data port)/ThermoDataBase/DM Group/DM061_F/DM061_F_R.csv,/home/wenalz/Documents/Antigravity projects/thermalDFU/IEE data port(original)/ThermoDataBase(IEE data port)/ThermoDataBase/DM Group/DM061_F/DM061_F_R.png,146x60,128x64,INTER_AREA,False,data/processed/arrays/test/DM061_R.npy,data/processed/images/test/DM061_R.png,ok,,6443,23.666,28.08,26.1086,1.1645,0,0
DM062,L,test,DM_Grade2,M,2.2940807096,2.0,/home/wenalz/Documents/Antigravity projects/thermalDFU/IEE data port(original)/ThermoDataBase(IEE data port)/ThermoDataBase/DM Group/DM062_M/DM062_M_L.csv,/home/wenalz/Documents/Antigravity projects/thermalDFU/IEE data port(original)/ThermoDataBase(IEE data port)/ThermoDataBase/DM Group/DM062_M/DM062_M_L.png,174x61,128x64,INTER_AREA,True,data/processed/arrays/test/DM062_L.npy,data/processed/images/test/DM062_L.png,ok,,8164,25.658,29.833,28.2415,0.7988,0,0
DM062,R,test,DM_Grade2,M,2.2940807096,2.0,/home/wenalz/Documents/Antigravity projects/thermalDFU/IEE data port(original)/ThermoDataBase(IEE data port)/ThermoDataBase/DM Group/DM062_M/DM062_M_R.csv,/home/wenalz/Documents/Antigravity projects/thermalDFU/IEE data port(original)/ThermoDataBase(IEE data port)/ThermoDataBase/DM Group/DM062_M/DM062_M_R.png,172x62,128x64,INTER_AREA,False,data/processed/arrays/test/DM062_R.npy,data/processed/images/test/DM062_R.png,ok,,8158,26.284,29.579,28.2892,0.6885,0,0
DM063,L,train,DM_Grade4,F,5.9619258181,4.0,/home/wenalz/Documents/Antigravity projects/thermalDFU/IEE data port(original)/ThermoDataBase(IEE data port)/ThermoDataBase/DM Group/DM063_F/DM063_F_L.csv,/home/wenalz/Documents/Antigravity projects/thermalDFU/IEE data port(original)/ThermoDataBase(IEE data port)/ThermoDataBase/DM Group/DM063_F/DM063_F_L.png,155x69,128x64,INTER_AREA,True,data/processed/arrays/train/DM063_L.npy,data/processed/images/train/DM063_L.png,ok,,7876,29.227,33.689,32.1482,0.8842,0,0
DM063,R,train,DM_Grade4,F,5.9619258181,4.0,/home/wenalz/Documents/Antigravity projects/thermalDFU/IEE data port(original)/ThermoDataBase(IEE data port)/ThermoDataBase/DM Group/DM063_F/DM063_F_R.csv,/home/wenalz/Documents/Antigravity projects/thermalDFU/IEE data port(original)/ThermoDataBase(IEE data port)/ThermoDataBase/DM Group/DM063_F/DM063_F_R.png,152x72,128x64,INTER_AREA,False,data/processed/arrays/train/DM063_R.npy,data/processed/images/train/DM063_R.png,ok,,7972,29.045,34.131,32.0836,0.7465,0,0
DM064,L,train,DM_Grade4,M,7.7801494123,4.0,/home/wenalz/Documents/Antigravity projects/thermalDFU/IEE data port(original)/ThermoDataBase(IEE data port)/ThermoDataBase/DM Group/DM064_M/DM064_M_L.csv,/home/wenalz/Documents/Antigravity projects/thermalDFU/IEE data port(original)/ThermoDataBase(IEE data port)/ThermoDataBase/DM Group/DM064_M/DM064_M_L.png,134x58,128x64,INTER_AREA,True,data/processed/arrays/train/DM064_L.npy,data/processed/images/train/DM064_L.png,ok,,5402,30.543,36.281,33.7333,1.2388,0,777
DM064,R,train,DM_Grade4,M,7.7801494123,4.0,/home/wenalz/Documents/Antigravity projects/thermalDFU/IEE data port(original)/ThermoDataBase(IEE data port)/ThermoDataBase/DM Group/DM064_M/DM064_M_R.csv,/home/wenalz/Documents/Antigravity projects/thermalDFU/IEE data port(original)/ThermoDataBase(IEE data port)/ThermoDataBase/DM Group/DM064_M/DM064_M_R.png,133x54,128x64,INTER_AREA,False,data/processed/arrays/train/DM064_R.npy,data/processed/images/train/DM064_R.png,ok,,5012,31.356,36.906,34.535,1.5403,0,2281
DM065,L,train,DM_Grade3,F,4.8890622489,3.0,/home/wenalz/Documents/Antigravity projects/thermalDFU/IEE data port(original)/ThermoDataBase(IEE data port)/ThermoDataBase/DM Group/DM065_F/DM065_F_L.csv,/home/wenalz/Documents/Antigravity projects/thermalDFU/IEE data port(original)/ThermoDataBase(IEE data port)/ThermoDataBase/DM Group/DM065_F/DM065_F_L.png,146x60,128x64,INTER_AREA,True,data/processed/arrays/train/DM065_L.npy,data/processed/images/train/DM065_L.png,ok,,6683,18.055,23.139,20.422,1.046,0,0
DM065,R,train,DM_Grade3,F,4.8890622489,3.0,/home/wenalz/Documents/Antigravity projects/thermalDFU/IEE data port(original)/ThermoDataBase(IEE data port)/ThermoDataBase/DM Group/DM065_F/DM065_F_R.csv,/home/wenalz/Documents/Antigravity projects/thermalDFU/IEE data port(original)/ThermoDataBase(IEE data port)/ThermoDataBase/DM Group/DM065_F/DM065_F_R.png,145x62,128x64,INTER_AREA,False,data/processed/arrays/train/DM065_R.npy,data/processed/images/train/DM065_R.png,ok,,6897,19.093,24.66,21.5228,1.1788,0,0
DM066,L,train,DM_Grade0,F,0.9322801131,0.0,/home/wenalz/Documents/Antigravity projects/thermalDFU/IEE data port(original)/ThermoDataBase(IEE data port)/ThermoDataBase/DM Group/DM066_F/DM066_F_L.csv,/home/wenalz/Documents/Antigravity projects/thermalDFU/IEE data port(original)/ThermoDataBase(IEE data port)/ThermoDataBase/DM Group/DM066_F/DM066_F_L.png,154x71,128x64,INTER_AREA,True,data/processed/arrays/train/DM066_L.npy,data/processed/images/train/DM066_L.png,ok,,8282,24.292,28.765,26.9918,0.9602,0,0
DM066,R,train,DM_Grade0,F,0.9322801131,0.0,/home/wenalz/Documents/Antigravity projects/thermalDFU/IEE data port(original)/ThermoDataBase(IEE data port)/ThermoDataBase/DM Group/DM066_F/DM066_F_R.csv,/home/wenalz/Documents/Antigravity projects/thermalDFU/IEE data port(original)/ThermoDataBase(IEE data port)/ThermoDataBase/DM Group/DM066_F/DM066_F_R.png,164x67,128x64,INTER_AREA,False,data/processed/arrays/train/DM066_R.npy,data/processed/images/train/DM066_R.png,ok,,8503,23.717,28.765,26.911,1.048,0,0
DM067,L,train,DM_Grade2,F,2.2008853466,2.0,/home/wenalz/Documents/Antigravity projects/thermalDFU/IEE data port(original)/ThermoDataBase(IEE data port)/ThermoDataBase/DM Group/DM067_F/DM067_F_L.csv,/home/wenalz/Documents/Antigravity projects/thermalDFU/IEE data port(original)/ThermoDataBase(IEE data port)/ThermoDataBase/DM Group/DM067_F/DM067_F_L.png,150x66,128x64,INTER_AREA,True,data/processed/arrays/train/DM067_L.npy,data/processed/images/train/DM067_L.png,ok,,7014,24.964,30.291,27.7383,1.2314,0,0
DM067,R,train,DM_Grade2,F,2.2008853466,2.0,/home/wenalz/Documents/Antigravity projects/thermalDFU/IEE data port(original)/ThermoDataBase(IEE data port)/ThermoDataBase/DM Group/DM067_F/DM067_F_R.csv,/home/wenalz/Documents/Antigravity projects/thermalDFU/IEE data port(original)/ThermoDataBase(IEE data port)/ThermoDataBase/DM Group/DM067_F/DM067_F_R.png,152x67,128x64,INTER_AREA,False,data/processed/arrays/train/DM067_R.npy,data/processed/images/train/DM067_R.png,ok,,7003,25.015,31.784,29.0903,1.5381,0,0
DM068,L,train,DM_Grade4,F,8.9235632292,4.0,/home/wenalz/Documents/Antigravity projects/thermalDFU/IEE data port(original)/ThermoDataBase(IEE data port)/ThermoDataBase/DM Group/DM068_F/DM068_F_L.csv,/home/wenalz/Documents/Antigravity projects/thermalDFU/IEE data port(original)/ThermoDataBase(IEE data port)/ThermoDataBase/DM Group/DM068_F/DM068_F_L.png,146x66,128x64,INTER_AREA,True,data/processed/arrays/train/DM068_L.npy,data/processed/images/train/DM068_L.png,ok,,7233,32.517,36.895,35.2818,0.6335,0,4855
DM068,R,train,DM_Grade4,F,8.9235632292,4.0,/home/wenalz/Documents/Antigravity projects/thermalDFU/IEE data port(original)/ThermoDataBase(IEE data port)/ThermoDataBase/DM Group/DM068_F/DM068_F_R.csv,/home/wenalz/Documents/Antigravity projects/thermalDFU/IEE data port(original)/ThermoDataBase(IEE data port)/ThermoDataBase/DM Group/DM068_F/DM068_F_R.png,146x69,128x64,INTER_AREA,False,data/processed/arrays/train/DM068_R.npy,data/processed/images/train/DM068_R.png,ok,,7297,32.033,36.997,34.8676,0.9393,0,3681
DM069,L,val,DM_Grade3,F,4.4205311156,3.0,/home/wenalz/Documents/Antigravity projects/thermalDFU/IEE data port(original)/ThermoDataBase(IEE data port)/ThermoDataBase/DM Group/DM069_F/DM069_F_L.csv,/home/wenalz/Documents/Antigravity projects/thermalDFU/IEE data port(original)/ThermoDataBase(IEE data port)/ThermoDataBase/DM Group/DM069_F/DM069_F_L.png,135x70,128x64,INTER_AREA,True,data/processed/arrays/val/DM069_L.npy,data/processed/images/val/DM069_L.png,ok,,6838,27.402,31.511,29.9804,0.5693,0,0
DM069,R,val,DM_Grade3,F,4.4205311156,3.0,/home/wenalz/Documents/Antigravity projects/thermalDFU/IEE data port(original)/ThermoDataBase(IEE data port)/ThermoDataBase/DM Group/DM069_F/DM069_F_R.csv,/home/wenalz/Documents/Antigravity projects/thermalDFU/IEE data port(original)/ThermoDataBase(IEE data port)/ThermoDataBase/DM Group/DM069_F/DM069_F_R.png,140x69,128x64,INTER_AREA,False,data/processed/arrays/val/DM069_R.npy,data/processed/images/val/DM069_R.png,ok,,7101,28.092,32.423,30.8637,0.4968,0,0
DM070,L,train,DM_Grade3,F,3.9049434655,3.0,/home/wenalz/Documents/Antigravity projects/thermalDFU/IEE data port(original)/ThermoDataBase(IEE data port)/ThermoDataBase/DM Group/DM070_F/DM070_F_L.csv,/home/wenalz/Documents/Antigravity projects/thermalDFU/IEE data port(original)/ThermoDataBase(IEE data port)/ThermoDataBase/DM Group/DM070_F/DM070_F_L.png,148x58,128x64,INTER_AREA,True,data/processed/arrays/train/DM070_L.npy,data/processed/images/train/DM070_L.png,ok,,6192,27.723,32.34,29.9941,0.7386,0,0
DM070,R,train,DM_Grade3,F,3.9049434655,3.0,/home/wenalz/Documents/Antigravity projects/thermalDFU/IEE data port(original)/ThermoDataBase(IEE data port)/ThermoDataBase/DM Group/DM070_F/DM070_F_R.csv,/home/wenalz/Documents/Antigravity projects/thermalDFU/IEE data port(original)/ThermoDataBase(IEE data port)/ThermoDataBase/DM Group/DM070_F/DM070_F_R.png,146x57,128x64,INTER_AREA,False,data/processed/arrays/train/DM070_R.npy,data/processed/images/train/DM070_R.png,ok,,5935,27.353,32.599,29.9893,0.8967,0,0
DM071,L,train,DM_Grade1,F,1.2565716794,1.0,/home/wenalz/Documents/Antigravity projects/thermalDFU/IEE data port(original)/ThermoDataBase(IEE data port)/ThermoDataBase/DM Group/DM071_F/DM071_F_L.csv,/home/wenalz/Documents/Antigravity projects/thermalDFU/IEE data port(original)/ThermoDataBase(IEE data port)/ThermoDataBase/DM Group/DM071_F/DM071_F_L.png,146x68,128x64,INTER_AREA,True,data/processed/arrays/train/DM071_L.npy,data/processed/images/train/DM071_L.png,ok,,7508,24.037,29.688,27.1367,1.1968,0,0
DM071,R,train,DM_Grade1,F,1.2565716794,1.0,/home/wenalz/Documents/Antigravity projects/thermalDFU/IEE data port(original)/ThermoDataBase(IEE data port)/ThermoDataBase/DM Group/DM071_F/DM071_F_R.csv,/home/wenalz/Documents/Antigravity projects/thermalDFU/IEE data port(original)/ThermoDataBase(IEE data port)/ThermoDataBase/DM Group/DM071_F/DM071_F_R.png,142x68,128x64,INTER_AREA,False,data/processed/arrays/train/DM071_R.npy,data/processed/images/train/DM071_R.png,ok,,7300,23.345,29.422,26.9847,1.3082,0,0
DM072,L,train,DM_Grade3,F,3.1157274239,3.0,/home/wenalz/Documents/Antigravity projects/thermalDFU/IEE data port(original)/ThermoDataBase(IEE data port)/ThermoDataBase/DM Group/DM072_F/DM072_F_L.csv,/home/wenalz/Documents/Antigravity projects/thermalDFU/IEE data port(original)/ThermoDataBase(IEE data port)/ThermoDataBase/DM Group/DM072_F/DM072_F_L.png,135x60,128x64,INTER_AREA,True,data/processed/arrays/train/DM072_L.npy,data/processed/images/train/DM072_L.png,ok,,5609,25.343,31.843,29.3365,1.1141,0,0
DM072,R,train,DM_Grade3,F,3.1157274239,3.0,/home/wenalz/Documents/Antigravity projects/thermalDFU/IEE data port(original)/ThermoDataBase(IEE data port)/ThermoDataBase/DM Group/DM072_F/DM072_F_R.csv,/home/wenalz/Documents/Antigravity projects/thermalDFU/IEE data port(original)/ThermoDataBase(IEE data port)/ThermoDataBase/DM Group/DM072_F/DM072_F_R.png,141x60,128x64,INTER_AREA,False,data/processed/arrays/train/DM072_R.npy,data/processed/images/train/DM072_R.png,ok,,6145,26.121,31.344,29.3062,1.0959,0,0
DM073,L,train,DM_Grade3,F,3.7703262013,3.0,/home/wenalz/Documents/Antigravity projects/thermalDFU/IEE data port(original)/ThermoDataBase(IEE data port)/ThermoDataBase/DM Group/DM073_F/DM073_F_L.csv,/home/wenalz/Documents/Antigravity projects/thermalDFU/IEE data port(original)/ThermoDataBase(IEE data port)/ThermoDataBase/DM Group/DM073_F/DM073_F_L.png,135x66,128x64,INTER_AREA,True,data/processed/arrays/train/DM073_L.npy,data/processed/images/train/DM073_L.png,ok,,6609,26.196,31.535,29.6495,1.1001,0,0
DM073,R,train,DM_Grade3,F,3.7703262013,3.0,/home/wenalz/Documents/Antigravity projects/thermalDFU/IEE data port(original)/ThermoDataBase(IEE data port)/ThermoDataBase/DM Group/DM073_F/DM073_F_R.csv,/home/wenalz/Documents/Antigravity projects/thermalDFU/IEE data port(original)/ThermoDataBase(IEE data port)/ThermoDataBase/DM Group/DM073_F/DM073_F_R.png,140x62,128x64,INTER_AREA,False,data/processed/arrays/train/DM073_R.npy,data/processed/images/train/DM073_R.png,ok,,6604,25.72,31.511,29.6265,1.0309,0,0
DM074,L,train,DM_Grade3,F,4.4455470303,3.0,/home/wenalz/Documents/Antigravity projects/thermalDFU/IEE data port(original)/ThermoDataBase(IEE data port)/ThermoDataBase/DM Group/DM074_F/DM074_F_L.csv,/home/wenalz/Documents/Antigravity projects/thermalDFU/IEE data port(original)/ThermoDataBase(IEE data port)/ThermoDataBase/DM Group/DM074_F/DM074_F_L.png,155x77,128x64,INTER_AREA,True,data/processed/arrays/train/DM074_L.npy,data/processed/images/train/DM074_L.png,ok,,8093,26.421,33.233,30.8997,1.1798,0,0
DM074,R,train,DM_Grade3,F,4.4455470303,3.0,/home/wenalz/Documents/Antigravity projects/thermalDFU/IEE data port(original)/ThermoDataBase(IEE data port)/ThermoDataBase/DM Group/DM074_F/DM074_F_R.csv,/home/wenalz/Documents/Antigravity projects/thermalDFU/IEE data port(original)/ThermoDataBase(IEE data port)/ThermoDataBase/DM Group/DM074_F/DM074_F_R.png,155x68,128x64,INTER_AREA,False,data/processed/arrays/train/DM074_R.npy,data/processed/images/train/DM074_R.png,ok,,7320,26.034,33.21,30.7036,1.3274,0,0
DM075,L,test,DM_Grade3,F,4.8025430132,3.0,/home/wenalz/Documents/Antigravity projects/thermalDFU/IEE data port(original)/ThermoDataBase(IEE data port)/ThermoDataBase/DM Group/DM075_F/DM075_F_L.csv,/home/wenalz/Documents/Antigravity projects/thermalDFU/IEE data port(original)/ThermoDataBase(IEE data port)/ThermoDataBase/DM Group/DM075_F/DM075_F_L.png,129x61,128x64,INTER_AREA,True,data/processed/arrays/test/DM075_L.npy,data/processed/images/test/DM075_L.png,ok,,5770,28.264,34.652,31.3694,1.4784,0,0
DM075,R,test,DM_Grade3,F,4.8025430132,3.0,/home/wenalz/Documents/Antigravity projects/thermalDFU/IEE data port(original)/ThermoDataBase(IEE data port)/ThermoDataBase/DM Group/DM075_F/DM075_F_R.csv,/home/wenalz/Documents/Antigravity projects/thermalDFU/IEE data port(original)/ThermoDataBase(IEE data port)/ThermoDataBase/DM Group/DM075_F/DM075_F_R.png,133x58,128x64,INTER_AREA,False,data/processed/arrays/test/DM075_R.npy,data/processed/images/test/DM075_R.png,ok,,5608,27.489,34.085,30.7587,1.8021,0,0
DM076,L,train,DM_Grade4,M,7.5438622258,4.0,/home/wenalz/Documents/Antigravity projects/thermalDFU/IEE data port(original)/ThermoDataBase(IEE data port)/ThermoDataBase/DM Group/DM076_M/DM076_M_L.csv,/home/wenalz/Documents/Antigravity projects/thermalDFU/IEE data port(original)/ThermoDataBase(IEE data port)/ThermoDataBase/DM Group/DM076_M/DM076_M_L.png,156x72,128x64,INTER_AREA,True,data/processed/arrays/train/DM076_L.npy,data/processed/images/train/DM076_L.png,ok,,7868,31.165,35.114,33.7073,0.4981,0,10
DM076,R,train,DM_Grade4,M,7.5438622258,4.0,/home/wenalz/Documents/Antigravity projects/thermalDFU/IEE data port(original)/ThermoDataBase(IEE data port)/ThermoDataBase/DM Group/DM076_M/DM076_M_R.csv,/home/wenalz/Documents/Antigravity projects/thermalDFU/IEE data port(original)/ThermoDataBase(IEE data port)/ThermoDataBase/DM Group/DM076_M/DM076_M_R.png,156x71,128x64,INTER_AREA,False,data/processed/arrays/train/DM076_R.npy,data/processed/images/train/DM076_R.png,ok,,7628,31.273,35.091,33.5668,0.604,0,9
DM077,L,train,DM_Grade4,F,6.8965286715,4.0,/home/wenalz/Documents/Antigravity projects/thermalDFU/IEE data port(original)/ThermoDataBase(IEE data port)/ThermoDataBase/DM Group/DM077_F/DM077_F_L.csv,/home/wenalz/Documents/Antigravity projects/thermalDFU/IEE data port(original)/ThermoDataBase(IEE data port)/ThermoDataBase/DM Group/DM077_F/DM077_F_L.png,139x56,128x64,INTER_AREA,True,data/processed/arrays/train/DM077_L.npy,data/processed/images/train/DM077_L.png,ok,,5788,30.062,34.514,32.9283,0.7722,0,0
DM077,R,train,DM_Grade4,F,6.8965286715,4.0,/home/wenalz/Documents/Antigravity projects/thermalDFU/IEE data port(original)/ThermoDataBase(IEE data port)/ThermoDataBase/DM Group/DM077_F/DM077_F_R.csv,/home/wenalz/Documents/Antigravity projects/thermalDFU/IEE data port(original)/ThermoDataBase(IEE data port)/ThermoDataBase/DM Group/DM077_F/DM077_F_R.png,139x55,128x64,INTER_AREA,False,data/processed/arrays/train/DM077_R.npy,data/processed/images/train/DM077_R.png,ok,,5623,30.002,34.537,33.0547,0.7053,0,0
DM078,L,train,DM_Grade3,F,4.6268254285,3.0,/home/wenalz/Documents/Antigravity projects/thermalDFU/IEE data port(original)/ThermoDataBase(IEE data port)/ThermoDataBase/DM Group/DM078_F/DM078_F_L.csv,/home/wenalz/Documents/Antigravity projects/thermalDFU/IEE data port(original)/ThermoDataBase(IEE data port)/ThermoDataBase/DM Group/DM078_F/DM078_F_L.png,154x67,128x64,INTER_AREA,True,data/processed/arrays/train/DM078_L.npy,data/processed/images/train/DM078_L.png,ok,,7922,27.291,32.246,29.4684,1.1082,0,0
DM078,R,train,DM_Grade3,F,4.6268254285,3.0,/home/wenalz/Documents/Antigravity projects/thermalDFU/IEE data port(original)/ThermoDataBase(IEE data port)/ThermoDataBase/DM Group/DM078_F/DM078_F_R.csv,/home/wenalz/Documents/Antigravity projects/thermalDFU/IEE data port(original)/ThermoDataBase(IEE data port)/ThermoDataBase/DM Group/DM078_F/DM078_F_R.png,161x69,128x64,INTER_AREA,False,data/processed/arrays/train/DM078_R.npy,data/processed/images/train/DM078_R.png,ok,,8467,28.838,33.642,31.5937,0.8877,0,0
DM079,L,train,DM_Grade0,M,0.6519147845,0.0,/home/wenalz/Documents/Antigravity projects/thermalDFU/IEE data port(original)/ThermoDataBase(IEE data port)/ThermoDataBase/DM Group/DM079_M/DM079_M_L.csv,/home/wenalz/Documents/Antigravity projects/thermalDFU/IEE data port(original)/ThermoDataBase(IEE data port)/ThermoDataBase/DM Group/DM079_M/DM079_M_L.png,131x67,128x64,INTER_AREA,True,data/processed/arrays/train/DM079_L.npy,data/processed/images/train/DM079_L.png,ok,,6685,22.791,29.349,26.0971,1.4566,0,0
DM079,R,train,DM_Grade0,M,0.6519147845,0.0,/home/wenalz/Documents/Antigravity projects/thermalDFU/IEE data port(original)/ThermoDataBase(IEE data port)/ThermoDataBase/DM Group/DM079_M/DM079_M_R.csv,/home/wenalz/Documents/Antigravity projects/thermalDFU/IEE data port(original)/ThermoDataBase(IEE data port)/ThermoDataBase/DM Group/DM079_M/DM079_M_R.png,129x66,128x64,INTER_AREA,False,data/processed/arrays/train/DM079_R.npy,data/processed/images/train/DM079_R.png,ok,,6421,22.83,30.147,26.447,1.5528,0,0
DM080,L,train,DM_Grade2,F,2.46688683,2.0,/home/wenalz/Documents/Antigravity projects/thermalDFU/IEE data port(original)/ThermoDataBase(IEE data port)/ThermoDataBase/DM Group/DM080_F/DM080_F_L.csv,/home/wenalz/Documents/Antigravity projects/thermalDFU/IEE data port(original)/ThermoDataBase(IEE data port)/ThermoDataBase/DM Group/DM080_F/DM080_F_L.png,144x62,128x64,INTER_AREA,True,data/processed/arrays/train/DM080_L.npy,data/processed/images/train/DM080_L.png,ok,,6597,25.544,29.64,28.0656,0.776,0,0
DM080,R,train,DM_Grade2,F,2.46688683,2.0,/home/wenalz/Documents/Antigravity projects/thermalDFU/IEE data port(original)/ThermoDataBase(IEE data port)/ThermoDataBase/DM Group/DM080_F/DM080_F_R.csv,/home/wenalz/Documents/Antigravity projects/thermalDFU/IEE data port(original)/ThermoDataBase(IEE data port)/ThermoDataBase/DM Group/DM080_F/DM080_F_R.png,143x64,128x64,INTER_AREA,False,data/processed/arrays/train/DM080_R.npy,data/processed/images/train/DM080_R.png,ok,,6908,25.909,31.879,28.9989,1.1111,0,0
DM081,L,test,DM_Grade2,F,2.178159128,2.0,/home/wenalz/Documents/Antigravity projects/thermalDFU/IEE data port(original)/ThermoDataBase(IEE data port)/ThermoDataBase/DM Group/DM081_F/DM081_F_L.csv,/home/wenalz/Documents/Antigravity projects/thermalDFU/IEE data port(original)/ThermoDataBase(IEE data port)/ThermoDataBase/DM Group/DM081_F/DM081_F_L.png,155x68,128x64,INTER_AREA,True,data/processed/arrays/test/DM081_L.npy,data/processed/images/test/DM081_L.png,ok,,7320,25.532,30.327,28.1492,1.0738,0,0
DM081,R,test,DM_Grade2,F,2.178159128,2.0,/home/wenalz/Documents/Antigravity projects/thermalDFU/IEE data port(original)/ThermoDataBase(IEE data port)/ThermoDataBase/DM Group/DM081_F/DM081_F_R.csv,/home/wenalz/Documents/Antigravity projects/thermalDFU/IEE data port(original)/ThermoDataBase(IEE data port)/ThermoDataBase/DM Group/DM081_F/DM081_F_R.png,151x68,128x64,INTER_AREA,False,data/processed/arrays/test/DM081_R.npy,data/processed/images/test/DM081_R.png,ok,,7206,25.356,30.459,27.9453,1.1081,0,0
DM082,L,train,DM_Grade4,F,7.8979796274,4.0,/home/wenalz/Documents/Antigravity projects/thermalDFU/IEE data port(original)/ThermoDataBase(IEE data port)/ThermoDataBase/DM Group/DM082_F/DM082_F_L.csv,/home/wenalz/Documents/Antigravity projects/thermalDFU/IEE data port(original)/ThermoDataBase(IEE data port)/ThermoDataBase/DM Group/DM082_F/DM082_F_L.png,153x64,128x64,INTER_AREA,True,data/processed/arrays/train/DM082_L.npy,data/processed/images/train/DM082_L.png,ok,,7099,30.339,36.6,34.0641,1.3363,0,2248
DM082,R,train,DM_Grade4,F,7.8979796274,4.0,/home/wenalz/Documents/Antigravity projects/thermalDFU/IEE data port(original)/ThermoDataBase(IEE data port)/ThermoDataBase/DM Group/DM082_F/DM082_F_R.csv,/home/wenalz/Documents/Antigravity projects/thermalDFU/IEE data port(original)/ThermoDataBase(IEE data port)/ThermoDataBase/DM Group/DM082_F/DM082_F_R.png,157x63,128x64,INTER_AREA,False,data/processed/arrays/train/DM082_R.npy,data/processed/images/train/DM082_R.png,ok,,7043,31.511,36.122,33.9888,1.0413,0,1389
DM083,L,train,DM_Grade3,M,3.6220107457,3.0,/home/wenalz/Documents/Antigravity projects/thermalDFU/IEE data port(original)/ThermoDataBase(IEE data port)/ThermoDataBase/DM Group/DM083_M/DM083_M_L.csv,/home/wenalz/Documents/Antigravity projects/thermalDFU/IEE data port(original)/ThermoDataBase(IEE data port)/ThermoDataBase/DM Group/DM083_M/DM083_M_L.png,153x57,128x64,INTER_AREA,True,data/processed/arrays/train/DM083_L.npy,data/processed/images/train/DM083_L.png,ok,,6696,25.393,32.67,28.8984,1.5344,0,0
DM083,R,train,DM_Grade3,M,3.6220107457,3.0,/home/wenalz/Documents/Antigravity projects/thermalDFU/IEE data port(original)/ThermoDataBase(IEE data port)/ThermoDataBase/DM Group/DM083_M/DM083_M_R.csv,/home/wenalz/Documents/Antigravity projects/thermalDFU/IEE data port(original)/ThermoDataBase(IEE data port)/ThermoDataBase/DM Group/DM083_M/DM083_M_R.png,155x58,128x64,INTER_AREA,False,data/processed/arrays/train/DM083_R.npy,data/processed/images/train/DM083_R.png,ok,,6561,27.365,33.409,30.726,1.4439,0,0
DM084,L,train,DM_Grade3,F,3.7431267535,3.0,/home/wenalz/Documents/Antigravity projects/thermalDFU/IEE data port(original)/ThermoDataBase(IEE data port)/ThermoDataBase/DM Group/DM084_F/DM084_F_L.csv,/home/wenalz/Documents/Antigravity projects/thermalDFU/IEE data port(original)/ThermoDataBase(IEE data port)/ThermoDataBase/DM Group/DM084_F/DM084_F_L.png,146x69,128x64,INTER_AREA,True,data/processed/arrays/train/DM084_L.npy,data/processed/images/train/DM084_L.png,ok,,7362,26.346,33.104,29.7533,1.3852,0,0
DM084,R,train,DM_Grade3,F,3.7431267535,3.0,/home/wenalz/Documents/Antigravity projects/thermalDFU/IEE data port(original)/ThermoDataBase(IEE data port)/ThermoDataBase/DM Group/DM084_F/DM084_F_R.csv,/home/wenalz/Documents/Antigravity projects/thermalDFU/IEE data port(original)/ThermoDataBase(IEE data port)/ThermoDataBase/DM Group/DM084_F/DM084_F_R.png,137x68,128x64,INTER_AREA,False,data/processed/arrays/train/DM084_R.npy,data/processed/images/train/DM084_R.png,ok,,6853,26.882,31.535,29.7314,1.0869,0,0
DM085,L,train,DM_Grade3,F,3.2681783389,3.0,/home/wenalz/Documents/Antigravity projects/thermalDFU/IEE data port(original)/ThermoDataBase(IEE data port)/ThermoDataBase/DM Group/DM085_F/DM085_F_L.csv,/home/wenalz/Documents/Antigravity projects/thermalDFU/IEE data port(original)/ThermoDataBase(IEE data port)/ThermoDataBase/DM Group/DM085_F/DM085_F_L.png,141x59,128x64,INTER_AREA,True,data/processed/arrays/train/DM085_L.npy,data/processed/images/train/DM085_L.png,ok,,6164,18.905,25.746,22.5359,1.603,0,0
DM085,R,train,DM_Grade3,F,3.2681783389,3.0,/home/wenalz/Documents/Antigravity projects/thermalDFU/IEE data port(original)/ThermoDataBase(IEE data port)/ThermoDataBase/DM Group/DM085_F/DM085_F_R.csv,/home/wenalz/Documents/Antigravity projects/thermalDFU/IEE data port(original)/ThermoDataBase(IEE data port)/ThermoDataBase/DM Group/DM085_F/DM085_F_R.png,138x61,128x64,INTER_AREA,False,data/processed/arrays/train/DM085_R.npy,data/processed/images/train/DM085_R.png,ok,,6226,18.946,25.532,22.5867,1.5292,0,0
DM086,L,train,DM_Grade2,F,2.9406264014,2.0,/home/wenalz/Documents/Antigravity projects/thermalDFU/IEE data port(original)/ThermoDataBase(IEE data port)/ThermoDataBase/DM Group/DM086_F/DM086_F_L.csv,/home/wenalz/Documents/Antigravity projects/thermalDFU/IEE data port(original)/ThermoDataBase(IEE data port)/ThermoDataBase/DM Group/DM086_F/DM086_F_L.png,138x79,128x64,INTER_AREA,True,data/processed/arrays/train/DM086_L.npy,data/processed/images/train/DM086_L.png,ok,,7604,26.309,31.63,29.0551,0.7973,0,0
DM086,R,train,DM_Grade2,F,2.9406264014,2.0,/home/wenalz/Documents/Antigravity projects/thermalDFU/IEE data port(original)/ThermoDataBase(IEE data port)/ThermoDataBase/DM Group/DM086_F/DM086_F_R.csv,/home/wenalz/Documents/Antigravity projects/thermalDFU/IEE data port(original)/ThermoDataBase(IEE data port)/ThermoDataBase/DM Group/DM086_F/DM086_F_R.png,144x78,128x64,INTER_AREA,False,data/processed/arrays/train/DM086_R.npy,data/processed/images/train/DM086_R.png,ok,,7878,26.77,31.499,28.9766,0.8254,0,0
DM087,L,val,DM_Grade3,F,3.353809325,3.0,/home/wenalz/Documents/Antigravity projects/thermalDFU/IEE data port(original)/ThermoDataBase(IEE data port)/ThermoDataBase/DM Group/DM087_F/DM087_F_L.csv,/home/wenalz/Documents/Antigravity projects/thermalDFU/IEE data port(original)/ThermoDataBase(IEE data port)/ThermoDataBase/DM Group/DM087_F/DM087_F_L.png,159x67,128x64,INTER_AREA,True,data/processed/arrays/val/DM087_L.npy,data/processed/images/val/DM087_L.png,ok,,8145,24.901,31.546,28.9014,1.0486,0,0
DM087,R,val,DM_Grade3,F,3.353809325,3.0,/home/wenalz/Documents/Antigravity projects/thermalDFU/IEE data port(original)/ThermoDataBase(IEE data port)/ThermoDataBase/DM Group/DM087_F/DM087_F_R.csv,/home/wenalz/Documents/Antigravity projects/thermalDFU/IEE data port(original)/ThermoDataBase(IEE data port)/ThermoDataBase/DM Group/DM087_F/DM087_F_R.png,162x70,128x64,INTER_AREA,False,data/processed/arrays/val/DM087_R.npy,data/processed/images/val/DM087_R.png,ok,,8387,25.833,34.166,30.0312,1.834,0,0
DM088,L,train,DM_Grade4,M,6.173101889,4.0,/home/wenalz/Documents/Antigravity projects/thermalDFU/IEE data port(original)/ThermoDataBase(IEE data port)/ThermoDataBase/DM Group/DM088_M/DM088_M_L.csv,/home/wenalz/Documents/Antigravity projects/thermalDFU/IEE data port(original)/ThermoDataBase(IEE data port)/ThermoDataBase/DM Group/DM088_M/DM088_M_L.png,163x66,128x64,INTER_AREA,True,data/processed/arrays/train/DM088_L.npy,data/processed/images/train/DM088_L.png,ok,,8157,29.009,34.154,31.8239,0.903,0,0
DM088,R,train,DM_Grade4,M,6.173101889,4.0,/home/wenalz/Documents/Antigravity projects/thermalDFU/IEE data port(original)/ThermoDataBase(IEE data port)/ThermoDataBase/DM Group/DM088_M/DM088_M_R.csv,/home/wenalz/Documents/Antigravity projects/thermalDFU/IEE data port(original)/ThermoDataBase(IEE data port)/ThermoDataBase/DM Group/DM088_M/DM088_M_R.png,164x64,128x64,INTER_AREA,False,data/processed/arrays/train/DM088_R.npy,data/processed/images/train/DM088_R.png,ok,,8059,29.64,34.351,32.8515,0.6905,0,0
DM089,L,test,DM_Grade4,F,5.0512658394,4.0,/home/wenalz/Documents/Antigravity projects/thermalDFU/IEE data port(original)/ThermoDataBase(IEE data port)/ThermoDataBase/DM Group/DM089_F/DM089_F_L.csv,/home/wenalz/Documents/Antigravity projects/thermalDFU/IEE data port(original)/ThermoDataBase(IEE data port)/ThermoDataBase/DM Group/DM089_F/DM089_F_L.png,149x71,128x64,INTER_AREA,True,data/processed/arrays/test/DM089_L.npy,data/processed/images/test/DM089_L.png,ok,,7665,25.154,35.309,31.2784,2.1676,0,118
DM089,R,test,DM_Grade4,F,5.0512658394,4.0,/home/wenalz/Documents/Antigravity projects/thermalDFU/IEE data port(original)/ThermoDataBase(IEE data port)/ThermoDataBase/DM Group/DM089_F/DM089_F_R.csv,/home/wenalz/Documents/Antigravity projects/thermalDFU/IEE data port(original)/ThermoDataBase(IEE data port)/ThermoDataBase/DM Group/DM089_F/DM089_F_R.png,149x72,128x64,INTER_AREA,False,data/processed/arrays/test/DM089_R.npy,data/processed/images/test/DM089_R.png,ok,,7510,25.431,35.665,31.6537,2.2322,0,393
DM090,L,test,DM_Grade0,F,0.4429352434,0.0,/home/wenalz/Documents/Antigravity projects/thermalDFU/IEE data port(original)/ThermoDataBase(IEE data port)/ThermoDataBase/DM Group/DM090_F/DM090_F_L.csv,/home/wenalz/Documents/Antigravity projects/thermalDFU/IEE data port(original)/ThermoDataBase(IEE data port)/ThermoDataBase/DM Group/DM090_F/DM090_F_L.png,168x74,128x64,INTER_AREA,True,data/processed/arrays/test/DM090_L.npy,data/processed/images/test/DM090_L.png,ok,,8877,22.221,28.533,25.3102,1.2578,0,0
DM090,R,test,DM_Grade0,F,0.4429352434,0.0,/home/wenalz/Documents/Antigravity projects/thermalDFU/IEE data port(original)/ThermoDataBase(IEE data port)/ThermoDataBase/DM Group/DM090_F/DM090_F_R.csv,/home/wenalz/Documents/Antigravity projects/thermalDFU/IEE data port(original)/ThermoDataBase(IEE data port)/ThermoDataBase/DM Group/DM090_F/DM090_F_R.png,170x83,128x64,INTER_AREA,False,data/processed/arrays/test/DM090_R.npy,data/processed/images/test/DM090_R.png,ok,,9391,22.623,27.809,25.683,1.0548,0,0
DM091,L,val,DM_Grade4,M,7.6816023593,4.0,/home/wenalz/Documents/Antigravity projects/thermalDFU/IEE data port(original)/ThermoDataBase(IEE data port)/ThermoDataBase/DM Group/DM091_M/DM091_M_L.csv,/home/wenalz/Documents/Antigravity projects/thermalDFU/IEE data port(original)/ThermoDataBase(IEE data port)/ThermoDataBase/DM Group/DM091_M/DM091_M_L.png,174x68,128x64,INTER_AREA,True,data/processed/arrays/val/DM091_L.npy,data/processed/images/val/DM091_L.png,ok,,9030,30.759,35.71,33.9199,0.9018,0,336
DM091,R,val,DM_Grade4,M,7.6816023593,4.0,/home/wenalz/Documents/Antigravity projects/thermalDFU/IEE data port(original)/ThermoDataBase(IEE data port)/ThermoDataBase/DM Group/DM091_M/DM091_M_R.csv,/home/wenalz/Documents/Antigravity projects/thermalDFU/IEE data port(original)/ThermoDataBase(IEE data port)/ThermoDataBase/DM Group/DM091_M/DM091_M_R.png,172x67,128x64,INTER_AREA,False,data/processed/arrays/val/DM091_R.npy,data/processed/images/val/DM091_R.png,ok,,8795,29.99,35.309,33.7941,0.8056,0,44
DM092,L,train,DM_Grade4,F,9.4585829508,4.0,/home/wenalz/Documents/Antigravity projects/thermalDFU/IEE data port(original)/ThermoDataBase(IEE data port)/ThermoDataBase/DM Group/DM092_F/DM092_F_L.csv,/home/wenalz/Documents/Antigravity projects/thermalDFU/IEE data port(original)/ThermoDataBase(IEE data port)/ThermoDataBase/DM Group/DM092_F/DM092_F_L.png,133x61,128x64,INTER_AREA,True,data/processed/arrays/train/DM092_L.npy,data/processed/images/train/DM092_L.png,ok,,5725,32.434,37.189,35.5596,0.9674,0,4056
DM092,R,train,DM_Grade4,F,9.4585829508,4.0,/home/wenalz/Documents/Antigravity projects/thermalDFU/IEE data port(original)/ThermoDataBase(IEE data port)/ThermoDataBase/DM Group/DM092_F/DM092_F_R.csv,/home/wenalz/Documents/Antigravity projects/thermalDFU/IEE data port(original)/ThermoDataBase(IEE data port)/ThermoDataBase/DM Group/DM092_F/DM092_F_R.png,130x57,128x64,INTER_AREA,False,data/processed/arrays/train/DM092_R.npy,data/processed/images/train/DM092_R.png,ok,,5406,32.269,37.065,35.601,0.7065,0,4549
DM093,L,train,DM_Grade4,F,8.8198038828,4.0,/home/wenalz/Documents/Antigravity projects/thermalDFU/IEE data port(original)/ThermoDataBase(IEE data port)/ThermoDataBase/DM Group/DM093_F/DM093_F_L.csv,/home/wenalz/Documents/Antigravity projects/thermalDFU/IEE data port(original)/ThermoDataBase(IEE data port)/ThermoDataBase/DM Group/DM093_F/DM093_F_L.png,155x73,128x64,INTER_AREA,True,data/processed/arrays/train/DM093_L.npy,data/processed/images/train/DM093_L.png,ok,,8390,31.368,36.872,35.0634,0.7332,0,5203
DM093,R,train,DM_Grade4,F,8.8198038828,4.0,/home/wenalz/Documents/Antigravity projects/thermalDFU/IEE data port(original)/ThermoDataBase(IEE data port)/ThermoDataBase/DM Group/DM093_F/DM093_F_R.csv,/home/wenalz/Documents/Antigravity projects/thermalDFU/IEE data port(original)/ThermoDataBase(IEE data port)/ThermoDataBase/DM Group/DM093_F/DM093_F_R.png,159x70,128x64,INTER_AREA,False,data/processed/arrays/train/DM093_R.npy,data/processed/images/train/DM093_R.png,ok,,8396,31.273,36.361,34.6329,0.6379,0,2315
DM094,L,train,DM_Grade0,F,0.5874157668,0.0,/home/wenalz/Documents/Antigravity projects/thermalDFU/IEE data port(original)/ThermoDataBase(IEE data port)/ThermoDataBase/DM Group/DM094_F/DM094_F_L.csv,/home/wenalz/Documents/Antigravity projects/thermalDFU/IEE data port(original)/ThermoDataBase(IEE data port)/ThermoDataBase/DM Group/DM094_F/DM094_F_L.png,159x69,128x64,INTER_AREA,True,data/processed/arrays/train/DM094_L.npy,data/processed/images/train/DM094_L.png,ok,,7715,23.525,29.397,26.4436,1.2722,0,0
DM094,R,train,DM_Grade0,F,0.5874157668,0.0,/home/wenalz/Documents/Antigravity projects/thermalDFU/IEE data port(original)/ThermoDataBase(IEE data port)/ThermoDataBase/DM Group/DM094_F/DM094_F_R.csv,/home/wenalz/Documents/Antigravity projects/thermalDFU/IEE data port(original)/ThermoDataBase(IEE data port)/ThermoDataBase/DM Group/DM094_F/DM094_F_R.png,149x70,128x64,INTER_AREA,False,data/processed/arrays/train/DM094_R.npy,data/processed/images/train/DM094_R.png,ok,,7384,21.268,27.55,25.6695,1.0694,0,0
DM095,L,train,DM_Grade1,F,1.1121415639,1.0,/home/wenalz/Documents/Antigravity projects/thermalDFU/IEE data port(original)/ThermoDataBase(IEE data port)/ThermoDataBase/DM Group/DM095_F/DM095_F_L.csv,/home/wenalz/Documents/Antigravity projects/thermalDFU/IEE data port(original)/ThermoDataBase(IEE data port)/ThermoDataBase/DM Group/DM095_F/DM095_F_L.png,168x67,128x64,INTER_AREA,True,data/processed/arrays/train/DM095_L.npy,data/processed/images/train/DM095_L.png,ok,,7981,20.795,28.972,25.6625,1.3842,0,0
DM095,R,train,DM_Grade1,F,1.1121415639,1.0,/home/wenalz/Documents/Antigravity projects/thermalDFU/IEE data port(original)/ThermoDataBase(IEE data port)/ThermoDataBase/DM Group/DM095_F/DM095_F_R.csv,/home/wenalz/Documents/Antigravity projects/thermalDFU/IEE data port(original)/ThermoDataBase(IEE data port)/ThermoDataBase/DM Group/DM095_F/DM095_F_R.png,172x67,128x64,INTER_AREA,False,data/processed/arrays/train/DM095_R.npy,data/processed/images/train/DM095_R.png,ok,,8277,23.64,29.676,26.9902,1.0143,0,0
DM096,L,val,DM_Grade1,M,1.5759674703,1.0,/home/wenalz/Documents/Antigravity projects/thermalDFU/IEE data port(original)/ThermoDataBase(IEE data port)/ThermoDataBase/DM Group/DM096_M/DM096_M_L.csv,/home/wenalz/Documents/Antigravity projects/thermalDFU/IEE data port(original)/ThermoDataBase(IEE data port)/ThermoDataBase/DM Group/DM096_M/DM096_M_L.png,157x68,128x64,INTER_AREA,True,data/processed/arrays/val/DM096_L.npy,data/processed/images/val/DM096_L.png,ok,,7784,20.808,30.171,26.6719,1.4389,0,0
DM096,R,val,DM_Grade1,M,1.5759674703,1.0,/home/wenalz/Documents/Antigravity projects/thermalDFU/IEE data port(original)/ThermoDataBase(IEE data port)/ThermoDataBase/DM Group/DM096_M/DM096_M_R.csv,/home/wenalz/Documents/Antigravity projects/thermalDFU/IEE data port(original)/ThermoDataBase(IEE data port)/ThermoDataBase/DM Group/DM096_M/DM096_M_R.png,153x66,128x64,INTER_AREA,False,data/processed/arrays/val/DM096_R.npy,data/processed/images/val/DM096_R.png,ok,,7595,20.676,28.972,25.2089,2.1806,0,0
DM097,L,train,DM_Grade4,F,5.3255048251,4.0,/home/wenalz/Documents/Antigravity projects/thermalDFU/IEE data port(original)/ThermoDataBase(IEE data port)/ThermoDataBase/DM Group/DM097_F/DM097_F_L.csv,/home/wenalz/Documents/Antigravity projects/thermalDFU/IEE data port(original)/ThermoDataBase(IEE data port)/ThermoDataBase/DM Group/DM097_F/DM097_F_L.png,144x67,128x64,INTER_AREA,True,data/processed/arrays/train/DM097_L.npy,data/processed/images/train/DM097_L.png,ok,,7128,28.435,32.529,31.197,0.3876,0,0
DM097,R,train,DM_Grade4,F,5.3255048251,4.0,/home/wenalz/Documents/Antigravity projects/thermalDFU/IEE data port(original)/ThermoDataBase(IEE data port)/ThermoDataBase/DM Group/DM097_F/DM097_F_R.csv,/home/wenalz/Documents/Antigravity projects/thermalDFU/IEE data port(original)/ThermoDataBase(IEE data port)/ThermoDataBase/DM Group/DM097_F/DM097_F_R.png,148x63,128x64,INTER_AREA,False,data/processed/arrays/train/DM097_R.npy,data/processed/images/train/DM097_R.png,ok,,6939,29.203,32.752,31.4362,0.4794,0,0
DM098,L,train,DM_Grade3,M,3.3843994667,3.0,/home/wenalz/Documents/Antigravity projects/thermalDFU/IEE data port(original)/ThermoDataBase(IEE data port)/ThermoDataBase/DM Group/DM098_M/DM098_M_L.csv,/home/wenalz/Documents/Antigravity projects/thermalDFU/IEE data port(original)/ThermoDataBase(IEE data port)/ThermoDataBase/DM Group/DM098_M/DM098_M_L.png,159x76,128x64,INTER_AREA,True,data/processed/arrays/train/DM098_L.npy,data/processed/images/train/DM098_L.png,ok,,8825,24.876,30.543,28.781,1.0241,0,0
DM098,R,train,DM_Grade3,M,3.3843994667,3.0,/home/wenalz/Documents/Antigravity projects/thermalDFU/IEE data port(original)/ThermoDataBase(IEE data port)/ThermoDataBase/DM Group/DM098_M/DM098_M_R.csv,/home/wenalz/Documents/Antigravity projects/thermalDFU/IEE data port(original)/ThermoDataBase(IEE data port)/ThermoDataBase/DM Group/DM098_M/DM098_M_R.png,167x72,128x64,INTER_AREA,False,data/processed/arrays/train/DM098_R.npy,data/processed/images/train/DM098_R.png,ok,,8741,25.607,32.87,30.1428,1.1607,0,0
DM099,L,train,DM_Grade2,F,2.075938671,2.0,/home/wenalz/Documents/Antigravity projects/thermalDFU/IEE data port(original)/ThermoDataBase(IEE data port)/ThermoDataBase/DM Group/DM099_F/DM099_F_L.csv,/home/wenalz/Documents/Antigravity projects/thermalDFU/IEE data port(original)/ThermoDataBase(IEE data port)/ThermoDataBase/DM Group/DM099_F/DM099_F_L.png,140x63,128x64,INTER_AREA,True,data/processed/arrays/train/DM099_L.npy,data/processed/images/train/DM099_L.png,ok,,6620,23.499,30.014,27.0044,1.6597,0,0
DM099,R,train,DM_Grade2,F,2.075938671,2.0,/home/wenalz/Documents/Antigravity projects/thermalDFU/IEE data port(original)/ThermoDataBase(IEE data port)/ThermoDataBase/DM Group/DM099_F/DM099_F_R.csv,/home/wenalz/Documents/Antigravity projects/thermalDFU/IEE data port(original)/ThermoDataBase(IEE data port)/ThermoDataBase/DM Group/DM099_F/DM099_F_R.png,145x59,128x64,INTER_AREA,False,data/processed/arrays/train/DM099_R.npy,data/processed/images/train/DM099_R.png,ok,,6495,24.609,30.639,28.8501,1.0305,0,0
DM100,L,train,DM_Grade3,F,4.6054373772,3.0,/home/wenalz/Documents/Antigravity projects/thermalDFU/IEE data port(original)/ThermoDataBase(IEE data port)/ThermoDataBase/DM Group/DM100_F/DM100_F_L.csv,/home/wenalz/Documents/Antigravity projects/thermalDFU/IEE data port(original)/ThermoDataBase(IEE data port)/ThermoDataBase/DM Group/DM100_F/DM100_F_L.png,150x62,128x64,INTER_AREA,True,data/processed/arrays/train/DM100_L.npy,data/processed/images/train/DM100_L.png,ok,,6821,27.08,32.045,30.5541,0.9421,0,0
DM100,R,train,DM_Grade3,F,4.6054373772,3.0,/home/wenalz/Documents/Antigravity projects/thermalDFU/IEE data port(original)/ThermoDataBase(IEE data port)/ThermoDataBase/DM Group/DM100_F/DM100_F_R.csv,/home/wenalz/Documents/Antigravity projects/thermalDFU/IEE data port(original)/ThermoDataBase(IEE data port)/ThermoDataBase/DM Group/DM100_F/DM100_F_R.png,156x63,128x64,INTER_AREA,False,data/processed/arrays/train/DM100_R.npy,data/processed/images/train/DM100_R.png,ok,,7174,28.728,32.835,30.7617,0.659,0,0
DM101,L,train,DM_Grade0,F,0.9015260896,0.0,/home/wenalz/Documents/Antigravity projects/thermalDFU/IEE data port(original)/ThermoDataBase(IEE data port)/ThermoDataBase/DM Group/DM101_F/DM101_F_L.csv,/home/wenalz/Documents/Antigravity projects/thermalDFU/IEE data port(original)/ThermoDataBase(IEE data port)/ThermoDataBase/DM Group/DM101_F/DM101_F_L.png,169x74,128x64,INTER_AREA,True,data/processed/arrays/train/DM101_L.npy,data/processed/images/train/DM101_L.png,ok,,8907,22.286,27.439,24.8396,1.3364,0,0
DM101,R,train,DM_Grade0,F,0.9015260896,0.0,/home/wenalz/Documents/Antigravity projects/thermalDFU/IEE data port(original)/ThermoDataBase(IEE data port)/ThermoDataBase/DM Group/DM101_F/DM101_F_R.csv,/home/wenalz/Documents/Antigravity projects/thermalDFU/IEE data port(original)/ThermoDataBase(IEE data port)/ThermoDataBase/DM Group/DM101_F/DM101_F_R.png,169x67,128x64,INTER_AREA,False,data/processed/arrays/train/DM101_R.npy,data/processed/images/train/DM101_R.png,ok,,8548,22.688,27.278,25.1295,0.9023,0,0
DM102,L,val,DM_Grade2,F,2.4388828532,2.0,/home/wenalz/Documents/Antigravity projects/thermalDFU/IEE data port(original)/ThermoDataBase(IEE data port)/ThermoDataBase/DM Group/DM102_F/DM102_F_L.csv,/home/wenalz/Documents/Antigravity projects/thermalDFU/IEE data port(original)/ThermoDataBase(IEE data port)/ThermoDataBase/DM Group/DM102_F/DM102_F_L.png,153x64,128x64,INTER_AREA,True,data/processed/arrays/val/DM102_L.npy,data/processed/images/val/DM102_L.png,ok,,7146,25.507,31.618,28.5169,1.2239,0,0
DM102,R,val,DM_Grade2,F,2.4388828532,2.0,/home/wenalz/Documents/Antigravity projects/thermalDFU/IEE data port(original)/ThermoDataBase(IEE data port)/ThermoDataBase/DM Group/DM102_F/DM102_F_R.csv,/home/wenalz/Documents/Antigravity projects/thermalDFU/IEE data port(original)/ThermoDataBase(IEE data port)/ThermoDataBase/DM Group/DM102_F/DM102_F_R.png,152x59,128x64,INTER_AREA,False,data/processed/arrays/val/DM102_R.npy,data/processed/images/val/DM102_R.png,ok,,6905,25.141,30.11,28.1045,1.0146,0,0
DM103,L,val,DM_Grade3,F,4.0899512513,3.0,/home/wenalz/Documents/Antigravity projects/thermalDFU/IEE data port(original)/ThermoDataBase(IEE data port)/ThermoDataBase/DM Group/DM103_F/DM103_F_L.csv,/home/wenalz/Documents/Antigravity projects/thermalDFU/IEE data port(original)/ThermoDataBase(IEE data port)/ThermoDataBase/DM Group/DM103_F/DM103_F_L.png,148x69,128x64,INTER_AREA,True,data/processed/arrays/val/DM103_L.npy,data/processed/images/val/DM103_L.png,ok,,7604,25.456,32.234,29.7619,1.4939,0,0
DM103,R,val,DM_Grade3,F,4.0899512513,3.0,/home/wenalz/Documents/Antigravity projects/thermalDFU/IEE data port(original)/ThermoDataBase(IEE data port)/ThermoDataBase/DM Group/DM103_F/DM103_F_R.csv,/home/wenalz/Documents/Antigravity projects/thermalDFU/IEE data port(original)/ThermoDataBase(IEE data port)/ThermoDataBase/DM Group/DM103_F/DM103_F_R.png,155x65,128x64,INTER_AREA,False,data/processed/arrays/val/DM103_R.npy,data/processed/images/val/DM103_R.png,ok,,7922,25.381,32.975,29.822,1.7128,0,0
DM104,L,train,DM_Grade3,F,3.0694879102,3.0,/home/wenalz/Documents/Antigravity projects/thermalDFU/IEE data port(original)/ThermoDataBase(IEE data port)/ThermoDataBase/DM Group/DM104_F/DM104_F_L.csv,/home/wenalz/Documents/Antigravity projects/thermalDFU/IEE data port(original)/ThermoDataBase(IEE data port)/ThermoDataBase/DM Group/DM104_F/DM104_F_L.png,155x76,128x64,INTER_AREA,True,data/processed/arrays/train/DM104_L.npy,data/processed/images/train/DM104_L.png,ok,,8733,26.658,32.399,29.7467,1.0653,0,0
DM104,R,train,DM_Grade3,F,3.0694879102,3.0,/home/wenalz/Documents/Antigravity projects/thermalDFU/IEE data port(original)/ThermoDataBase(IEE data port)/ThermoDataBase/DM Group/DM104_F/DM104_F_R.csv,/home/wenalz/Documents/Antigravity projects/thermalDFU/IEE data port(original)/ThermoDataBase(IEE data port)/ThermoDataBase/DM Group/DM104_F/DM104_F_R.png,156x76,128x64,INTER_AREA,False,data/processed/arrays/train/DM104_R.npy,data/processed/images/train/DM104_R.png,ok,,8895,25.771,31.368,28.3438,1.1708,0,0
DM105,L,train,DM_Grade1,F,1.4682457701,1.0,/home/wenalz/Documents/Antigravity projects/thermalDFU/IEE data port(original)/ThermoDataBase(IEE data port)/ThermoDataBase/DM Group/DM105_F/DM105_F_L.csv,/home/wenalz/Documents/Antigravity projects/thermalDFU/IEE data port(original)/ThermoDataBase(IEE data port)/ThermoDataBase/DM Group/DM105_F/DM105_F_L.png,149x62,128x64,INTER_AREA,True,data/processed/arrays/train/DM105_L.npy,data/processed/images/train/DM105_L.png,ok,,7141,20.889,29.8,24.6125,1.5413,0,0
DM105,R,train,DM_Grade1,F,1.4682457701,1.0,/home/wenalz/Documents/Antigravity projects/thermalDFU/IEE data port(original)/ThermoDataBase(IEE data port)/ThermoDataBase/DM Group/DM105_F/DM105_F_R.csv,/home/wenalz/Documents/Antigravity projects/thermalDFU/IEE data port(original)/ThermoDataBase(IEE data port)/ThermoDataBase/DM Group/DM105_F/DM105_F_R.png,153x65,128x64,INTER_AREA,False,data/processed/arrays/train/DM105_R.npy,data/processed/images/train/DM105_R.png,ok,,7454,20.341,28.035,24.2991,1.5654,0,0
DM106,L,train,DM_Grade3,F,4.3102075536,3.0,/home/wenalz/Documents/Antigravity projects/thermalDFU/IEE data port(original)/ThermoDataBase(IEE data port)/ThermoDataBase/DM Group/DM106_F/DM106_F_L.csv,/home/wenalz/Documents/Antigravity projects/thermalDFU/IEE data port(original)/ThermoDataBase(IEE data port)/ThermoDataBase/DM Group/DM106_F/DM106_F_L.png,137x62,128x64,INTER_AREA,True,data/processed/arrays/train/DM106_L.npy,data/processed/images/train/DM106_L.png,ok,,6286,26.499,33.154,30.3968,1.2343,0,0
DM106,R,train,DM_Grade3,F,4.3102075536,3.0,/home/wenalz/Documents/Antigravity projects/thermalDFU/IEE data port(original)/ThermoDataBase(IEE data port)/ThermoDataBase/DM Group/DM106_F/DM106_F_R.csv,/home/wenalz/Documents/Antigravity projects/thermalDFU/IEE data port(original)/ThermoDataBase(IEE data port)/ThermoDataBase/DM Group/DM106_F/DM106_F_R.png,134x62,128x64,INTER_AREA,False,data/processed/arrays/train/DM106_R.npy,data/processed/images/train/DM106_R.png,ok,,6014,26.472,33.084,30.4436,1.1771,0,0
DM107,L,train,DM_Grade2,M,2.4806464454,2.0,/home/wenalz/Documents/Antigravity projects/thermalDFU/IEE data port(original)/ThermoDataBase(IEE data port)/ThermoDataBase/DM Group/DM107_M/DM107_M_L.csv,/home/wenalz/Documents/Antigravity projects/thermalDFU/IEE data port(original)/ThermoDataBase(IEE data port)/ThermoDataBase/DM Group/DM107_M/DM107_M_L.png,151x60,128x64,INTER_AREA,True,data/processed/arrays/train/DM107_L.npy,data/processed/images/train/DM107_L.png,ok,,6819,25.015,30.163,27.8838,1.1586,0,0
DM107,R,train,DM_Grade2,M,2.4806464454,2.0,/home/wenalz/Documents/Antigravity projects/thermalDFU/IEE data port(original)/ThermoDataBase(IEE data port)/ThermoDataBase/DM Group/DM107_M/DM107_M_R.csv,/home/wenalz/Documents/Antigravity projects/thermalDFU/IEE data port(original)/ThermoDataBase(IEE data port)/ThermoDataBase/DM Group/DM107_M/DM107_M_R.png,147x61,128x64,INTER_AREA,False,data/processed/arrays/train/DM107_R.npy,data/processed/images/train/DM107_R.png,ok,,6749,25.533,31.512,29.5289,1.0562,0,0
DM108,L,train,DM_Grade2,F,2.7053789084,2.0,/home/wenalz/Documents/Antigravity projects/thermalDFU/IEE data port(original)/ThermoDataBase(IEE data port)/ThermoDataBase/DM Group/DM108_F/DM108_F_L.csv,/home/wenalz/Documents/Antigravity projects/thermalDFU/IEE data port(original)/ThermoDataBase(IEE data port)/ThermoDataBase/DM Group/DM108_F/DM108_F_L.png,114x52,128x64,INTER_LINEAR,True,data/processed/arrays/train/DM108_L.npy,data/processed/images/train/DM108_L.png,ok,,4258,24.854,31.371,28.5362,1.3818,0,0
DM108,R,train,DM_Grade2,F,2.7053789084,2.0,/home/wenalz/Documents/Antigravity projects/thermalDFU/IEE data port(original)/ThermoDataBase(IEE data port)/ThermoDataBase/DM Group/DM108_F/DM108_F_R.csv,/home/wenalz/Documents/Antigravity projects/thermalDFU/IEE data port(original)/ThermoDataBase(IEE data port)/ThermoDataBase/DM Group/DM108_F/DM108_F_R.png,114x54,128x64,INTER_LINEAR,False,data/processed/arrays/train/DM108_R.npy,data/processed/images/train/DM108_R.png,ok,,4402,25.437,31.144,29.0201,1.0753,0,0
DM109,L,test,DM_Grade4,F,7.1048020445,4.0,/home/wenalz/Documents/Antigravity projects/thermalDFU/IEE data port(original)/ThermoDataBase(IEE data port)/ThermoDataBase/DM Group/DM109_F/DM109_F_L.csv,/home/wenalz/Documents/Antigravity projects/thermalDFU/IEE data port(original)/ThermoDataBase(IEE data port)/ThermoDataBase/DM Group/DM109_F/DM109_F_L.png,138x55,128x64,INTER_AREA,True,data/processed/arrays/test/DM109_L.npy,data/processed/images/test/DM109_L.png,ok,,5572,30.678,35.284,32.7574,0.7632,0,9
DM109,R,test,DM_Grade4,F,7.1048020445,4.0,/home/wenalz/Documents/Antigravity projects/thermalDFU/IEE data port(original)/ThermoDataBase(IEE data port)/ThermoDataBase/DM Group/DM109_F/DM109_F_R.csv,/home/wenalz/Documents/Antigravity projects/thermalDFU/IEE data port(original)/ThermoDataBase(IEE data port)/ThermoDataBase/DM Group/DM109_F/DM109_F_R.png,129x57,128x64,INTER_AREA,False,data/processed/arrays/test/DM109_R.npy,data/processed/images/test/DM109_R.png,ok,,5468,31.017,35.556,33.3576,0.7069,0,15
DM110,L,train,DM_Grade1,F,1.3683374994,1.0,/home/wenalz/Documents/Antigravity projects/thermalDFU/IEE data port(original)/ThermoDataBase(IEE data port)/ThermoDataBase/DM Group/DM110_F/DM110_F_L.csv,/home/wenalz/Documents/Antigravity projects/thermalDFU/IEE data port(original)/ThermoDataBase(IEE data port)/ThermoDataBase/DM Group/DM110_F/DM110_F_L.png,139x63,128x64,INTER_AREA,True,data/processed/arrays/train/DM110_L.npy,data/processed/images/train/DM110_L.png,ok,,6594,21.385,30.52,26.5615,1.7403,0,0
DM110,R,train,DM_Grade1,F,1.3683374994,1.0,/home/wenalz/Documents/Antigravity projects/thermalDFU/IEE data port(original)/ThermoDataBase(IEE data port)/ThermoDataBase/DM Group/DM110_F/DM110_F_R.csv,/home/wenalz/Documents/Antigravity projects/thermalDFU/IEE data port(original)/ThermoDataBase(IEE data port)/ThermoDataBase/DM Group/DM110_F/DM110_F_R.png,138x64,128x64,INTER_AREA,False,data/processed/arrays/train/DM110_R.npy,data/processed/images/train/DM110_R.png,ok,,6742,19.469,28.045,23.8029,2.0672,0,0
DM111,L,test,DM_Grade2,F,2.0257742573,2.0,/home/wenalz/Documents/Antigravity projects/thermalDFU/IEE data port(original)/ThermoDataBase(IEE data port)/ThermoDataBase/DM Group/DM111_F/DM111_F_L.csv,/home/wenalz/Documents/Antigravity projects/thermalDFU/IEE data port(original)/ThermoDataBase(IEE data port)/ThermoDataBase/DM Group/DM111_F/DM111_F_L.png,134x57,128x64,INTER_AREA,True,data/processed/arrays/test/DM111_L.npy,data/processed/images/test/DM111_L.png,ok,,5735,21.24,31.396,27.3044,2.5579,0,0
DM111,R,test,DM_Grade2,F,2.0257742573,2.0,/home/wenalz/Documents/Antigravity projects/thermalDFU/IEE data port(original)/ThermoDataBase(IEE data port)/ThermoDataBase/DM Group/DM111_F/DM111_F_R.csv,/home/wenalz/Documents/Antigravity projects/thermalDFU/IEE data port(original)/ThermoDataBase(IEE data port)/ThermoDataBase/DM Group/DM111_F/DM111_F_R.png,144x58,128x64,INTER_AREA,False,data/processed/arrays/test/DM111_R.npy,data/processed/images/test/DM111_R.png,ok,,6402,21.362,31.925,27.8909,2.6133,0,0
DM112,L,train,DM_Grade0,M,0.6490695072,0.0,/home/wenalz/Documents/Antigravity projects/thermalDFU/IEE data port(original)/ThermoDataBase(IEE data port)/ThermoDataBase/DM Group/DM112_M/DM112_M_L.csv,/home/wenalz/Documents/Antigravity projects/thermalDFU/IEE data port(original)/ThermoDataBase(IEE data port)/ThermoDataBase/DM Group/DM112_M/DM112_M_L.png,153x57,128x64,INTER_AREA,True,data/processed/arrays/train/DM112_L.npy,data/processed/images/train/DM112_L.png,ok,,6730,21.012,30.097,25.3573,1.8187,0,0
DM112,R,train,DM_Grade0,M,0.6490695072,0.0,/home/wenalz/Documents/Antigravity projects/thermalDFU/IEE data port(original)/ThermoDataBase(IEE data port)/ThermoDataBase/DM Group/DM112_M/DM112_M_R.csv,/home/wenalz/Documents/Antigravity projects/thermalDFU/IEE data port(original)/ThermoDataBase(IEE data port)/ThermoDataBase/DM Group/DM112_M/DM112_M_R.png,153x58,128x64,INTER_AREA,False,data/processed/arrays/train/DM112_R.npy,data/processed/images/train/DM112_R.png,ok,,7027,20.526,27.733,25.1448,1.8434,0,0
DM113,L,train,DM_Grade1,F,1.1138875811,1.0,/home/wenalz/Documents/Antigravity projects/thermalDFU/IEE data port(original)/ThermoDataBase(IEE data port)/ThermoDataBase/DM Group/DM113_F/DM113_F_L.csv,/home/wenalz/Documents/Antigravity projects/thermalDFU/IEE data port(original)/ThermoDataBase(IEE data port)/ThermoDataBase/DM Group/DM113_F/DM113_F_L.png,117x50,128x64,INTER_LINEAR,True,data/processed/arrays/train/DM113_L.npy,data/processed/images/train/DM113_L.png,ok,,4240,21.767,29.852,26.4003,1.7124,0,0
DM113,R,train,DM_Grade1,F,1.1138875811,1.0,/home/wenalz/Documents/Antigravity projects/thermalDFU/IEE data port(original)/ThermoDataBase(IEE data port)/ThermoDataBase/DM Group/DM113_F/DM113_F_R.csv,/home/wenalz/Documents/Antigravity projects/thermalDFU/IEE data port(original)/ThermoDataBase(IEE data port)/ThermoDataBase/DM Group/DM113_F/DM113_F_R.png,124x50,128x64,INTER_LINEAR,False,data/processed/arrays/train/DM113_R.npy,data/processed/images/train/DM113_R.png,ok,,4551,23.814,30.352,27.4282,1.2986,0,0
DM114,L,test,DM_Grade3,F,3.1399456059,3.0,/home/wenalz/Documents/Antigravity projects/thermalDFU/IEE data port(original)/ThermoDataBase(IEE data port)/ThermoDataBase/DM Group/DM114_F/DM114_F_L.csv,/home/wenalz/Documents/Antigravity projects/thermalDFU/IEE data port(original)/ThermoDataBase(IEE data port)/ThermoDataBase/DM Group/DM114_F/DM114_F_L.png,135x70,128x64,INTER_AREA,True,data/processed/arrays/test/DM114_L.npy,data/processed/images/test/DM114_L.png,ok,,6854,24.742,32.181,29.2799,1.5336,0,0
DM114,R,test,DM_Grade3,F,3.1399456059,3.0,/home/wenalz/Documents/Antigravity projects/thermalDFU/IEE data port(original)/ThermoDataBase(IEE data port)/ThermoDataBase/DM Group/DM114_F/DM114_F_R.csv,/home/wenalz/Documents/Antigravity projects/thermalDFU/IEE data port(original)/ThermoDataBase(IEE data port)/ThermoDataBase/DM Group/DM114_F/DM114_F_R.png,142x69,128x64,INTER_AREA,False,data/processed/arrays/test/DM114_R.npy,data/processed/images/test/DM114_R.png,ok,,6984,23.846,32.276,28.8125,1.7891,0,0
DM115,L,train,DM_Grade3,F,4.3452407746,3.0,/home/wenalz/Documents/Antigravity projects/thermalDFU/IEE data port(original)/ThermoDataBase(IEE data port)/ThermoDataBase/DM Group/DM115_F/DM115_F_L.csv,/home/wenalz/Documents/Antigravity projects/thermalDFU/IEE data port(original)/ThermoDataBase(IEE data port)/ThermoDataBase/DM Group/DM115_F/DM115_F_L.png,135x63,128x64,INTER_AREA,True,data/processed/arrays/train/DM115_L.npy,data/processed/images/train/DM115_L.png,ok,,6253,24.241,35.147,30.4664,2.2542,0,1
DM115,R,train,DM_Grade3,F,4.3452407746,3.0,/home/wenalz/Documents/Antigravity projects/thermalDFU/IEE data port(original)/ThermoDataBase(IEE data port)/ThermoDataBase/DM Group/DM115_F/DM115_F_R.csv,/home/wenalz/Documents/Antigravity projects/thermalDFU/IEE data port(original)/ThermoDataBase(IEE data port)/ThermoDataBase/DM Group/DM115_F/DM115_F_R.png,137x66,128x64,INTER_AREA,False,data/processed/arrays/train/DM115_R.npy,data/processed/images/train/DM115_R.png,ok,,6434,23.385,34.01,30.1549,1.8218,0,0
DM116,L,val,DM_Grade4,F,6.0578872433,4.0,/home/wenalz/Documents/Antigravity projects/thermalDFU/IEE data port(original)/ThermoDataBase(IEE data port)/ThermoDataBase/DM Group/DM116_F/DM116_F_L.csv,/home/wenalz/Documents/Antigravity projects/thermalDFU/IEE data port(original)/ThermoDataBase(IEE data port)/ThermoDataBase/DM Group/DM116_F/DM116_F_L.png,155x54,128x64,INTER_AREA,True,data/processed/arrays/val/DM116_L.npy,data/processed/images/val/DM116_L.png,ok,,6342,28.673,33.965,32.0554,0.7733,0,0
DM116,R,val,DM_Grade4,F,6.0578872433,4.0,/home/wenalz/Documents/Antigravity projects/thermalDFU/IEE data port(original)/ThermoDataBase(IEE data port)/ThermoDataBase/DM Group/DM116_F/DM116_F_R.csv,/home/wenalz/Documents/Antigravity projects/thermalDFU/IEE data port(original)/ThermoDataBase(IEE data port)/ThermoDataBase/DM Group/DM116_F/DM116_F_R.png,153x56,128x64,INTER_AREA,False,data/processed/arrays/val/DM116_R.npy,data/processed/images/val/DM116_R.png,ok,,6376,29.534,34.462,32.3083,0.8511,0,0
DM117,L,train,DM_Grade1,F,1.0318290948,1.0,/home/wenalz/Documents/Antigravity projects/thermalDFU/IEE data port(original)/ThermoDataBase(IEE data port)/ThermoDataBase/DM Group/DM117_F/DM117_F_L.csv,/home/wenalz/Documents/Antigravity projects/thermalDFU/IEE data port(original)/ThermoDataBase(IEE data port)/ThermoDataBase/DM Group/DM117_F/DM117_F_L.png,135x57,128x64,INTER_AREA,True,data/processed/arrays/train/DM117_L.npy,data/processed/images/train/DM117_L.png,ok,,5995,21.562,27.654,24.5685,1.4695,0,0
DM117,R,train,DM_Grade1,F,1.0318290948,1.0,/home/wenalz/Documents/Antigravity projects/thermalDFU/IEE data port(original)/ThermoDataBase(IEE data port)/ThermoDataBase/DM Group/DM117_F/DM117_F_R.csv,/home/wenalz/Documents/Antigravity projects/thermalDFU/IEE data port(original)/ThermoDataBase(IEE data port)/ThermoDataBase/DM Group/DM117_F/DM117_F_R.png,137x56,128x64,INTER_AREA,False,data/processed/arrays/train/DM117_R.npy,data/processed/images/train/DM117_R.png,ok,,5922,22.538,27.403,25.4225,1.0155,0,0
DM118,L,train,DM_Grade4,M,5.7824720656,4.0,/home/wenalz/Documents/Antigravity projects/thermalDFU/IEE data port(original)/ThermoDataBase(IEE data port)/ThermoDataBase/DM Group/DM118_M/DM118_M_L.csv,/home/wenalz/Documents/Antigravity projects/thermalDFU/IEE data port(original)/ThermoDataBase(IEE data port)/ThermoDataBase/DM Group/DM118_M/DM118_M_L.png,136x54,128x64,INTER_AREA,True,data/processed/arrays/train/DM118_L.npy,data/processed/images/train/DM118_L.png,ok,,5522,28.3,36.027,32.2743,1.5157,0,381
DM118,R,train,DM_Grade4,M,5.7824720656,4.0,/home/wenalz/Documents/Antigravity projects/thermalDFU/IEE data port(original)/ThermoDataBase(IEE data port)/ThermoDataBase/DM Group/DM118_M/DM118_M_R.csv,/home/wenalz/Documents/Antigravity projects/thermalDFU/IEE data port(original)/ThermoDataBase(IEE data port)/ThermoDataBase/DM Group/DM118_M/DM118_M_R.png,137x57,128x64,INTER_AREA,False,data/processed/arrays/train/DM118_R.npy,data/processed/images/train/DM118_R.png,ok,,5382,27.946,34.014,31.2528,1.1762,0,0
DM119,L,val,DM_Grade4,F,7.320446764,4.0,/home/wenalz/Documents/Antigravity projects/thermalDFU/IEE data port(original)/ThermoDataBase(IEE data port)/ThermoDataBase/DM Group/DM119_F/DM119_F_L.csv,/home/wenalz/Documents/Antigravity projects/thermalDFU/IEE data port(original)/ThermoDataBase(IEE data port)/ThermoDataBase/DM Group/DM119_F/DM119_F_L.png,144x55,128x64,INTER_AREA,True,data/processed/arrays/val/DM119_L.npy,data/processed/images/val/DM119_L.png,ok,,6198,28.777,35.181,33.6854,0.5688,0,7
DM119,R,val,DM_Grade4,F,7.320446764,4.0,/home/wenalz/Documents/Antigravity projects/thermalDFU/IEE data port(original)/ThermoDataBase(IEE data port)/ThermoDataBase/DM Group/DM119_F/DM119_F_R.csv,/home/wenalz/Documents/Antigravity projects/thermalDFU/IEE data port(original)/ThermoDataBase(IEE data port)/ThermoDataBase/DM Group/DM119_F/DM119_F_R.png,139x56,128x64,INTER_AREA,False,data/processed/arrays/val/DM119_R.npy,data/processed/images/val/DM119_R.png,ok,,6057,29.328,34.879,33.0221,0.6783,0,0
DM120,L,test,DM_Grade4,F,6.4346707046,4.0,/home/wenalz/Documents/Antigravity projects/thermalDFU/IEE data port(original)/ThermoDataBase(IEE data port)/ThermoDataBase/DM Group/DM120_F/DM120_F_L.csv,/home/wenalz/Documents/Antigravity projects/thermalDFU/IEE data port(original)/ThermoDataBase(IEE data port)/ThermoDataBase/DM Group/DM120_F/DM120_F_L.png,121x60,128x64,INTER_LINEAR,True,data/processed/arrays/test/DM120_L.npy,data/processed/images/test/DM120_L.png,ok,,5203,29.354,35.24,32.2837,1.3376,0,8
DM120,R,test,DM_Grade4,F,6.4346707046,4.0,/home/wenalz/Documents/Antigravity projects/thermalDFU/IEE data port(original)/ThermoDataBase(IEE data port)/ThermoDataBase/DM Group/DM120_F/DM120_F_R.csv,/home/wenalz/Documents/Antigravity projects/thermalDFU/IEE data port(original)/ThermoDataBase(IEE data port)/ThermoDataBase/DM Group/DM120_F/DM120_F_R.png,127x61,128x64,INTER_LINEAR,False,data/processed/arrays/test/DM120_R.npy,data/processed/images/test/DM120_R.png,ok,,5577,26.567,34.952,32.7265,0.9211,0,0
DM121,L,train,DM_Grade4,F,7.2199084588,4.0,/home/wenalz/Documents/Antigravity projects/thermalDFU/IEE data port(original)/ThermoDataBase(IEE data port)/ThermoDataBase/DM Group/DM121_F/DM121_F_L.csv,/home/wenalz/Documents/Antigravity projects/thermalDFU/IEE data port(original)/ThermoDataBase(IEE data port)/ThermoDataBase/DM Group/DM121_F/DM121_F_L.png,147x61,128x64,INTER_AREA,True,data/processed/arrays/train/DM121_L.npy,data/processed/images/train/DM121_L.png,ok,,6947,27.691,35.6,33.1312,1.0657,0,139
DM121,R,train,DM_Grade4,F,7.2199084588,4.0,/home/wenalz/Documents/Antigravity projects/thermalDFU/IEE data port(original)/ThermoDataBase(IEE data port)/ThermoDataBase/DM Group/DM121_F/DM121_F_R.csv,/home/wenalz/Documents/Antigravity projects/thermalDFU/IEE data port(original)/ThermoDataBase(IEE data port)/ThermoDataBase/DM Group/DM121_F/DM121_F_R.png,147x62,128x64,INTER_AREA,False,data/processed/arrays/train/DM121_R.npy,data/processed/images/train/DM121_R.png,ok,,7010,29.944,35.756,33.4688,0.7777,0,112
DM122,L,train,DM_Grade0,F,0.5442440201,0.0,/home/wenalz/Documents/Antigravity projects/thermalDFU/IEE data port(original)/ThermoDataBase(IEE data port)/ThermoDataBase/DM Group/DM122_F/DM122_F_L.csv,/home/wenalz/Documents/Antigravity projects/thermalDFU/IEE data port(original)/ThermoDataBase(IEE data port)/ThermoDataBase/DM Group/DM122_F/DM122_F_L.png,134x57,128x64,INTER_AREA,True,data/processed/arrays/train/DM122_L.npy,data/processed/images/train/DM122_L.png,ok,,5353,20.431,27.628,25.8161,1.1338,0,0
DM122,R,train,DM_Grade0,F,0.5442440201,0.0,/home/wenalz/Documents/Antigravity projects/thermalDFU/IEE data port(original)/ThermoDataBase(IEE data port)/ThermoDataBase/DM Group/DM122_F/DM122_F_R.csv,/home/wenalz/Documents/Antigravity projects/thermalDFU/IEE data port(original)/ThermoDataBase(IEE data port)/ThermoDataBase/DM Group/DM122_F/DM122_F_R.png,143x59,128x64,INTER_AREA,False,data/processed/arrays/train/DM122_R.npy,data/processed/images/train/DM122_R.png,ok,,5895,20.795,28.544,26.1757,1.3811,0,0
