subject_id,side,region,csv_path,angiosome_mean,valid_pixel_count,status,status_detail
CG001,L,LCA,/home/wenalz/Documents/Antigravity projects/thermalDFU/IEE data port(original)/ThermoDataBase(IEE data port)/ThermoDataBase/Control Group/CG001_M/Angiosoms/CG001_M_L_LCA.csv,25.8730155367,1416,valid,
CG001,L,LPA,/home/wenalz/Documents/Antigravity projects/thermalDFU/IEE data port(original)/ThermoDataBase(IEE data port)/ThermoDataBase/Control Group/CG001_M/Angiosoms/CG001_M_L_LPA.csv,24.8315749357,4277,valid,
CG001,L,MCA,/home/wenalz/Documents/Antigravity projects/thermalDFU/IEE data port(original)/ThermoDataBase(IEE data port)/ThermoDataBase/Control Group/CG001_M/Angiosoms/CG001_M_L_MCA.csv,26.0811741245,1028,valid,
CG001,L,MPA,/home/wenalz/Documents/Antigravity projects/thermalDFU/IEE data port(original)/ThermoDataBase(IEE data port)/ThermoDataBase/Control Group/CG001_M/Angiosoms/CG001_M_L_MPA.csv,25.358302397,1627,valid,
CG001,R,LCA,/home/wenalz/Documents/Antigravity projects/thermalDFU/IEE data port(original)/ThermoDataBase(IEE data port)/ThermoDataBase/Control Group/CG001_M/Angiosoms/CG001_M_R_LCA.csv,26.0215504909,1426,valid,
CG001,R,LPA,/home/wenalz/Documents/Antigravity projects/thermalDFU/IEE data port(original)/ThermoDataBase(IEE data port)/ThermoDataBase/Control Group/CG001_M/Angiosoms/CG001_M_R_LPA.csv,25.4343135555,4382,valid,
CG001,R,MCA,/home/wenalz/Documents/Antigravity projects/thermalDFU/IEE data port(original)/ThermoDataBase(IEE data port)/ThermoDataBase/Control Group/CG001_M/Angiosoms/CG001_M_R_MCA.csv,26.3143642447,1046,valid,
CG001,R,MPA,/home/wenalz/Documents/Antigravity projects/thermalDFU/IEE data port(original)/ThermoDataBase(IEE data port)/ThermoDataBase/Control Group/CG001_M/Angiosoms/CG001_M_R_MPA.csv,25.844654013,1844,valid,
CG002,L,LCA,/home/wenalz/Documents/Antigravity projects/thermalDFU/IEE data port(original)/ThermoDataBase(IEE data port)/ThermoDataBase/Control Group/CG002_M/Angiosoms/CG002_M_L_LCA.csv,27.7270520446,1614,valid,
CG002,L,LPA,/home/wenalz/Documents/Antigravity projects/thermalDFU/IEE data port(original)/ThermoDataBase(IEE data port)/ThermoDataBase/Control Group/CG002_M/Angiosoms/CG002_M_L_LPA.csv,27.7140263912,4888,valid,
CG002,L,MCA,/home/wenalz/Documents/Antigravity projects/thermalDFU/IEE data port(original)/ThermoDataBase(IEE data port)/ThermoDataBase/Control Group/CG002_M/Angiosoms/CG002_M_L_MCA.csv,28.5218235714,1400,valid,
CG002,L,MPA,/home/wenalz/Documents/Antigravity projects/thermalDFU/IEE data port(original)/ThermoDataBase(IEE data port)/ThermoDataBase/Control Group/CG002_M/Angiosoms/CG002_M_L_MPA.csv,28.3913824929,2102,valid,
CG002,R,LCA,/home/wenalz/Documents/Antigravity projects/thermalDFU/IEE data port(original)/ThermoDataBase(IEE data port)/ThermoDataBase/Control Group/CG002_M/Angiosoms/CG002_M_R_LCA.csv,27.6266848635,1612,valid,
CG002,R,LPA,/home/wenalz/Documents/Antigravity projects/thermalDFU/IEE data port(original)/ThermoDataBase(IEE data port)/ThermoDataBase/Control Group/CG002_M/Angiosoms/CG002_M_R_LPA.csv,27.7741607178,5071,valid,
CG002,R,MCA,/home/wenalz/Documents/Antigravity projects/thermalDFU/IEE data port(original)/ThermoDataBase(IEE data port)/ThermoDataBase/Control Group/CG002_M/Angiosoms/CG002_M_R_MCA.csv,28.0877874564,1435,valid,
CG002,R,MPA,/home/wenalz/Documents/Antigravity projects/thermalDFU/IEE data port(original)/ThermoDataBase(IEE data port)/ThermoDataBase/Control Group/CG002_M/Angiosoms/CG002_M_R_MPA.csv,28.4037577697,2188,valid,
CG003,L,LCA,/home/wenalz/Documents/Antigravity projects/thermalDFU/IEE data port(original)/ThermoDataBase(IEE data port)/ThermoDataBase/Control Group/CG003_M/Angiosoms/CG003_M_L_LCA.csv,30.1276132653,1960,valid,
CG003,L,LPA,/home/wenalz/Documents/Antigravity projects/thermalDFU/IEE data port(original)/ThermoDataBase(IEE data port)/ThermoDataBase/Control Group/CG003_M/Angiosoms/CG003_M_L_LPA.csv,28.929444286,5609,valid,
CG003,L,MCA,/home/wenalz/Documents/Antigravity projects/thermalDFU/IEE data port(original)/ThermoDataBase(IEE data port)/ThermoDataBase/Control Group/CG003_M/Angiosoms/CG003_M_L_MCA.csv,30.1719875519,1205,valid,
CG003,L,MPA,/home/wenalz/Documents/Antigravity projects/thermalDFU/IEE data port(original)/ThermoDataBase(IEE data port)/ThermoDataBase/Control Group/CG003_M/Angiosoms/CG003_M_L_MPA.csv,29.053341394,2109,valid,
CG003,R,LCA,/home/wenalz/Documents/Antigravity projects/thermalDFU/IEE data port(original)/ThermoDataBase(IEE data port)/ThermoDataBase/Control Group/CG003_M/Angiosoms/CG003_M_R_LCA.csv,30.0834569045,2158,valid,
CG003,R,LPA,/home/wenalz/Documents/Antigravity projects/thermalDFU/IEE data port(original)/ThermoDataBase(IEE data port)/ThermoDataBase/Control Group/CG003_M/Angiosoms/CG003_M_R_LPA.csv,29.1169074237,5671,valid,
CG003,R,MCA,/home/wenalz/Documents/Antigravity projects/thermalDFU/IEE data port(original)/ThermoDataBase(IEE data port)/ThermoDataBase/Control Group/CG003_M/Angiosoms/CG003_M_R_MCA.csv,30.2096947853,1304,valid,
CG003,R,MPA,/home/wenalz/Documents/Antigravity projects/thermalDFU/IEE data port(original)/ThermoDataBase(IEE data port)/ThermoDataBase/Control Group/CG003_M/Angiosoms/CG003_M_R_MPA.csv,29.7438020224,1879,valid,
CG004,L,LCA,/home/wenalz/Documents/Antigravity projects/thermalDFU/IEE data port(original)/ThermoDataBase(IEE data port)/ThermoDataBase/Control Group/CG004_F/Angiosoms/CG004_F_L_LCA.csv,27.5499167231,1477,valid,
CG004,L,LPA,/home/wenalz/Documents/Antigravity projects/thermalDFU/IEE data port(original)/ThermoDataBase(IEE data port)/ThermoDataBase/Control Group/CG004_F/Angiosoms/CG004_F_L_LPA.csv,27.3393142689,5088,valid,
CG004,L,MCA,/home/wenalz/Documents/Antigravity projects/thermalDFU/IEE data port(original)/ThermoDataBase(IEE data port)/ThermoDataBase/Control Group/CG004_F/Angiosoms/CG004_F_L_MCA.csv,28.2662244898,1372,valid,
CG004,L,MPA,/home/wenalz/Documents/Antigravity projects/thermalDFU/IEE data port(original)/ThermoDataBase(IEE data port)/ThermoDataBase/Control Group/CG004_F/Angiosoms/CG004_F_L_MPA.csv,26.839618593,1990,valid,
CG004,R,LCA,/home/wenalz/Documents/Antigravity projects/thermalDFU/IEE data port(original)/ThermoDataBase(IEE data port)/ThermoDataBase/Control Group/CG004_F/Angiosoms/CG004_F_R_LCA.csv,27.6778608807,1567,valid,
CG004,R,LPA,/home/wenalz/Documents/Antigravity projects/thermalDFU/IEE data port(original)/ThermoDataBase(IEE data port)/ThermoDataBase/Control Group/CG004_F/Angiosoms/CG004_F_R_LPA.csv,27.5141422819,5215,valid,
CG004,R,MCA,/home/wenalz/Documents/Antigravity projects/thermalDFU/IEE data port(original)/ThermoDataBase(IEE data port)/ThermoDataBase/Control Group/CG004_F/Angiosoms/CG004_F_R_MCA.csv,28.5151488055,1465,valid,
CG004,R,MPA,/home/wenalz/Documents/Antigravity projects/thermalDFU/IEE data port(original)/ThermoDataBase(IEE data port)/ThermoDataBase/Control Group/CG004_F/Angiosoms/CG004_F_R_MPA.csv,27.5655204346,1933,valid,
CG005,L,LCA,/home/wenalz/Documents/Antigravity projects/thermalDFU/IEE data port(original)/ThermoDataBase(IEE data port)/ThermoDataBase/Control Group/CG005_F/Angiosoms/CG005_F_L_LCA.csv,26.8041399614,1036,valid,
CG005,L,LPA,/home/wenalz/Documents/Antigravity projects/thermalDFU/IEE data port(original)/ThermoDataBase(IEE data port)/ThermoDataBase/Control Group/CG005_F/Angiosoms/CG005_F_L_LPA.csv,26.158323243,3799,valid,
CG005,L,MCA,/home/wenalz/Documents/Antigravity projects/thermalDFU/IEE data port(original)/ThermoDataBase(IEE data port)/ThermoDataBase/Control Group/CG005_F/Angiosoms/CG005_F_L_MCA.csv,27.3936224315,1168,valid,
CG005,L,MPA,/home/wenalz/Documents/Antigravity projects/thermalDFU/IEE data port(original)/ThermoDataBase(IEE data port)/ThermoDataBase/Control Group/CG005_F/Angiosoms/CG005_F_L_MPA.csv,26.8864156019,1487,valid,
CG005,R,LCA,/home/wenalz/Documents/Antigravity projects/thermalDFU/IEE data port(original)/ThermoDataBase(IEE data port)/ThermoDataBase/Control Group/CG005_F/Angiosoms/CG005_F_R_LCA.csv,26.3478020586,1263,valid,
CG005,R,LPA,/home/wenalz/Documents/Antigravity projects/thermalDFU/IEE data port(original)/ThermoDataBase(IEE data port)/ThermoDataBase/Control Group/CG005_F/Angiosoms/CG005_F_R_LPA.csv,25.6465354349,4219,valid,
CG005,R,MCA,/home/wenalz/Documents/Antigravity projects/thermalDFU/IEE data port(original)/ThermoDataBase(IEE data port)/ThermoDataBase/Control Group/CG005_F/Angiosoms/CG005_F_R_MCA.csv,26.7953211792,1289,valid,
CG005,R,MPA,/home/wenalz/Documents/Antigravity projects/thermalDFU/IEE data port(original)/ThermoDataBase(IEE data port)/ThermoDataBase/Control Group/CG005_F/Angiosoms/CG005_F_R_MPA.csv,26.2518038741,1652,valid,
CG006,L,LCA,/home/wenalz/Documents/Antigravity projects/thermalDFU/IEE data port(original)/ThermoDataBase(IEE data port)/ThermoDataBase/Control Group/CG006_F/Angiosoms/CG006_F_L_LCA.csv,27.53086618,1233,valid,
CG006,L,LPA,/home/wenalz/Documents/Antigravity projects/thermalDFU/IEE data port(original)/ThermoDataBase(IEE data port)/ThermoDataBase/Control Group/CG006_F/Angiosoms/CG006_F_L_LPA.csv,26.1108164557,3160,valid,
CG006,L,MCA,/home/wenalz/Documents/Antigravity projects/thermalDFU/IEE data port(original)/ThermoDataBase(IEE data port)/ThermoDataBase/Control Group/CG006_F/Angiosoms/CG006_F_L_MCA.csv,27.9170891515,931,valid,
CG006,L,MPA,/home/wenalz/Documents/Antigravity projects/thermalDFU/IEE data port(original)/ThermoDataBase(IEE data port)/ThermoDataBase/Control Group/CG006_F/Angiosoms/CG006_F_L_MPA.csv,26.5666701323,1058,valid,
CG006,R,LCA,/home/wenalz/Documents/Antigravity projects/thermalDFU/IEE data port(original)/ThermoDataBase(IEE data port)/ThermoDataBase/Control Group/CG006_F/Angiosoms/CG006_F_R_LCA.csv,27.324512987,1078,valid,
CG006,R,LPA,/home/wenalz/Documents/Antigravity projects/thermalDFU/IEE data port(original)/ThermoDataBase(IEE data port)/ThermoDataBase/Control Group/CG006_F/Angiosoms/CG006_F_R_LPA.csv,25.7850143162,3283,valid,
CG006,R,MCA,/home/wenalz/Documents/Antigravity projects/thermalDFU/IEE data port(original)/ThermoDataBase(IEE data port)/ThermoDataBase/Control Group/CG006_F/Angiosoms/CG006_F_R_MCA.csv,27.7604188679,795,valid,
CG006,R,MPA,/home/wenalz/Documents/Antigravity projects/thermalDFU/IEE data port(original)/ThermoDataBase(IEE data port)/ThermoDataBase/Control Group/CG006_F/Angiosoms/CG006_F_R_MPA.csv,26.2668711073,1156,valid,
CG007,L,LCA,/home/wenalz/Documents/Antigravity projects/thermalDFU/IEE data port(original)/ThermoDataBase(IEE data port)/ThermoDataBase/Control Group/CG007_F/Angiosoms/CG007_F_L_LCA.csv,26.4884987169,1169,valid,
CG007,L,LPA,/home/wenalz/Documents/Antigravity projects/thermalDFU/IEE data port(original)/ThermoDataBase(IEE data port)/ThermoDataBase/Control Group/CG007_F/Angiosoms/CG007_F_L_LPA.csv,26.1023929648,2985,valid,
CG007,L,MCA,/home/wenalz/Documents/Antigravity projects/thermalDFU/IEE data port(original)/ThermoDataBase(IEE data port)/ThermoDataBase/Control Group/CG007_F/Angiosoms/CG007_F_L_MCA.csv,26.0640887574,676,valid,
CG007,L,MPA,/home/wenalz/Documents/Antigravity projects/thermalDFU/IEE data port(original)/ThermoDataBase(IEE data port)/ThermoDataBase/Control Group/CG007_F/Angiosoms/CG007_F_L_MPA.csv,26.9436843718,979,valid,
CG007,R,LCA,/home/wenalz/Documents/Antigravity projects/thermalDFU/IEE data port(original)/ThermoDataBase(IEE data port)/ThermoDataBase/Control Group/CG007_F/Angiosoms/CG007_F_R_LCA.csv,25.9335775281,890,valid,
CG007,R,LPA,/home/wenalz/Documents/Antigravity projects/thermalDFU/IEE data port(original)/ThermoDataBase(IEE data port)/ThermoDataBase/Control Group/CG007_F/Angiosoms/CG007_F_R_LPA.csv,25.6937352056,2991,valid,
CG007,R,MCA,/home/wenalz/Documents/Antigravity projects/thermalDFU/IEE data port(original)/ThermoDataBase(IEE data port)/ThermoDataBase/Control Group/CG007_F/Angiosoms/CG007_F_R_MCA.csv,26.6150034522,869,valid,
CG007,R,MPA,/home/wenalz/Documents/Antigravity projects/thermalDFU/IEE data port(original)/ThermoDataBase(IEE data port)/ThermoDataBase/Control Group/CG007_F/Angiosoms/CG007_F_R_MPA.csv,26.2396612411,983,valid,
CG008,L,LCA,/home/wenalz/Documents/Antigravity projects/thermalDFU/IEE data port(original)/ThermoDataBase(IEE data port)/ThermoDataBase/Control Group/CG008_F/Angiosoms/CG008_F_L_LCA.csv,24.0548752345,1066,valid,
CG008,L,LPA,/home/wenalz/Documents/Antigravity projects/thermalDFU/IEE data port(original)/ThermoDataBase(IEE data port)/ThermoDataBase/Control Group/CG008_F/Angiosoms/CG008_F_L_LPA.csv,24.9776202046,3128,valid,
CG008,L,MCA,/home/wenalz/Documents/Antigravity projects/thermalDFU/IEE data port(original)/ThermoDataBase(IEE data port)/ThermoDataBase/Control Group/CG008_F/Angiosoms/CG008_F_L_MCA.csv,23.537018759,693,valid,
CG008,L,MPA,/home/wenalz/Documents/Antigravity projects/thermalDFU/IEE data port(original)/ThermoDataBase(IEE data port)/ThermoDataBase/Control Group/CG008_F/Angiosoms/CG008_F_L_MPA.csv,24.3772129784,1202,valid,
CG008,R,LCA,/home/wenalz/Documents/Antigravity projects/thermalDFU/IEE data port(original)/ThermoDataBase(IEE data port)/ThermoDataBase/Control Group/CG008_F/Angiosoms/CG008_F_R_LCA.csv,23.1659336188,934,valid,
CG008,R,LPA,/home/wenalz/Documents/Antigravity projects/thermalDFU/IEE data port(original)/ThermoDataBase(IEE data port)/ThermoDataBase/Control Group/CG008_F/Angiosoms/CG008_F_R_LPA.csv,24.7240570831,3346,valid,
CG008,R,MCA,/home/wenalz/Documents/Antigravity projects/thermalDFU/IEE data port(original)/ThermoDataBase(IEE data port)/ThermoDataBase/Control Group/CG008_F/Angiosoms/CG008_F_R_MCA.csv,23.5070492197,833,valid,
CG008,R,MPA,/home/wenalz/Documents/Antigravity projects/thermalDFU/IEE data port(original)/ThermoDataBase(IEE data port)/ThermoDataBase/Control Group/CG008_F/Angiosoms/CG008_F_R_MPA.csv,25.0845440647,1112,valid,
CG009,L,LCA,/home/wenalz/Documents/Antigravity projects/thermalDFU/IEE data port(original)/ThermoDataBase(IEE data port)/ThermoDataBase/Control Group/CG009_M/Angiosoms/CG009_M_L_LCA.csv,24.2078681319,1547,valid,
CG009,L,LPA,/home/wenalz/Documents/Antigravity projects/thermalDFU/IEE data port(original)/ThermoDataBase(IEE data port)/ThermoDataBase/Control Group/CG009_M/Angiosoms/CG009_M_L_LPA.csv,24.535479225,4645,valid,
CG009,L,MCA,/home/wenalz/Documents/Antigravity projects/thermalDFU/IEE data port(original)/ThermoDataBase(IEE data port)/ThermoDataBase/Control Group/CG009_M/Angiosoms/CG009_M_L_MCA.csv,24.9572621951,1312,valid,
CG009,L,MPA,/home/wenalz/Documents/Antigravity projects/thermalDFU/IEE data port(original)/ThermoDataBase(IEE data port)/ThermoDataBase/Control Group/CG009_M/Angiosoms/CG009_M_L_MPA.csv,25.7096599469,1885,valid,
CG009,R,LCA,/home/wenalz/Documents/Antigravity projects/thermalDFU/IEE data port(original)/ThermoDataBase(IEE data port)/ThermoDataBase/Control Group/CG009_M/Angiosoms/CG009_M_R_LCA.csv,23.784455425,1447,valid,
CG009,R,LPA,/home/wenalz/Documents/Antigravity projects/thermalDFU/IEE data port(original)/ThermoDataBase(IEE data port)/ThermoDataBase/Control Group/CG009_M/Angiosoms/CG009_M_R_LPA.csv,24.3156382217,4746,valid,
CG009,R,MCA,/home/wenalz/Documents/Antigravity projects/thermalDFU/IEE data port(original)/ThermoDataBase(IEE data port)/ThermoDataBase/Control Group/CG009_M/Angiosoms/CG009_M_R_MCA.csv,24.8654296351,1343,valid,
CG009,R,MPA,/home/wenalz/Documents/Antigravity projects/thermalDFU/IEE data port(original)/ThermoDataBase(IEE data port)/ThermoDataBase/Control Group/CG009_M/Angiosoms/CG009_M_R_MPA.csv,25.5120764887,1948,valid,
CG010,L,LCA,/home/wenalz/Documents/Antigravity projects/thermalDFU/IEE data port(original)/ThermoDataBase(IEE data port)/ThermoDataBase/Control Group/CG010_M/Angiosoms/CG010_M_L_LCA.csv,26.7397311422,1856,valid,
CG010,L,LPA,/home/wenalz/Documents/Antigravity projects/thermalDFU/IEE data port(original)/ThermoDataBase(IEE data port)/ThermoDataBase/Control Group/CG010_M/Angiosoms/CG010_M_L_LPA.csv,26.4156190758,5064,valid,
CG010,L,MCA,/home/wenalz/Documents/Antigravity projects/thermalDFU/IEE data port(original)/ThermoDataBase(IEE data port)/ThermoDataBase/Control Group/CG010_M/Angiosoms/CG010_M_L_MCA.csv,27.5098654231,1501,valid,
CG010,L,MPA,/home/wenalz/Documents/Antigravity projects/thermalDFU/IEE data port(original)/ThermoDataBase(IEE data port)/ThermoDataBase/Control Group/CG010_M/Angiosoms/CG010_M_L_MPA.csv,26.6713722812,1977,valid,
CG010,R,LCA,/home/wenalz/Documents/Antigravity projects/thermalDFU/IEE data port(original)/ThermoDataBase(IEE data port)/ThermoDataBase/Control Group/CG010_M/Angiosoms/CG010_M_R_LCA.csv,27.2935900104,1922,valid,
CG010,R,LPA,/home/wenalz/Documents/Antigravity projects/thermalDFU/IEE data port(original)/ThermoDataBase(IEE data port)/ThermoDataBase/Control Group/CG010_M/Angiosoms/CG010_M_R_LPA.csv,26.3741111111,5409,valid,
CG010,R,MCA,/home/wenalz/Documents/Antigravity projects/thermalDFU/IEE data port(original)/ThermoDataBase(IEE data port)/ThermoDataBase/Control Group/CG010_M/Angiosoms/CG010_M_R_MCA.csv,28.1406432272,1351,valid,
CG010,R,MPA,/home/wenalz/Documents/Antigravity projects/thermalDFU/IEE data port(original)/ThermoDataBase(IEE data port)/ThermoDataBase/Control Group/CG010_M/Angiosoms/CG010_M_R_MPA.csv,26.8527039438,1851,valid,
CG011,L,LCA,/home/wenalz/Documents/Antigravity projects/thermalDFU/IEE data port(original)/ThermoDataBase(IEE data port)/ThermoDataBase/Control Group/CG011_F/Angiosoms/CG011_F_L_LCA.csv,25.891574184,1348,valid,
CG011,L,LPA,/home/wenalz/Documents/Antigravity projects/thermalDFU/IEE data port(original)/ThermoDataBase(IEE data port)/ThermoDataBase/Control Group/CG011_F/Angiosoms/CG011_F_L_LPA.csv,25.7029512195,3321,valid,
CG011,L,MCA,/home/wenalz/Documents/Antigravity projects/thermalDFU/IEE data port(original)/ThermoDataBase(IEE data port)/ThermoDataBase/Control Group/CG011_F/Angiosoms/CG011_F_L_MCA.csv,26.1571252654,942,valid,
CG011,L,MPA,/home/wenalz/Documents/Antigravity projects/thermalDFU/IEE data port(original)/ThermoDataBase(IEE data port)/ThermoDataBase/Control Group/CG011_F/Angiosoms/CG011_F_L_MPA.csv,26.0132085938,1280,valid,
CG011,R,LCA,/home/wenalz/Documents/Antigravity projects/thermalDFU/IEE data port(original)/ThermoDataBase(IEE data port)/ThermoDataBase/Control Group/CG011_F/Angiosoms/CG011_F_R_LCA.csv,25.8679359073,1295,valid,
CG011,R,LPA,/home/wenalz/Documents/Antigravity projects/thermalDFU/IEE data port(original)/ThermoDataBase(IEE data port)/ThermoDataBase/Control Group/CG011_F/Angiosoms/CG011_F_R_LPA.csv,26.1817165733,3747,valid,
CG011,R,MCA,/home/wenalz/Documents/Antigravity projects/thermalDFU/IEE data port(original)/ThermoDataBase(IEE data port)/ThermoDataBase/Control Group/CG011_F/Angiosoms/CG011_F_R_MCA.csv,26.1993040174,921,valid,
CG011,R,MPA,/home/wenalz/Documents/Antigravity projects/thermalDFU/IEE data port(original)/ThermoDataBase(IEE data port)/ThermoDataBase/Control Group/CG011_F/Angiosoms/CG011_F_R_MPA.csv,26.4053214826,1322,valid,
CG012,L,LCA,/home/wenalz/Documents/Antigravity projects/thermalDFU/IEE data port(original)/ThermoDataBase(IEE data port)/ThermoDataBase/Control Group/CG012_F/Angiosoms/CG012_F_L_LCA.csv,28.5414208038,1269,valid,
CG012,L,LPA,/home/wenalz/Documents/Antigravity projects/thermalDFU/IEE data port(original)/ThermoDataBase(IEE data port)/ThermoDataBase/Control Group/CG012_F/Angiosoms/CG012_F_L_LPA.csv,26.5517116861,3517,valid,
CG012,L,MCA,/home/wenalz/Documents/Antigravity projects/thermalDFU/IEE data port(original)/ThermoDataBase(IEE data port)/ThermoDataBase/Control Group/CG012_F/Angiosoms/CG012_F_L_MCA.csv,29.4414740024,827,valid,
CG012,L,MPA,/home/wenalz/Documents/Antigravity projects/thermalDFU/IEE data port(original)/ThermoDataBase(IEE data port)/ThermoDataBase/Control Group/CG012_F/Angiosoms/CG012_F_L_MPA.csv,27.7550695444,1251,valid,
CG012,R,LCA,/home/wenalz/Documents/Antigravity projects/thermalDFU/IEE data port(original)/ThermoDataBase(IEE data port)/ThermoDataBase/Control Group/CG012_F/Angiosoms/CG012_F_R_LCA.csv,29.0186141879,1607,valid,
CG012,R,LPA,/home/wenalz/Documents/Antigravity projects/thermalDFU/IEE data port(original)/ThermoDataBase(IEE data port)/ThermoDataBase/Control Group/CG012_F/Angiosoms/CG012_F_R_LPA.csv,27.1786716253,3630,valid,
CG012,R,MCA,/home/wenalz/Documents/Antigravity projects/thermalDFU/IEE data port(original)/ThermoDataBase(IEE data port)/ThermoDataBase/Control Group/CG012_F/Angiosoms/CG012_F_R_MCA.csv,29.0359267241,464,valid,
CG012,R,MPA,/home/wenalz/Documents/Antigravity projects/thermalDFU/IEE data port(original)/ThermoDataBase(IEE data port)/ThermoDataBase/Control Group/CG012_F/Angiosoms/CG012_F_R_MPA.csv,27.6488547881,1274,valid,
CG013,L,LCA,/home/wenalz/Documents/Antigravity projects/thermalDFU/IEE data port(original)/ThermoDataBase(IEE data port)/ThermoDataBase/Control Group/CG013_M/Angiosoms/CG013_M_L_LCA.csv,27.2740901213,1154,valid,
CG013,L,LPA,/home/wenalz/Documents/Antigravity projects/thermalDFU/IEE data port(original)/ThermoDataBase(IEE data port)/ThermoDataBase/Control Group/CG013_M/Angiosoms/CG013_M_L_LPA.csv,26.1360144781,2970,valid,
CG013,L,MCA,/home/wenalz/Documents/Antigravity projects/thermalDFU/IEE data port(original)/ThermoDataBase(IEE data port)/ThermoDataBase/Control Group/CG013_M/Angiosoms/CG013_M_L_MCA.csv,27.3228476563,768,valid,
CG013,L,MPA,/home/wenalz/Documents/Antigravity projects/thermalDFU/IEE data port(original)/ThermoDataBase(IEE data port)/ThermoDataBase/Control Group/CG013_M/Angiosoms/CG013_M_L_MPA.csv,26.2411736282,1221,valid,
CG013,R,LCA,/home/wenalz/Documents/Antigravity projects/thermalDFU/IEE data port(original)/ThermoDataBase(IEE data port)/ThermoDataBase/Control Group/CG013_M/Angiosoms/CG013_M_R_LCA.csv,26.4237705545,1046,valid,
CG013,R,LPA,/home/wenalz/Documents/Antigravity projects/thermalDFU/IEE data port(original)/ThermoDataBase(IEE data port)/ThermoDataBase/Control Group/CG013_M/Angiosoms/CG013_M_R_LPA.csv,25.7820912128,2993,valid,
CG013,R,MCA,/home/wenalz/Documents/Antigravity projects/thermalDFU/IEE data port(original)/ThermoDataBase(IEE data port)/ThermoDataBase/Control Group/CG013_M/Angiosoms/CG013_M_R_MCA.csv,26.7113031447,795,valid,
CG013,R,MPA,/home/wenalz/Documents/Antigravity projects/thermalDFU/IEE data port(original)/ThermoDataBase(IEE data port)/ThermoDataBase/Control Group/CG013_M/Angiosoms/CG013_M_R_MPA.csv,26.452835034,1176,valid,
CG014,L,LCA,/home/wenalz/Documents/Antigravity projects/thermalDFU/IEE data port(original)/ThermoDataBase(IEE data port)/ThermoDataBase/Control Group/CG014_M/Angiosoms/CG014_M_L_LCA.csv,27.9679215867,1084,valid,
CG014,L,LPA,/home/wenalz/Documents/Antigravity projects/thermalDFU/IEE data port(original)/ThermoDataBase(IEE data port)/ThermoDataBase/Control Group/CG014_M/Angiosoms/CG014_M_L_LPA.csv,28.5314352518,3058,valid,
CG014,L,MCA,/home/wenalz/Documents/Antigravity projects/thermalDFU/IEE data port(original)/ThermoDataBase(IEE data port)/ThermoDataBase/Control Group/CG014_M/Angiosoms/CG014_M_L_MCA.csv,28.2653874615,973,valid,
CG014,L,MPA,/home/wenalz/Documents/Antigravity projects/thermalDFU/IEE data port(original)/ThermoDataBase(IEE data port)/ThermoDataBase/Control Group/CG014_M/Angiosoms/CG014_M_L_MPA.csv,28.9978219291,1213,valid,
CG014,R,LCA,/home/wenalz/Documents/Antigravity projects/thermalDFU/IEE data port(original)/ThermoDataBase(IEE data port)/ThermoDataBase/Control Group/CG014_M/Angiosoms/CG014_M_R_LCA.csv,27.7246908297,1145,valid,
CG014,R,LPA,/home/wenalz/Documents/Antigravity projects/thermalDFU/IEE data port(original)/ThermoDataBase(IEE data port)/ThermoDataBase/Control Group/CG014_M/Angiosoms/CG014_M_R_LPA.csv,28.7693505818,3266,valid,
CG014,R,MCA,/home/wenalz/Documents/Antigravity projects/thermalDFU/IEE data port(original)/ThermoDataBase(IEE data port)/ThermoDataBase/Control Group/CG014_M/Angiosoms/CG014_M_R_MCA.csv,28.0847940039,1034,valid,
CG014,R,MPA,/home/wenalz/Documents/Antigravity projects/thermalDFU/IEE data port(original)/ThermoDataBase(IEE data port)/ThermoDataBase/Control Group/CG014_M/Angiosoms/CG014_M_R_MPA.csv,29.4204969651,1318,valid,
CG015,L,LCA,/home/wenalz/Documents/Antigravity projects/thermalDFU/IEE data port(original)/ThermoDataBase(IEE data port)/ThermoDataBase/Control Group/CG015_M/Angiosoms/CG015_M_L_LCA.csv,29.0372560336,953,valid,
CG015,L,LPA,/home/wenalz/Documents/Antigravity projects/thermalDFU/IEE data port(original)/ThermoDataBase(IEE data port)/ThermoDataBase/Control Group/CG015_M/Angiosoms/CG015_M_L_LPA.csv,28.6366380484,2644,valid,
CG015,L,MCA,/home/wenalz/Documents/Antigravity projects/thermalDFU/IEE data port(original)/ThermoDataBase(IEE data port)/ThermoDataBase/Control Group/CG015_M/Angiosoms/CG015_M_L_MCA.csv,29.1705042493,706,valid,
CG015,L,MPA,/home/wenalz/Documents/Antigravity projects/thermalDFU/IEE data port(original)/ThermoDataBase(IEE data port)/ThermoDataBase/Control Group/CG015_M/Angiosoms/CG015_M_L_MPA.csv,28.8493656025,971,valid,
CG015,R,LCA,/home/wenalz/Documents/Antigravity projects/thermalDFU/IEE data port(original)/ThermoDataBase(IEE data port)/ThermoDataBase/Control Group/CG015_M/Angiosoms/CG015_M_R_LCA.csv,28.8684684418,1014,valid,
CG015,R,LPA,/home/wenalz/Documents/Antigravity projects/thermalDFU/IEE data port(original)/ThermoDataBase(IEE data port)/ThermoDataBase/Control Group/CG015_M/Angiosoms/CG015_M_R_LPA.csv,29.2121476586,2648,valid,
CG015,R,MCA,/home/wenalz/Documents/Antigravity projects/thermalDFU/IEE data port(original)/ThermoDataBase(IEE data port)/ThermoDataBase/Control Group/CG015_M/Angiosoms/CG015_M_R_MCA.csv,28.9514985549,692,valid,
CG015,R,MPA,/home/wenalz/Documents/Antigravity projects/thermalDFU/IEE data port(original)/ThermoDataBase(IEE data port)/ThermoDataBase/Control Group/CG015_M/Angiosoms/CG015_M_R_MPA.csv,29.4064830054,1118,valid,
CG016,L,LCA,/home/wenalz/Documents/Antigravity projects/thermalDFU/IEE data port(original)/ThermoDataBase(IEE data port)/ThermoDataBase/Control Group/CG016_M/Angiosoms/CG016_M_L_LCA.csv,27.5166137566,1134,valid,
CG016,L,LPA,/home/wenalz/Documents/Antigravity projects/thermalDFU/IEE data port(original)/ThermoDataBase(IEE data port)/ThermoDataBase/Control Group/CG016_M/Angiosoms/CG016_M_L_LPA.csv,27.5774843562,3324,valid,
CG016,L,MCA,/home/wenalz/Documents/Antigravity projects/thermalDFU/IEE data port(original)/ThermoDataBase(IEE data port)/ThermoDataBase/Control Group/CG016_M/Angiosoms/CG016_M_L_MCA.csv,27.9673983353,841,valid,
CG016,L,MPA,/home/wenalz/Documents/Antigravity projects/thermalDFU/IEE data port(original)/ThermoDataBase(IEE data port)/ThermoDataBase/Control Group/CG016_M/Angiosoms/CG016_M_L_MPA.csv,27.940660091,1318,valid,
CG016,R,LCA,/home/wenalz/Documents/Antigravity projects/thermalDFU/IEE data port(original)/ThermoDataBase(IEE data port)/ThermoDataBase/Control Group/CG016_M/Angiosoms/CG016_M_R_LCA.csv,27.2028340573,1151,valid,
CG016,R,LPA,/home/wenalz/Documents/Antigravity projects/thermalDFU/IEE data port(original)/ThermoDataBase(IEE data port)/ThermoDataBase/Control Group/CG016_M/Angiosoms/CG016_M_R_LPA.csv,26.7135753108,3459,valid,
CG016,R,MCA,/home/wenalz/Documents/Antigravity projects/thermalDFU/IEE data port(original)/ThermoDataBase(IEE data port)/ThermoDataBase/Control Group/CG016_M/Angiosoms/CG016_M_R_MCA.csv,27.7160012788,782,valid,
CG016,R,MPA,/home/wenalz/Documents/Antigravity projects/thermalDFU/IEE data port(original)/ThermoDataBase(IEE data port)/ThermoDataBase/Control Group/CG016_M/Angiosoms/CG016_M_R_MPA.csv,26.708707196,1209,valid,
CG017,L,LCA,/home/wenalz/Documents/Antigravity projects/thermalDFU/IEE data port(original)/ThermoDataBase(IEE data port)/ThermoDataBase/Control Group/CG017_F/Angiosoms/CG017_F_L_LCA.csv,23.770210733,764,valid,
CG017,L,LPA,/home/wenalz/Documents/Antigravity projects/thermalDFU/IEE data port(original)/ThermoDataBase(IEE data port)/ThermoDataBase/Control Group/CG017_F/Angiosoms/CG017_F_L_LPA.csv,23.7679860384,2292,valid,
CG017,L,MCA,/home/wenalz/Documents/Antigravity projects/thermalDFU/IEE data port(original)/ThermoDataBase(IEE data port)/ThermoDataBase/Control Group/CG017_F/Angiosoms/CG017_F_L_MCA.csv,24.106761194,603,valid,
CG017,L,MPA,/home/wenalz/Documents/Antigravity projects/thermalDFU/IEE data port(original)/ThermoDataBase(IEE data port)/ThermoDataBase/Control Group/CG017_F/Angiosoms/CG017_F_L_MPA.csv,23.9286016166,866,valid,
CG017,R,LCA,/home/wenalz/Documents/Antigravity projects/thermalDFU/IEE data port(original)/ThermoDataBase(IEE data port)/ThermoDataBase/Control Group/CG017_F/Angiosoms/CG017_F_R_LCA.csv,24.2554080221,723,valid,
CG017,R,LPA,/home/wenalz/Documents/Antigravity projects/thermalDFU/IEE data port(original)/ThermoDataBase(IEE data port)/ThermoDataBase/Control Group/CG017_F/Angiosoms/CG017_F_R_LPA.csv,23.7232173913,2392,valid,
CG017,R,MCA,/home/wenalz/Documents/Antigravity projects/thermalDFU/IEE data port(original)/ThermoDataBase(IEE data port)/ThermoDataBase/Control Group/CG017_F/Angiosoms/CG017_F_R_MCA.csv,24.2273225806,682,valid,
CG017,R,MPA,/home/wenalz/Documents/Antigravity projects/thermalDFU/IEE data port(original)/ThermoDataBase(IEE data port)/ThermoDataBase/Control Group/CG017_F/Angiosoms/CG017_F_R_MPA.csv,24.1076986987,999,valid,
CG018,L,LCA,/home/wenalz/Documents/Antigravity projects/thermalDFU/IEE data port(original)/ThermoDataBase(IEE data port)/ThermoDataBase/Control Group/CG018_M/Angiosoms/CG018_M_L_LCA.csv,26.4677920455,880,valid,
CG018,L,LPA,/home/wenalz/Documents/Antigravity projects/thermalDFU/IEE data port(original)/ThermoDataBase(IEE data port)/ThermoDataBase/Control Group/CG018_M/Angiosoms/CG018_M_L_LPA.csv,27.0592245421,2730,valid,
CG018,L,MCA,/home/wenalz/Documents/Antigravity projects/thermalDFU/IEE data port(original)/ThermoDataBase(IEE data port)/ThermoDataBase/Control Group/CG018_M/Angiosoms/CG018_M_L_MCA.csv,27.1169832936,838,valid,
CG018,L,MPA,/home/wenalz/Documents/Antigravity projects/thermalDFU/IEE data port(original)/ThermoDataBase(IEE data port)/ThermoDataBase/Control Group/CG018_M/Angiosoms/CG018_M_L_MPA.csv,27.7067041096,1095,valid,
CG018,R,LCA,/home/wenalz/Documents/Antigravity projects/thermalDFU/IEE data port(original)/ThermoDataBase(IEE data port)/ThermoDataBase/Control Group/CG018_M/Angiosoms/CG018_M_R_LCA.csv,26.3795215252,813,valid,
CG018,R,LPA,/home/wenalz/Documents/Antigravity projects/thermalDFU/IEE data port(original)/ThermoDataBase(IEE data port)/ThermoDataBase/Control Group/CG018_M/Angiosoms/CG018_M_R_LPA.csv,26.8419690233,2744,valid,
CG018,R,MCA,/home/wenalz/Documents/Antigravity projects/thermalDFU/IEE data port(original)/ThermoDataBase(IEE data port)/ThermoDataBase/Control Group/CG018_M/Angiosoms/CG018_M_R_MCA.csv,26.7728796526,806,valid,
CG018,R,MPA,/home/wenalz/Documents/Antigravity projects/thermalDFU/IEE data port(original)/ThermoDataBase(IEE data port)/ThermoDataBase/Control Group/CG018_M/Angiosoms/CG018_M_R_MPA.csv,27.7844169788,801,valid,
CG019,L,LCA,/home/wenalz/Documents/Antigravity projects/thermalDFU/IEE data port(original)/ThermoDataBase(IEE data port)/ThermoDataBase/Control Group/CG019_F/Angiosoms/CG019_F_L_LCA.csv,26.0642428571,770,valid,
CG019,L,LPA,/home/wenalz/Documents/Antigravity projects/thermalDFU/IEE data port(original)/ThermoDataBase(IEE data port)/ThermoDataBase/Control Group/CG019_F/Angiosoms/CG019_F_L_LPA.csv,25.2953857678,2136,valid,
CG019,L,MCA,/home/wenalz/Documents/Antigravity projects/thermalDFU/IEE data port(original)/ThermoDataBase(IEE data port)/ThermoDataBase/Control Group/CG019_F/Angiosoms/CG019_F_L_MCA.csv,26.6046672,625,valid,
CG019,L,MPA,/home/wenalz/Documents/Antigravity projects/thermalDFU/IEE data port(original)/ThermoDataBase(IEE data port)/ThermoDataBase/Control Group/CG019_F/Angiosoms/CG019_F_L_MPA.csv,25.7176484919,862,valid,
CG019,R,LCA,/home/wenalz/Documents/Antigravity projects/thermalDFU/IEE data port(original)/ThermoDataBase(IEE data port)/ThermoDataBase/Control Group/CG019_F/Angiosoms/CG019_F_R_LCA.csv,25.8054840849,754,valid,
CG019,R,LPA,/home/wenalz/Documents/Antigravity projects/thermalDFU/IEE data port(original)/ThermoDataBase(IEE data port)/ThermoDataBase/Control Group/CG019_F/Angiosoms/CG019_F_R_LPA.csv,26.5792340234,2222,valid,
CG019,R,MCA,/home/wenalz/Documents/Antigravity projects/thermalDFU/IEE data port(original)/ThermoDataBase(IEE data port)/ThermoDataBase/Control Group/CG019_F/Angiosoms/CG019_F_R_MCA.csv,26.4110321489,591,valid,
CG019,R,MPA,/home/wenalz/Documents/Antigravity projects/thermalDFU/IEE data port(original)/ThermoDataBase(IEE data port)/ThermoDataBase/Control Group/CG019_F/Angiosoms/CG019_F_R_MPA.csv,27.2375615183,764,valid,
CG020,L,LCA,/home/wenalz/Documents/Antigravity projects/thermalDFU/IEE data port(original)/ThermoDataBase(IEE data port)/ThermoDataBase/Control Group/CG020_F/Angiosoms/CG020_F_L_LCA.csv,23.838292887,478,valid,
CG020,L,LPA,/home/wenalz/Documents/Antigravity projects/thermalDFU/IEE data port(original)/ThermoDataBase(IEE data port)/ThermoDataBase/Control Group/CG020_F/Angiosoms/CG020_F_L_LPA.csv,23.0381063063,1665,valid,
CG020,L,MCA,/home/wenalz/Documents/Antigravity projects/thermalDFU/IEE data port(original)/ThermoDataBase(IEE data port)/ThermoDataBase/Control Group/CG020_F/Angiosoms/CG020_F_L_MCA.csv,24.1436775599,459,valid,
CG020,L,MPA,/home/wenalz/Documents/Antigravity projects/thermalDFU/IEE data port(original)/ThermoDataBase(IEE data port)/ThermoDataBase/Control Group/CG020_F/Angiosoms/CG020_F_L_MPA.csv,23.044340591,643,valid,
CG020,R,LCA,/home/wenalz/Documents/Antigravity projects/thermalDFU/IEE data port(original)/ThermoDataBase(IEE data port)/ThermoDataBase/Control Group/CG020_F/Angiosoms/CG020_F_R_LCA.csv,23.7629834515,423,valid,
CG020,R,LPA,/home/wenalz/Documents/Antigravity projects/thermalDFU/IEE data port(original)/ThermoDataBase(IEE data port)/ThermoDataBase/Control Group/CG020_F/Angiosoms/CG020_F_R_LPA.csv,23.1209450727,1857,valid,
CG020,R,MCA,/home/wenalz/Documents/Antigravity projects/thermalDFU/IEE data port(original)/ThermoDataBase(IEE data port)/ThermoDataBase/Control Group/CG020_F/Angiosoms/CG020_F_R_MCA.csv,24.0999655832,523,valid,
CG020,R,MPA,/home/wenalz/Documents/Antigravity projects/thermalDFU/IEE data port(original)/ThermoDataBase(IEE data port)/ThermoDataBase/Control Group/CG020_F/Angiosoms/CG020_F_R_MPA.csv,23.3124029197,685,valid,
CG021,L,LCA,/home/wenalz/Documents/Antigravity projects/thermalDFU/IEE data port(original)/ThermoDataBase(IEE data port)/ThermoDataBase/Control Group/CG021_M/Angiosoms/CG021_M_L_LCA.csv,25.1710631313,1188,valid,
CG021,L,LPA,/home/wenalz/Documents/Antigravity projects/thermalDFU/IEE data port(original)/ThermoDataBase(IEE data port)/ThermoDataBase/Control Group/CG021_M/Angiosoms/CG021_M_L_LPA.csv,25.1955150784,4145,valid,
CG021,L,MCA,/home/wenalz/Documents/Antigravity projects/thermalDFU/IEE data port(original)/ThermoDataBase(IEE data port)/ThermoDataBase/Control Group/CG021_M/Angiosoms/CG021_M_L_MCA.csv,25.6504166085,1433,valid,
CG021,L,MPA,/home/wenalz/Documents/Antigravity projects/thermalDFU/IEE data port(original)/ThermoDataBase(IEE data port)/ThermoDataBase/Control Group/CG021_M/Angiosoms/CG021_M_L_MPA.csv,25.8685901449,1725,valid,
CG021,R,LCA,/home/wenalz/Documents/Antigravity projects/thermalDFU/IEE data port(original)/ThermoDataBase(IEE data port)/ThermoDataBase/Control Group/CG021_M/Angiosoms/CG021_M_R_LCA.csv,25.4861537861,1281,valid,
CG021,R,LPA,/home/wenalz/Documents/Antigravity projects/thermalDFU/IEE data port(original)/ThermoDataBase(IEE data port)/ThermoDataBase/Control Group/CG021_M/Angiosoms/CG021_M_R_LPA.csv,24.5978172612,4345,valid,
CG021,R,MCA,/home/wenalz/Documents/Antigravity projects/thermalDFU/IEE data port(original)/ThermoDataBase(IEE data port)/ThermoDataBase/Control Group/CG021_M/Angiosoms/CG021_M_R_MCA.csv,26.2028259312,1396,valid,
CG021,R,MPA,/home/wenalz/Documents/Antigravity projects/thermalDFU/IEE data port(original)/ThermoDataBase(IEE data port)/ThermoDataBase/Control Group/CG021_M/Angiosoms/CG021_M_R_MPA.csv,24.6753317279,1661,valid,
CG022,L,LCA,/home/wenalz/Documents/Antigravity projects/thermalDFU/IEE data port(original)/ThermoDataBase(IEE data port)/ThermoDataBase/Control Group/CG022_M/Angiosoms/CG022_M_L_LCA.csv,25.6975850682,1393,valid,
CG022,L,LPA,/home/wenalz/Documents/Antigravity projects/thermalDFU/IEE data port(original)/ThermoDataBase(IEE data port)/ThermoDataBase/Control Group/CG022_M/Angiosoms/CG022_M_L_LPA.csv,24.1652961006,3975,valid,
CG022,L,MCA,/home/wenalz/Documents/Antigravity projects/thermalDFU/IEE data port(original)/ThermoDataBase(IEE data port)/ThermoDataBase/Control Group/CG022_M/Angiosoms/CG022_M_L_MCA.csv,26.1248045879,1177,valid,
CG022,L,MPA,/home/wenalz/Documents/Antigravity projects/thermalDFU/IEE data port(original)/ThermoDataBase(IEE data port)/ThermoDataBase/Control Group/CG022_M/Angiosoms/CG022_M_L_MPA.csv,25.0232992081,1768,valid,
CG022,R,LCA,/home/wenalz/Documents/Antigravity projects/thermalDFU/IEE data port(original)/ThermoDataBase(IEE data port)/ThermoDataBase/Control Group/CG022_M/Angiosoms/CG022_M_R_LCA.csv,25.1294377023,1236,valid,
CG022,R,LPA,/home/wenalz/Documents/Antigravity projects/thermalDFU/IEE data port(original)/ThermoDataBase(IEE data port)/ThermoDataBase/Control Group/CG022_M/Angiosoms/CG022_M_R_LPA.csv,23.5302505441,4135,valid,
CG022,R,MCA,/home/wenalz/Documents/Antigravity projects/thermalDFU/IEE data port(original)/ThermoDataBase(IEE data port)/ThermoDataBase/Control Group/CG022_M/Angiosoms/CG022_M_R_MCA.csv,26.4368249468,1411,valid,
CG022,R,MPA,/home/wenalz/Documents/Antigravity projects/thermalDFU/IEE data port(original)/ThermoDataBase(IEE data port)/ThermoDataBase/Control Group/CG022_M/Angiosoms/CG022_M_R_MPA.csv,24.0402505952,1680,valid,
CG023,L,LCA,/home/wenalz/Documents/Antigravity projects/thermalDFU/IEE data port(original)/ThermoDataBase(IEE data port)/ThermoDataBase/Control Group/CG023_F/Angiosoms/CG023_F_L_LCA.csv,25.077243865,652,valid,
CG023,L,LPA,/home/wenalz/Documents/Antigravity projects/thermalDFU/IEE data port(original)/ThermoDataBase(IEE data port)/ThermoDataBase/Control Group/CG023_F/Angiosoms/CG023_F_L_LPA.csv,24.5012216028,2870,valid,
CG023,L,MCA,/home/wenalz/Documents/Antigravity projects/thermalDFU/IEE data port(original)/ThermoDataBase(IEE data port)/ThermoDataBase/Control Group/CG023_F/Angiosoms/CG023_F_L_MCA.csv,25.7119339623,954,valid,
CG023,L,MPA,/home/wenalz/Documents/Antigravity projects/thermalDFU/IEE data port(original)/ThermoDataBase(IEE data port)/ThermoDataBase/Control Group/CG023_F/Angiosoms/CG023_F_L_MPA.csv,24.6206330998,1142,valid,
CG023,R,LCA,/home/wenalz/Documents/Antigravity projects/thermalDFU/IEE data port(original)/ThermoDataBase(IEE data port)/ThermoDataBase/Control Group/CG023_F/Angiosoms/CG023_F_R_LCA.csv,24.5591192308,780,valid,
CG023,R,LPA,/home/wenalz/Documents/Antigravity projects/thermalDFU/IEE data port(original)/ThermoDataBase(IEE data port)/ThermoDataBase/Control Group/CG023_F/Angiosoms/CG023_F_R_LPA.csv,23.6200591414,3331,valid,
CG023,R,MCA,/home/wenalz/Documents/Antigravity projects/thermalDFU/IEE data port(original)/ThermoDataBase(IEE data port)/ThermoDataBase/Control Group/CG023_F/Angiosoms/CG023_F_R_MCA.csv,25.673907332,982,valid,
CG023,R,MPA,/home/wenalz/Documents/Antigravity projects/thermalDFU/IEE data port(original)/ThermoDataBase(IEE data port)/ThermoDataBase/Control Group/CG023_F/Angiosoms/CG023_F_R_MPA.csv,23.3545422106,1149,valid,
CG024,L,LCA,/home/wenalz/Documents/Antigravity projects/thermalDFU/IEE data port(original)/ThermoDataBase(IEE data port)/ThermoDataBase/Control Group/CG024_F/Angiosoms/CG024_F_L_LCA.csv,26.4267281421,732,valid,
CG024,L,LPA,/home/wenalz/Documents/Antigravity projects/thermalDFU/IEE data port(original)/ThermoDataBase(IEE data port)/ThermoDataBase/Control Group/CG024_F/Angiosoms/CG024_F_L_LPA.csv,25.5763464096,3008,valid,
CG024,L,MCA,/home/wenalz/Documents/Antigravity projects/thermalDFU/IEE data port(original)/ThermoDataBase(IEE data port)/ThermoDataBase/Control Group/CG024_F/Angiosoms/CG024_F_L_MCA.csv,27.7212916213,919,valid,
CG024,L,MPA,/home/wenalz/Documents/Antigravity projects/thermalDFU/IEE data port(original)/ThermoDataBase(IEE data port)/ThermoDataBase/Control Group/CG024_F/Angiosoms/CG024_F_L_MPA.csv,25.2538758231,1063,valid,
CG024,R,LCA,/home/wenalz/Documents/Antigravity projects/thermalDFU/IEE data port(original)/ThermoDataBase(IEE data port)/ThermoDataBase/Control Group/CG024_F/Angiosoms/CG024_F_R_LCA.csv,27.2445379976,829,valid,
CG024,R,LPA,/home/wenalz/Documents/Antigravity projects/thermalDFU/IEE data port(original)/ThermoDataBase(IEE data port)/ThermoDataBase/Control Group/CG024_F/Angiosoms/CG024_F_R_LPA.csv,25.8351545034,2809,valid,
CG024,R,MCA,/home/wenalz/Documents/Antigravity projects/thermalDFU/IEE data port(original)/ThermoDataBase(IEE data port)/ThermoDataBase/Control Group/CG024_F/Angiosoms/CG024_F_R_MCA.csv,27.9013687231,697,valid,
CG024,R,MPA,/home/wenalz/Documents/Antigravity projects/thermalDFU/IEE data port(original)/ThermoDataBase(IEE data port)/ThermoDataBase/Control Group/CG024_F/Angiosoms/CG024_F_R_MPA.csv,25.7732470374,1097,valid,
CG025,L,LCA,/home/wenalz/Documents/Antigravity projects/thermalDFU/IEE data port(original)/ThermoDataBase(IEE data port)/ThermoDataBase/Control Group/CG025_M/Angiosoms/CG025_M_L_LCA.csv,27.1670467128,1156,valid,
CG025,L,LPA,/home/wenalz/Documents/Antigravity projects/thermalDFU/IEE data port(original)/ThermoDataBase(IEE data port)/ThermoDataBase/Control Group/CG025_M/Angiosoms/CG025_M_L_LPA.csv,27.5956768875,3457,valid,
CG025,L,MCA,/home/wenalz/Documents/Antigravity projects/thermalDFU/IEE data port(original)/ThermoDataBase(IEE data port)/ThermoDataBase/Control Group/CG025_M/Angiosoms/CG025_M_L_MCA.csv,27.4974848993,1192,valid,
CG025,L,MPA,/home/wenalz/Documents/Antigravity projects/thermalDFU/IEE data port(original)/ThermoDataBase(IEE data port)/ThermoDataBase/Control Group/CG025_M/Angiosoms/CG025_M_L_MPA.csv,27.9497973721,1446,valid,
CG025,R,LCA,/home/wenalz/Documents/Antigravity projects/thermalDFU/IEE data port(original)/ThermoDataBase(IEE data port)/ThermoDataBase/Control Group/CG025_M/Angiosoms/CG025_M_R_LCA.csv,27.6277266667,1200,valid,
CG025,R,LPA,/home/wenalz/Documents/Antigravity projects/thermalDFU/IEE data port(original)/ThermoDataBase(IEE data port)/ThermoDataBase/Control Group/CG025_M/Angiosoms/CG025_M_R_LPA.csv,27.3045968474,3743,valid,
CG025,R,MCA,/home/wenalz/Documents/Antigravity projects/thermalDFU/IEE data port(original)/ThermoDataBase(IEE data port)/ThermoDataBase/Control Group/CG025_M/Angiosoms/CG025_M_R_MCA.csv,27.6645332168,1144,valid,
CG025,R,MPA,/home/wenalz/Documents/Antigravity projects/thermalDFU/IEE data port(original)/ThermoDataBase(IEE data port)/ThermoDataBase/Control Group/CG025_M/Angiosoms/CG025_M_R_MPA.csv,27.5750105068,1618,valid,
CG026,L,LCA,/home/wenalz/Documents/Antigravity projects/thermalDFU/IEE data port(original)/ThermoDataBase(IEE data port)/ThermoDataBase/Control Group/CG026_M/Angiosoms/CG026_M_L_LCA.csv,27.2732353644,1674,valid,
CG026,L,LPA,/home/wenalz/Documents/Antigravity projects/thermalDFU/IEE data port(original)/ThermoDataBase(IEE data port)/ThermoDataBase/Control Group/CG026_M/Angiosoms/CG026_M_L_LPA.csv,27.5144136007,4838,valid,
CG026,L,MCA,/home/wenalz/Documents/Antigravity projects/thermalDFU/IEE data port(original)/ThermoDataBase(IEE data port)/ThermoDataBase/Control Group/CG026_M/Angiosoms/CG026_M_L_MCA.csv,27.677769337,1448,valid,
CG026,L,MPA,/home/wenalz/Documents/Antigravity projects/thermalDFU/IEE data port(original)/ThermoDataBase(IEE data port)/ThermoDataBase/Control Group/CG026_M/Angiosoms/CG026_M_L_MPA.csv,28.0378643216,1990,valid,
CG026,R,LCA,/home/wenalz/Documents/Antigravity projects/thermalDFU/IEE data port(original)/ThermoDataBase(IEE data port)/ThermoDataBase/Control Group/CG026_M/Angiosoms/CG026_M_R_LCA.csv,27.5241875817,1530,valid,
CG026,R,LPA,/home/wenalz/Documents/Antigravity projects/thermalDFU/IEE data port(original)/ThermoDataBase(IEE data port)/ThermoDataBase/Control Group/CG026_M/Angiosoms/CG026_M_R_LPA.csv,27.387613722,5043,valid,
CG026,R,MCA,/home/wenalz/Documents/Antigravity projects/thermalDFU/IEE data port(original)/ThermoDataBase(IEE data port)/ThermoDataBase/Control Group/CG026_M/Angiosoms/CG026_M_R_MCA.csv,28.0572265683,1355,valid,
CG026,R,MPA,/home/wenalz/Documents/Antigravity projects/thermalDFU/IEE data port(original)/ThermoDataBase(IEE data port)/ThermoDataBase/Control Group/CG026_M/Angiosoms/CG026_M_R_MPA.csv,27.8642751196,2090,valid,
CG027,L,LCA,/home/wenalz/Documents/Antigravity projects/thermalDFU/IEE data port(original)/ThermoDataBase(IEE data port)/ThermoDataBase/Control Group/CG027_M/Angiosoms/CG027_M_L_LCA.csv,25.8726362028,1696,valid,
CG027,L,LPA,/home/wenalz/Documents/Antigravity projects/thermalDFU/IEE data port(original)/ThermoDataBase(IEE data port)/ThermoDataBase/Control Group/CG027_M/Angiosoms/CG027_M_L_LPA.csv,26.9350347092,5330,valid,
CG027,L,MCA,/home/wenalz/Documents/Antigravity projects/thermalDFU/IEE data port(original)/ThermoDataBase(IEE data port)/ThermoDataBase/Control Group/CG027_M/Angiosoms/CG027_M_L_MCA.csv,26.0216353361,1681,valid,
CG027,L,MPA,/home/wenalz/Documents/Antigravity projects/thermalDFU/IEE data port(original)/ThermoDataBase(IEE data port)/ThermoDataBase/Control Group/CG027_M/Angiosoms/CG027_M_L_MPA.csv,27.3823101494,1941,valid,
CG027,R,LCA,/home/wenalz/Documents/Antigravity projects/thermalDFU/IEE data port(original)/ThermoDataBase(IEE data port)/ThermoDataBase/Control Group/CG027_M/Angiosoms/CG027_M_R_LCA.csv,25.7839935103,1695,valid,
CG027,R,LPA,/home/wenalz/Documents/Antigravity projects/thermalDFU/IEE data port(original)/ThermoDataBase(IEE data port)/ThermoDataBase/Control Group/CG027_M/Angiosoms/CG027_M_R_LPA.csv,26.2869771752,5827,valid,
CG027,R,MCA,/home/wenalz/Documents/Antigravity projects/thermalDFU/IEE data port(original)/ThermoDataBase(IEE data port)/ThermoDataBase/Control Group/CG027_M/Angiosoms/CG027_M_R_MCA.csv,25.9564745654,1553,valid,
CG027,R,MPA,/home/wenalz/Documents/Antigravity projects/thermalDFU/IEE data port(original)/ThermoDataBase(IEE data port)/ThermoDataBase/Control Group/CG027_M/Angiosoms/CG027_M_R_MPA.csv,26.412841551,2089,valid,
CG028,L,LCA,/home/wenalz/Documents/Antigravity projects/thermalDFU/IEE data port(original)/ThermoDataBase(IEE data port)/ThermoDataBase/Control Group/CG028_M/Angiosoms/CG028_M_L_LCA.csv,26.2146839929,1693,valid,
CG028,L,LPA,/home/wenalz/Documents/Antigravity projects/thermalDFU/IEE data port(original)/ThermoDataBase(IEE data port)/ThermoDataBase/Control Group/CG028_M/Angiosoms/CG028_M_L_LPA.csv,25.4513700061,4881,valid,
CG028,L,MCA,/home/wenalz/Documents/Antigravity projects/thermalDFU/IEE data port(original)/ThermoDataBase(IEE data port)/ThermoDataBase/Control Group/CG028_M/Angiosoms/CG028_M_L_MCA.csv,26.8299821098,1621,valid,
CG028,L,MPA,/home/wenalz/Documents/Antigravity projects/thermalDFU/IEE data port(original)/ThermoDataBase(IEE data port)/ThermoDataBase/Control Group/CG028_M/Angiosoms/CG028_M_L_MPA.csv,26.1056938445,1852,valid,
CG028,R,LCA,/home/wenalz/Documents/Antigravity projects/thermalDFU/IEE data port(original)/ThermoDataBase(IEE data port)/ThermoDataBase/Control Group/CG028_M/Angiosoms/CG028_M_R_LCA.csv,26.6070056754,1762,valid,
CG028,R,LPA,/home/wenalz/Documents/Antigravity projects/thermalDFU/IEE data port(original)/ThermoDataBase(IEE data port)/ThermoDataBase/Control Group/CG028_M/Angiosoms/CG028_M_R_LPA.csv,25.8350306165,4834,valid,
CG028,R,MCA,/home/wenalz/Documents/Antigravity projects/thermalDFU/IEE data port(original)/ThermoDataBase(IEE data port)/ThermoDataBase/Control Group/CG028_M/Angiosoms/CG028_M_R_MCA.csv,27.3472194357,1595,valid,
CG028,R,MPA,/home/wenalz/Documents/Antigravity projects/thermalDFU/IEE data port(original)/ThermoDataBase(IEE data port)/ThermoDataBase/Control Group/CG028_M/Angiosoms/CG028_M_R_MPA.csv,26.4164377778,1800,valid,
CG029,L,LCA,/home/wenalz/Documents/Antigravity projects/thermalDFU/IEE data port(original)/ThermoDataBase(IEE data port)/ThermoDataBase/Control Group/CG029_F/Angiosoms/CG029_F_L_LCA.csv,25.842674786,1519,valid,
CG029,L,LPA,/home/wenalz/Documents/Antigravity projects/thermalDFU/IEE data port(original)/ThermoDataBase(IEE data port)/ThermoDataBase/Control Group/CG029_F/Angiosoms/CG029_F_L_LPA.csv,25.1396280596,3963,valid,
CG029,L,MCA,/home/wenalz/Documents/Antigravity projects/thermalDFU/IEE data port(original)/ThermoDataBase(IEE data port)/ThermoDataBase/Control Group/CG029_F/Angiosoms/CG029_F_L_MCA.csv,25.8900202392,1087,valid,
CG029,L,MPA,/home/wenalz/Documents/Antigravity projects/thermalDFU/IEE data port(original)/ThermoDataBase(IEE data port)/ThermoDataBase/Control Group/CG029_F/Angiosoms/CG029_F_L_MPA.csv,25.2740065746,1521,valid,
CG029,R,LCA,/home/wenalz/Documents/Antigravity projects/thermalDFU/IEE data port(original)/ThermoDataBase(IEE data port)/ThermoDataBase/Control Group/CG029_F/Angiosoms/CG029_F_R_LCA.csv,26.1190945837,1237,valid,
CG029,R,LPA,/home/wenalz/Documents/Antigravity projects/thermalDFU/IEE data port(original)/ThermoDataBase(IEE data port)/ThermoDataBase/Control Group/CG029_F/Angiosoms/CG029_F_R_LPA.csv,26.0154986826,4175,valid,
CG029,R,MCA,/home/wenalz/Documents/Antigravity projects/thermalDFU/IEE data port(original)/ThermoDataBase(IEE data port)/ThermoDataBase/Control Group/CG029_F/Angiosoms/CG029_F_R_MCA.csv,26.2480204866,1562,valid,
CG029,R,MPA,/home/wenalz/Documents/Antigravity projects/thermalDFU/IEE data port(original)/ThermoDataBase(IEE data port)/ThermoDataBase/Control Group/CG029_F/Angiosoms/CG029_F_R_MPA.csv,25.7626311719,1681,valid,
CG030,L,LCA,/home/wenalz/Documents/Antigravity projects/thermalDFU/IEE data port(original)/ThermoDataBase(IEE data port)/ThermoDataBase/Control Group/CG030_M/Angiosoms/CG030_M_L_LCA.csv,26.7926965875,1348,valid,
CG030,L,LPA,/home/wenalz/Documents/Antigravity projects/thermalDFU/IEE data port(original)/ThermoDataBase(IEE data port)/ThermoDataBase/Control Group/CG030_M/Angiosoms/CG030_M_L_LPA.csv,26.2128019364,4751,valid,
CG030,L,MCA,/home/wenalz/Documents/Antigravity projects/thermalDFU/IEE data port(original)/ThermoDataBase(IEE data port)/ThermoDataBase/Control Group/CG030_M/Angiosoms/CG030_M_L_MCA.csv,27.5059014286,1400,valid,
CG030,L,MPA,/home/wenalz/Documents/Antigravity projects/thermalDFU/IEE data port(original)/ThermoDataBase(IEE data port)/ThermoDataBase/Control Group/CG030_M/Angiosoms/CG030_M_L_MPA.csv,26.2843410771,1894,valid,
CG030,R,LCA,/home/wenalz/Documents/Antigravity projects/thermalDFU/IEE data port(original)/ThermoDataBase(IEE data port)/ThermoDataBase/Control Group/CG030_M/Angiosoms/CG030_M_R_LCA.csv,26.8219212492,1473,valid,
CG030,R,LPA,/home/wenalz/Documents/Antigravity projects/thermalDFU/IEE data port(original)/ThermoDataBase(IEE data port)/ThermoDataBase/Control Group/CG030_M/Angiosoms/CG030_M_R_LPA.csv,26.1728276722,5211,valid,
CG030,R,MCA,/home/wenalz/Documents/Antigravity projects/thermalDFU/IEE data port(original)/ThermoDataBase(IEE data port)/ThermoDataBase/Control Group/CG030_M/Angiosoms/CG030_M_R_MCA.csv,27.3578287966,1396,valid,
CG030,R,MPA,/home/wenalz/Documents/Antigravity projects/thermalDFU/IEE data port(original)/ThermoDataBase(IEE data port)/ThermoDataBase/Control Group/CG030_M/Angiosoms/CG030_M_R_MPA.csv,26.1206390081,2097,valid,
CG031,L,LCA,/home/wenalz/Documents/Antigravity projects/thermalDFU/IEE data port(original)/ThermoDataBase(IEE data port)/ThermoDataBase/Control Group/CG031_M/Angiosoms/CG031_M_L_LCA.csv,27.2157479158,2519,valid,
CG031,L,LPA,/home/wenalz/Documents/Antigravity projects/thermalDFU/IEE data port(original)/ThermoDataBase(IEE data port)/ThermoDataBase/Control Group/CG031_M/Angiosoms/CG031_M_L_LPA.csv,27.2909309479,6372,valid,
CG031,L,MCA,/home/wenalz/Documents/Antigravity projects/thermalDFU/IEE data port(original)/ThermoDataBase(IEE data port)/ThermoDataBase/Control Group/CG031_M/Angiosoms/CG031_M_L_MCA.csv,27.4330274049,1788,valid,
CG031,L,MPA,/home/wenalz/Documents/Antigravity projects/thermalDFU/IEE data port(original)/ThermoDataBase(IEE data port)/ThermoDataBase/Control Group/CG031_M/Angiosoms/CG031_M_L_MPA.csv,27.3670748949,2617,valid,
CG031,R,LCA,/home/wenalz/Documents/Antigravity projects/thermalDFU/IEE data port(original)/ThermoDataBase(IEE data port)/ThermoDataBase/Control Group/CG031_M/Angiosoms/CG031_M_R_LCA.csv,27.5726839682,2389,valid,
CG031,R,LPA,/home/wenalz/Documents/Antigravity projects/thermalDFU/IEE data port(original)/ThermoDataBase(IEE data port)/ThermoDataBase/Control Group/CG031_M/Angiosoms/CG031_M_R_LPA.csv,27.5648216833,7010,valid,
CG031,R,MCA,/home/wenalz/Documents/Antigravity projects/thermalDFU/IEE data port(original)/ThermoDataBase(IEE data port)/ThermoDataBase/Control Group/CG031_M/Angiosoms/CG031_M_R_MCA.csv,27.5341453287,2312,valid,
CG031,R,MPA,/home/wenalz/Documents/Antigravity projects/thermalDFU/IEE data port(original)/ThermoDataBase(IEE data port)/ThermoDataBase/Control Group/CG031_M/Angiosoms/CG031_M_R_MPA.csv,27.7300535836,2930,valid,
CG032,L,LCA,/home/wenalz/Documents/Antigravity projects/thermalDFU/IEE data port(original)/ThermoDataBase(IEE data port)/ThermoDataBase/Control Group/CG032_M/Angiosoms/CG032_M_L_LCA.csv,26.0766813665,1610,valid,
CG032,L,LPA,/home/wenalz/Documents/Antigravity projects/thermalDFU/IEE data port(original)/ThermoDataBase(IEE data port)/ThermoDataBase/Control Group/CG032_M/Angiosoms/CG032_M_L_LPA.csv,26.9911625607,5358,valid,
CG032,L,MCA,/home/wenalz/Documents/Antigravity projects/thermalDFU/IEE data port(original)/ThermoDataBase(IEE data port)/ThermoDataBase/Control Group/CG032_M/Angiosoms/CG032_M_L_MCA.csv,26.9546341463,1681,valid,
CG032,L,MPA,/home/wenalz/Documents/Antigravity projects/thermalDFU/IEE data port(original)/ThermoDataBase(IEE data port)/ThermoDataBase/Control Group/CG032_M/Angiosoms/CG032_M_L_MPA.csv,27.58056805,2241,valid,
CG032,R,LCA,/home/wenalz/Documents/Antigravity projects/thermalDFU/IEE data port(original)/ThermoDataBase(IEE data port)/ThermoDataBase/Control Group/CG032_M/Angiosoms/CG032_M_R_LCA.csv,26.502649635,1644,valid,
CG032,R,LPA,/home/wenalz/Documents/Antigravity projects/thermalDFU/IEE data port(original)/ThermoDataBase(IEE data port)/ThermoDataBase/Control Group/CG032_M/Angiosoms/CG032_M_R_LPA.csv,26.9259108563,5407,valid,
CG032,R,MCA,/home/wenalz/Documents/Antigravity projects/thermalDFU/IEE data port(original)/ThermoDataBase(IEE data port)/ThermoDataBase/Control Group/CG032_M/Angiosoms/CG032_M_R_MCA.csv,26.9139634434,1696,valid,
CG032,R,MPA,/home/wenalz/Documents/Antigravity projects/thermalDFU/IEE data port(original)/ThermoDataBase(IEE data port)/ThermoDataBase/Control Group/CG032_M/Angiosoms/CG032_M_R_MPA.csv,27.3298541854,2222,valid,
CG033,L,LCA,/home/wenalz/Documents/Antigravity projects/thermalDFU/IEE data port(original)/ThermoDataBase(IEE data port)/ThermoDataBase/Control Group/CG033_M/Angiosoms/CG033_M_L_LCA.csv,28.3776423126,1574,valid,
CG033,L,LPA,/home/wenalz/Documents/Antigravity projects/thermalDFU/IEE data port(original)/ThermoDataBase(IEE data port)/ThermoDataBase/Control Group/CG033_M/Angiosoms/CG033_M_L_LPA.csv,28.1390470246,4806,valid,
CG033,L,MCA,/home/wenalz/Documents/Antigravity projects/thermalDFU/IEE data port(original)/ThermoDataBase(IEE data port)/ThermoDataBase/Control Group/CG033_M/Angiosoms/CG033_M_L_MCA.csv,29.4932379623,1433,valid,
CG033,L,MPA,/home/wenalz/Documents/Antigravity projects/thermalDFU/IEE data port(original)/ThermoDataBase(IEE data port)/ThermoDataBase/Control Group/CG033_M/Angiosoms/CG033_M_L_MPA.csv,28.6921545364,2006,valid,
CG033,R,LCA,/home/wenalz/Documents/Antigravity projects/thermalDFU/IEE data port(original)/ThermoDataBase(IEE data port)/ThermoDataBase/Control Group/CG033_M/Angiosoms/CG033_M_R_LCA.csv,28.8812154551,1527,valid,
CG033,R,LPA,/home/wenalz/Documents/Antigravity projects/thermalDFU/IEE data port(original)/ThermoDataBase(IEE data port)/ThermoDataBase/Control Group/CG033_M/Angiosoms/CG033_M_R_LPA.csv,28.0608339703,4710,valid,
CG033,R,MCA,/home/wenalz/Documents/Antigravity projects/thermalDFU/IEE data port(original)/ThermoDataBase(IEE data port)/ThermoDataBase/Control Group/CG033_M/Angiosoms/CG033_M_R_MCA.csv,29.3455789855,1380,valid,
CG033,R,MPA,/home/wenalz/Documents/Antigravity projects/thermalDFU/IEE data port(original)/ThermoDataBase(IEE data port)/ThermoDataBase/Control Group/CG033_M/Angiosoms/CG033_M_R_MPA.csv,28.3104939516,1984,valid,
CG034,L,LCA,/home/wenalz/Documents/Antigravity projects/thermalDFU/IEE data port(original)/ThermoDataBase(IEE data port)/ThermoDataBase/Control Group/CG034_M/Angiosoms/CG034_M_L_LCA.csv,26.4233757178,1219,valid,
CG034,L,LPA,/home/wenalz/Documents/Antigravity projects/thermalDFU/IEE data port(original)/ThermoDataBase(IEE data port)/ThermoDataBase/Control Group/CG034_M/Angiosoms/CG034_M_L_LPA.csv,28.3432874167,4951,valid,
CG034,L,MCA,/home/wenalz/Documents/Antigravity projects/thermalDFU/IEE data port(original)/ThermoDataBase(IEE data port)/ThermoDataBase/Control Group/CG034_M/Angiosoms/CG034_M_L_MCA.csv,27.3898359002,1883,valid,
CG034,L,MPA,/home/wenalz/Documents/Antigravity projects/thermalDFU/IEE data port(original)/ThermoDataBase(IEE data port)/ThermoDataBase/Control Group/CG034_M/Angiosoms/CG034_M_L_MPA.csv,29.2240760774,2274,valid,
CG034,R,LCA,/home/wenalz/Documents/Antigravity projects/thermalDFU/IEE data port(original)/ThermoDataBase(IEE data port)/ThermoDataBase/Control Group/CG034_M/Angiosoms/CG034_M_R_LCA.csv,26.7528914405,1916,valid,
CG034,R,LPA,/home/wenalz/Documents/Antigravity projects/thermalDFU/IEE data port(original)/ThermoDataBase(IEE data port)/ThermoDataBase/Control Group/CG034_M/Angiosoms/CG034_M_R_LPA.csv,28.5156647951,5343,valid,
CG034,R,MCA,/home/wenalz/Documents/Antigravity projects/thermalDFU/IEE data port(original)/ThermoDataBase(IEE data port)/ThermoDataBase/Control Group/CG034_M/Angiosoms/CG034_M_R_MCA.csv,27.4285196592,1526,valid,
CG034,R,MPA,/home/wenalz/Documents/Antigravity projects/thermalDFU/IEE data port(original)/ThermoDataBase(IEE data port)/ThermoDataBase/Control Group/CG034_M/Angiosoms/CG034_M_R_MPA.csv,29.1174155474,2457,valid,
CG035,L,LCA,/home/wenalz/Documents/Antigravity projects/thermalDFU/IEE data port(original)/ThermoDataBase(IEE data port)/ThermoDataBase/Control Group/CG035_M/Angiosoms/CG035_M_L_LCA.csv,26.3346273885,1570,valid,
CG035,L,LPA,/home/wenalz/Documents/Antigravity projects/thermalDFU/IEE data port(original)/ThermoDataBase(IEE data port)/ThermoDataBase/Control Group/CG035_M/Angiosoms/CG035_M_L_LPA.csv,27.916068994,4841,valid,
CG035,L,MCA,/home/wenalz/Documents/Antigravity projects/thermalDFU/IEE data port(original)/ThermoDataBase(IEE data port)/ThermoDataBase/Control Group/CG035_M/Angiosoms/CG035_M_L_MCA.csv,26.9931778547,1445,valid,
CG035,L,MPA,/home/wenalz/Documents/Antigravity projects/thermalDFU/IEE data port(original)/ThermoDataBase(IEE data port)/ThermoDataBase/Control Group/CG035_M/Angiosoms/CG035_M_L_MPA.csv,28.1094139626,2034,valid,
CG035,R,LCA,/home/wenalz/Documents/Antigravity projects/thermalDFU/IEE data port(original)/ThermoDataBase(IEE data port)/ThermoDataBase/Control Group/CG035_M/Angiosoms/CG035_M_R_LCA.csv,26.2168509235,1516,valid,
CG035,R,LPA,/home/wenalz/Documents/Antigravity projects/thermalDFU/IEE data port(original)/ThermoDataBase(IEE data port)/ThermoDataBase/Control Group/CG035_M/Angiosoms/CG035_M_R_LPA.csv,27.2204728868,5016,valid,
CG035,R,MCA,/home/wenalz/Documents/Antigravity projects/thermalDFU/IEE data port(original)/ThermoDataBase(IEE data port)/ThermoDataBase/Control Group/CG035_M/Angiosoms/CG035_M_R_MCA.csv,26.8799860335,1432,valid,
CG035,R,MPA,/home/wenalz/Documents/Antigravity projects/thermalDFU/IEE data port(original)/ThermoDataBase(IEE data port)/ThermoDataBase/Control Group/CG035_M/Angiosoms/CG035_M_R_MPA.csv,27.1963020559,1897,valid,
CG036,L,LCA,/home/wenalz/Documents/Antigravity projects/thermalDFU/IEE data port(original)/ThermoDataBase(IEE data port)/ThermoDataBase/Control Group/CG036_M/Angiosoms/CG036_M_L_LCA.csv,26.2607574222,1381,valid,
CG036,L,LPA,/home/wenalz/Documents/Antigravity projects/thermalDFU/IEE data port(original)/ThermoDataBase(IEE data port)/ThermoDataBase/Control Group/CG036_M/Angiosoms/CG036_M_L_LPA.csv,25.3040118812,4545,valid,
CG036,L,MCA,/home/wenalz/Documents/Antigravity projects/thermalDFU/IEE data port(original)/ThermoDataBase(IEE data port)/ThermoDataBase/Control Group/CG036_M/Angiosoms/CG036_M_L_MCA.csv,26.6034908692,1369,valid,
CG036,L,MPA,/home/wenalz/Documents/Antigravity projects/thermalDFU/IEE data port(original)/ThermoDataBase(IEE data port)/ThermoDataBase/Control Group/CG036_M/Angiosoms/CG036_M_L_MPA.csv,25.2103393541,1827,valid,
CG036,R,LCA,/home/wenalz/Documents/Antigravity projects/thermalDFU/IEE data port(original)/ThermoDataBase(IEE data port)/ThermoDataBase/Control Group/CG036_M/Angiosoms/CG036_M_R_LCA.csv,26.9199644103,1433,valid,
CG036,R,LPA,/home/wenalz/Documents/Antigravity projects/thermalDFU/IEE data port(original)/ThermoDataBase(IEE data port)/ThermoDataBase/Control Group/CG036_M/Angiosoms/CG036_M_R_LPA.csv,26.2724582986,4796,valid,
CG036,R,MCA,/home/wenalz/Documents/Antigravity projects/thermalDFU/IEE data port(original)/ThermoDataBase(IEE data port)/ThermoDataBase/Control Group/CG036_M/Angiosoms/CG036_M_R_MCA.csv,27.3850743626,1412,valid,
CG036,R,MPA,/home/wenalz/Documents/Antigravity projects/thermalDFU/IEE data port(original)/ThermoDataBase(IEE data port)/ThermoDataBase/Control Group/CG036_M/Angiosoms/CG036_M_R_MPA.csv,26.3719603053,1965,valid,
CG037,L,LCA,/home/wenalz/Documents/Antigravity projects/thermalDFU/IEE data port(original)/ThermoDataBase(IEE data port)/ThermoDataBase/Control Group/CG037_M/Angiosoms/CG037_M_L_LCA.csv,28.5128931148,1525,valid,
CG037,L,LPA,/home/wenalz/Documents/Antigravity projects/thermalDFU/IEE data port(original)/ThermoDataBase(IEE data port)/ThermoDataBase/Control Group/CG037_M/Angiosoms/CG037_M_L_LPA.csv,28.6312298695,4446,valid,
CG037,L,MCA,/home/wenalz/Documents/Antigravity projects/thermalDFU/IEE data port(original)/ThermoDataBase(IEE data port)/ThermoDataBase/Control Group/CG037_M/Angiosoms/CG037_M_L_MCA.csv,28.6002444627,1219,valid,
CG037,L,MPA,/home/wenalz/Documents/Antigravity projects/thermalDFU/IEE data port(original)/ThermoDataBase(IEE data port)/ThermoDataBase/Control Group/CG037_M/Angiosoms/CG037_M_L_MPA.csv,28.9125850178,1682,valid,
CG037,R,LCA,/home/wenalz/Documents/Antigravity projects/thermalDFU/IEE data port(original)/ThermoDataBase(IEE data port)/ThermoDataBase/Control Group/CG037_M/Angiosoms/CG037_M_R_LCA.csv,28.239886634,1429,valid,
CG037,R,LPA,/home/wenalz/Documents/Antigravity projects/thermalDFU/IEE data port(original)/ThermoDataBase(IEE data port)/ThermoDataBase/Control Group/CG037_M/Angiosoms/CG037_M_R_LPA.csv,29.043597199,4784,valid,
CG037,R,MCA,/home/wenalz/Documents/Antigravity projects/thermalDFU/IEE data port(original)/ThermoDataBase(IEE data port)/ThermoDataBase/Control Group/CG037_M/Angiosoms/CG037_M_R_MCA.csv,28.3318527246,1358,valid,
CG037,R,MPA,/home/wenalz/Documents/Antigravity projects/thermalDFU/IEE data port(original)/ThermoDataBase(IEE data port)/ThermoDataBase/Control Group/CG037_M/Angiosoms/CG037_M_R_MPA.csv,29.1300340575,1703,valid,
CG038,L,LCA,/home/wenalz/Documents/Antigravity projects/thermalDFU/IEE data port(original)/ThermoDataBase(IEE data port)/ThermoDataBase/Control Group/CG038_M/Angiosoms/CG038_M_L_LCA.csv,25.5101101095,1553,valid,
CG038,L,LPA,/home/wenalz/Documents/Antigravity projects/thermalDFU/IEE data port(original)/ThermoDataBase(IEE data port)/ThermoDataBase/Control Group/CG038_M/Angiosoms/CG038_M_L_LPA.csv,25.9555891341,5301,valid,
CG038,L,MCA,/home/wenalz/Documents/Antigravity projects/thermalDFU/IEE data port(original)/ThermoDataBase(IEE data port)/ThermoDataBase/Control Group/CG038_M/Angiosoms/CG038_M_L_MCA.csv,26.0555077688,1609,valid,
CG038,L,MPA,/home/wenalz/Documents/Antigravity projects/thermalDFU/IEE data port(original)/ThermoDataBase(IEE data port)/ThermoDataBase/Control Group/CG038_M/Angiosoms/CG038_M_L_MPA.csv,25.956829108,2130,valid,
CG038,R,LCA,/home/wenalz/Documents/Antigravity projects/thermalDFU/IEE data port(original)/ThermoDataBase(IEE data port)/ThermoDataBase/Control Group/CG038_M/Angiosoms/CG038_M_R_LCA.csv,26.4194917219,1812,valid,
CG038,R,LPA,/home/wenalz/Documents/Antigravity projects/thermalDFU/IEE data port(original)/ThermoDataBase(IEE data port)/ThermoDataBase/Control Group/CG038_M/Angiosoms/CG038_M_R_LPA.csv,26.4988425943,5273,valid,
CG038,R,MCA,/home/wenalz/Documents/Antigravity projects/thermalDFU/IEE data port(original)/ThermoDataBase(IEE data port)/ThermoDataBase/Control Group/CG038_M/Angiosoms/CG038_M_R_MCA.csv,26.3892530466,1395,valid,
CG038,R,MPA,/home/wenalz/Documents/Antigravity projects/thermalDFU/IEE data port(original)/ThermoDataBase(IEE data port)/ThermoDataBase/Control Group/CG038_M/Angiosoms/CG038_M_R_MPA.csv,26.3837799443,2154,valid,
CG039,L,LCA,/home/wenalz/Documents/Antigravity projects/thermalDFU/IEE data port(original)/ThermoDataBase(IEE data port)/ThermoDataBase/Control Group/CG039_M/Angiosoms/CG039_M_L_LCA.csv,27.966304973,1669,valid,
CG039,L,LPA,/home/wenalz/Documents/Antigravity projects/thermalDFU/IEE data port(original)/ThermoDataBase(IEE data port)/ThermoDataBase/Control Group/CG039_M/Angiosoms/CG039_M_L_LPA.csv,29.6561458978,5497,valid,
CG039,L,MCA,/home/wenalz/Documents/Antigravity projects/thermalDFU/IEE data port(original)/ThermoDataBase(IEE data port)/ThermoDataBase/Control Group/CG039_M/Angiosoms/CG039_M_L_MCA.csv,28.1724430919,1643,valid,
CG039,L,MPA,/home/wenalz/Documents/Antigravity projects/thermalDFU/IEE data port(original)/ThermoDataBase(IEE data port)/ThermoDataBase/Control Group/CG039_M/Angiosoms/CG039_M_L_MPA.csv,29.7941588101,2185,valid,
CG039,R,LCA,/home/wenalz/Documents/Antigravity projects/thermalDFU/IEE data port(original)/ThermoDataBase(IEE data port)/ThermoDataBase/Control Group/CG039_M/Angiosoms/CG039_M_R_LCA.csv,28.8825134811,1669,valid,
CG039,R,LPA,/home/wenalz/Documents/Antigravity projects/thermalDFU/IEE data port(original)/ThermoDataBase(IEE data port)/ThermoDataBase/Control Group/CG039_M/Angiosoms/CG039_M_R_LPA.csv,29.9592696188,5352,valid,
CG039,R,MCA,/home/wenalz/Documents/Antigravity projects/thermalDFU/IEE data port(original)/ThermoDataBase(IEE data port)/ThermoDataBase/Control Group/CG039_M/Angiosoms/CG039_M_R_MCA.csv,28.8378206304,1745,valid,
CG039,R,MPA,/home/wenalz/Documents/Antigravity projects/thermalDFU/IEE data port(original)/ThermoDataBase(IEE data port)/ThermoDataBase/Control Group/CG039_M/Angiosoms/CG039_M_R_MPA.csv,30.542911273,2333,valid,
CG040,L,LCA,/home/wenalz/Documents/Antigravity projects/thermalDFU/IEE data port(original)/ThermoDataBase(IEE data port)/ThermoDataBase/Control Group/CG040_M/Angiosoms/CG040_M_L_LCA.csv,28.752366474,865,valid,
CG040,L,LPA,/home/wenalz/Documents/Antigravity projects/thermalDFU/IEE data port(original)/ThermoDataBase(IEE data port)/ThermoDataBase/Control Group/CG040_M/Angiosoms/CG040_M_L_LPA.csv,28.7281981952,2992,valid,
CG040,L,MCA,/home/wenalz/Documents/Antigravity projects/thermalDFU/IEE data port(original)/ThermoDataBase(IEE data port)/ThermoDataBase/Control Group/CG040_M/Angiosoms/CG040_M_L_MCA.csv,29.0989222423,1106,valid,
CG040,L,MPA,/home/wenalz/Documents/Antigravity projects/thermalDFU/IEE data port(original)/ThermoDataBase(IEE data port)/ThermoDataBase/Control Group/CG040_M/Angiosoms/CG040_M_L_MPA.csv,29.2189003623,1104,valid,
CG040,R,LCA,/home/wenalz/Documents/Antigravity projects/thermalDFU/IEE data port(original)/ThermoDataBase(IEE data port)/ThermoDataBase/Control Group/CG040_M/Angiosoms/CG040_M_R_LCA.csv,28.3198521358,913,valid,
CG040,R,LPA,/home/wenalz/Documents/Antigravity projects/thermalDFU/IEE data port(original)/ThermoDataBase(IEE data port)/ThermoDataBase/Control Group/CG040_M/Angiosoms/CG040_M_R_LPA.csv,28.4580739491,3259,valid,
CG040,R,MCA,/home/wenalz/Documents/Antigravity projects/thermalDFU/IEE data port(original)/ThermoDataBase(IEE data port)/ThermoDataBase/Control Group/CG040_M/Angiosoms/CG040_M_R_MCA.csv,29.0943263826,1103,valid,
CG040,R,MPA,/home/wenalz/Documents/Antigravity projects/thermalDFU/IEE data port(original)/ThermoDataBase(IEE data port)/ThermoDataBase/Control Group/CG040_M/Angiosoms/CG040_M_R_MPA.csv,29.2048646322,1278,valid,
CG041,L,LCA,/home/wenalz/Documents/Antigravity projects/thermalDFU/IEE data port(original)/ThermoDataBase(IEE data port)/ThermoDataBase/Control Group/CG041_F/Angiosoms/CG041_F_L_LCA.csv,27.6358445596,965,valid,
CG041,L,LPA,/home/wenalz/Documents/Antigravity projects/thermalDFU/IEE data port(original)/ThermoDataBase(IEE data port)/ThermoDataBase/Control Group/CG041_F/Angiosoms/CG041_F_L_LPA.csv,27.4837848064,3383,valid,
CG041,L,MCA,/home/wenalz/Documents/Antigravity projects/thermalDFU/IEE data port(original)/ThermoDataBase(IEE data port)/ThermoDataBase/Control Group/CG041_F/Angiosoms/CG041_F_L_MCA.csv,27.4502804171,863,valid,
CG041,L,MPA,/home/wenalz/Documents/Antigravity projects/thermalDFU/IEE data port(original)/ThermoDataBase(IEE data port)/ThermoDataBase/Control Group/CG041_F/Angiosoms/CG041_F_L_MPA.csv,27.2058531469,1144,valid,
CG041,R,LCA,/home/wenalz/Documents/Antigravity projects/thermalDFU/IEE data port(original)/ThermoDataBase(IEE data port)/ThermoDataBase/Control Group/CG041_F/Angiosoms/CG041_F_R_LCA.csv,27.1541834146,1025,valid,
CG041,R,LPA,/home/wenalz/Documents/Antigravity projects/thermalDFU/IEE data port(original)/ThermoDataBase(IEE data port)/ThermoDataBase/Control Group/CG041_F/Angiosoms/CG041_F_R_LPA.csv,26.937371932,3178,valid,
CG041,R,MCA,/home/wenalz/Documents/Antigravity projects/thermalDFU/IEE data port(original)/ThermoDataBase(IEE data port)/ThermoDataBase/Control Group/CG041_F/Angiosoms/CG041_F_R_MCA.csv,26.953806846,818,valid,
CG041,R,MPA,/home/wenalz/Documents/Antigravity projects/thermalDFU/IEE data port(original)/ThermoDataBase(IEE data port)/ThermoDataBase/Control Group/CG041_F/Angiosoms/CG041_F_R_MPA.csv,27.0628622754,1169,valid,
CG042,L,LCA,/home/wenalz/Documents/Antigravity projects/thermalDFU/IEE data port(original)/ThermoDataBase(IEE data port)/ThermoDataBase/Control Group/CG042_F/Angiosoms/CG042_F_L_LCA.csv,25.1529789272,1566,valid,
CG042,L,LPA,/home/wenalz/Documents/Antigravity projects/thermalDFU/IEE data port(original)/ThermoDataBase(IEE data port)/ThermoDataBase/Control Group/CG042_F/Angiosoms/CG042_F_L_LPA.csv,25.8049921544,4716,valid,
CG042,L,MCA,/home/wenalz/Documents/Antigravity projects/thermalDFU/IEE data port(original)/ThermoDataBase(IEE data port)/ThermoDataBase/Control Group/CG042_F/Angiosoms/CG042_F_L_MCA.csv,25.8862582539,1363,valid,
CG042,L,MPA,/home/wenalz/Documents/Antigravity projects/thermalDFU/IEE data port(original)/ThermoDataBase(IEE data port)/ThermoDataBase/Control Group/CG042_F/Angiosoms/CG042_F_L_MPA.csv,25.7230487665,1743,valid,
CG042,R,LCA,/home/wenalz/Documents/Antigravity projects/thermalDFU/IEE data port(original)/ThermoDataBase(IEE data port)/ThermoDataBase/Control Group/CG042_F/Angiosoms/CG042_F_R_LCA.csv,25.4453024142,1574,valid,
CG042,R,LPA,/home/wenalz/Documents/Antigravity projects/thermalDFU/IEE data port(original)/ThermoDataBase(IEE data port)/ThermoDataBase/Control Group/CG042_F/Angiosoms/CG042_F_R_LPA.csv,25.3447606767,4847,valid,
CG042,R,MCA,/home/wenalz/Documents/Antigravity projects/thermalDFU/IEE data port(original)/ThermoDataBase(IEE data port)/ThermoDataBase/Control Group/CG042_F/Angiosoms/CG042_F_R_MCA.csv,26.1963615432,1607,valid,
CG042,R,MPA,/home/wenalz/Documents/Antigravity projects/thermalDFU/IEE data port(original)/ThermoDataBase(IEE data port)/ThermoDataBase/Control Group/CG042_F/Angiosoms/CG042_F_R_MPA.csv,25.8014329738,1947,valid,
CG043,L,LCA,/home/wenalz/Documents/Antigravity projects/thermalDFU/IEE data port(original)/ThermoDataBase(IEE data port)/ThermoDataBase/Control Group/CG043_M/Angiosoms/CG043_M_L_LCA.csv,25.5949717833,886,valid,
CG043,L,LPA,/home/wenalz/Documents/Antigravity projects/thermalDFU/IEE data port(original)/ThermoDataBase(IEE data port)/ThermoDataBase/Control Group/CG043_M/Angiosoms/CG043_M_L_LPA.csv,23.4799387998,3366,valid,
CG043,L,MCA,/home/wenalz/Documents/Antigravity projects/thermalDFU/IEE data port(original)/ThermoDataBase(IEE data port)/ThermoDataBase/Control Group/CG043_M/Angiosoms/CG043_M_L_MCA.csv,26.1426690734,831,valid,
CG043,L,MPA,/home/wenalz/Documents/Antigravity projects/thermalDFU/IEE data port(original)/ThermoDataBase(IEE data port)/ThermoDataBase/Control Group/CG043_M/Angiosoms/CG043_M_L_MPA.csv,23.89639375,1280,valid,
CG043,R,LCA,/home/wenalz/Documents/Antigravity projects/thermalDFU/IEE data port(original)/ThermoDataBase(IEE data port)/ThermoDataBase/Control Group/CG043_M/Angiosoms/CG043_M_R_LCA.csv,26.0313760417,960,valid,
CG043,R,LPA,/home/wenalz/Documents/Antigravity projects/thermalDFU/IEE data port(original)/ThermoDataBase(IEE data port)/ThermoDataBase/Control Group/CG043_M/Angiosoms/CG043_M_R_LPA.csv,23.782654051,3567,valid,
CG043,R,MCA,/home/wenalz/Documents/Antigravity projects/thermalDFU/IEE data port(original)/ThermoDataBase(IEE data port)/ThermoDataBase/Control Group/CG043_M/Angiosoms/CG043_M_R_MCA.csv,26.7212616927,898,valid,
CG043,R,MPA,/home/wenalz/Documents/Antigravity projects/thermalDFU/IEE data port(original)/ThermoDataBase(IEE data port)/ThermoDataBase/Control Group/CG043_M/Angiosoms/CG043_M_R_MPA.csv,24.1551399116,1358,valid,
CG044,L,LCA,/home/wenalz/Documents/Antigravity projects/thermalDFU/IEE data port(original)/ThermoDataBase(IEE data port)/ThermoDataBase/Control Group/CG044_F/Angiosoms/CG044_F_L_LCA.csv,22.8075263804,815,valid,
CG044,L,LPA,/home/wenalz/Documents/Antigravity projects/thermalDFU/IEE data port(original)/ThermoDataBase(IEE data port)/ThermoDataBase/Control Group/CG044_F/Angiosoms/CG044_F_L_LPA.csv,21.3510158616,2774,valid,
CG044,L,MCA,/home/wenalz/Documents/Antigravity projects/thermalDFU/IEE data port(original)/ThermoDataBase(IEE data port)/ThermoDataBase/Control Group/CG044_F/Angiosoms/CG044_F_L_MCA.csv,23.1284823197,707,valid,
CG044,L,MPA,/home/wenalz/Documents/Antigravity projects/thermalDFU/IEE data port(original)/ThermoDataBase(IEE data port)/ThermoDataBase/Control Group/CG044_F/Angiosoms/CG044_F_L_MPA.csv,21.2713772401,1116,valid,
CG044,R,LCA,/home/wenalz/Documents/Antigravity projects/thermalDFU/IEE data port(original)/ThermoDataBase(IEE data port)/ThermoDataBase/Control Group/CG044_F/Angiosoms/CG044_F_R_LCA.csv,23.1190651921,859,valid,
CG044,R,LPA,/home/wenalz/Documents/Antigravity projects/thermalDFU/IEE data port(original)/ThermoDataBase(IEE data port)/ThermoDataBase/Control Group/CG044_F/Angiosoms/CG044_F_R_LPA.csv,21.6300857341,2881,valid,
CG044,R,MCA,/home/wenalz/Documents/Antigravity projects/thermalDFU/IEE data port(original)/ThermoDataBase(IEE data port)/ThermoDataBase/Control Group/CG044_F/Angiosoms/CG044_F_R_MCA.csv,23.6310318725,753,valid,
CG044,R,MPA,/home/wenalz/Documents/Antigravity projects/thermalDFU/IEE data port(original)/ThermoDataBase(IEE data port)/ThermoDataBase/Control Group/CG044_F/Angiosoms/CG044_F_R_MPA.csv,21.5333990868,1095,valid,
CG045,L,LCA,/home/wenalz/Documents/Antigravity projects/thermalDFU/IEE data port(original)/ThermoDataBase(IEE data port)/ThermoDataBase/Control Group/CG045_M/Angiosoms/CG045_M_L_LCA.csv,27.8187675051,1471,valid,
CG045,L,LPA,/home/wenalz/Documents/Antigravity projects/thermalDFU/IEE data port(original)/ThermoDataBase(IEE data port)/ThermoDataBase/Control Group/CG045_M/Angiosoms/CG045_M_L_LPA.csv,28.6297301963,4229,valid,
CG045,L,MCA,/home/wenalz/Documents/Antigravity projects/thermalDFU/IEE data port(original)/ThermoDataBase(IEE data port)/ThermoDataBase/Control Group/CG045_M/Angiosoms/CG045_M_L_MCA.csv,28.1922300542,1291,valid,
CG045,L,MPA,/home/wenalz/Documents/Antigravity projects/thermalDFU/IEE data port(original)/ThermoDataBase(IEE data port)/ThermoDataBase/Control Group/CG045_M/Angiosoms/CG045_M_L_MPA.csv,28.9676713244,1646,valid,
CG045,R,LCA,/home/wenalz/Documents/Antigravity projects/thermalDFU/IEE data port(original)/ThermoDataBase(IEE data port)/ThermoDataBase/Control Group/CG045_M/Angiosoms/CG045_M_R_LCA.csv,28.1233279321,1296,valid,
CG045,R,LPA,/home/wenalz/Documents/Antigravity projects/thermalDFU/IEE data port(original)/ThermoDataBase(IEE data port)/ThermoDataBase/Control Group/CG045_M/Angiosoms/CG045_M_R_LPA.csv,29.2883781207,4406,valid,
CG045,R,MCA,/home/wenalz/Documents/Antigravity projects/thermalDFU/IEE data port(original)/ThermoDataBase(IEE data port)/ThermoDataBase/Control Group/CG045_M/Angiosoms/CG045_M_R_MCA.csv,28.564196875,1280,valid,
CG045,R,MPA,/home/wenalz/Documents/Antigravity projects/thermalDFU/IEE data port(original)/ThermoDataBase(IEE data port)/ThermoDataBase/Control Group/CG045_M/Angiosoms/CG045_M_R_MPA.csv,29.8503007307,1779,valid,
DM001,L,LCA,/home/wenalz/Documents/Antigravity projects/thermalDFU/IEE data port(original)/ThermoDataBase(IEE data port)/ThermoDataBase/DM Group/DM001_M/Angiosoms/DM001_M_L_LCA.csv,31.5336159601,1203,valid,
DM001,L,LPA,/home/wenalz/Documents/Antigravity projects/thermalDFU/IEE data port(original)/ThermoDataBase(IEE data port)/ThermoDataBase/DM Group/DM001_M/Angiosoms/DM001_M_L_LPA.csv,32.3886835949,3505,valid,
DM001,L,MCA,/home/wenalz/Documents/Antigravity projects/thermalDFU/IEE data port(original)/ThermoDataBase(IEE data port)/ThermoDataBase/DM Group/DM001_M/Angiosoms/DM001_M_L_MCA.csv,31.805131324,929,valid,
DM001,L,MPA,/home/wenalz/Documents/Antigravity projects/thermalDFU/IEE data port(original)/ThermoDataBase(IEE data port)/ThermoDataBase/DM Group/DM001_M/Angiosoms/DM001_M_L_MPA.csv,32.3949434407,1273,valid,
DM001,R,LCA,/home/wenalz/Documents/Antigravity projects/thermalDFU/IEE data port(original)/ThermoDataBase(IEE data port)/ThermoDataBase/DM Group/DM001_M/Angiosoms/DM001_M_R_LCA.csv,32.0823755069,1233,valid,
DM001,R,LPA,/home/wenalz/Documents/Antigravity projects/thermalDFU/IEE data port(original)/ThermoDataBase(IEE data port)/ThermoDataBase/DM Group/DM001_M/Angiosoms/DM001_M_R_LPA.csv,32.6988214286,3556,valid,
DM001,R,MCA,/home/wenalz/Documents/Antigravity projects/thermalDFU/IEE data port(original)/ThermoDataBase(IEE data port)/ThermoDataBase/DM Group/DM001_M/Angiosoms/DM001_M_R_MCA.csv,32.3614220846,969,valid,
DM001,R,MPA,/home/wenalz/Documents/Antigravity projects/thermalDFU/IEE data port(original)/ThermoDataBase(IEE data port)/ThermoDataBase/DM Group/DM001_M/Angiosoms/DM001_M_R_MPA.csv,32.7867681048,1298,valid,
DM002,L,LCA,/home/wenalz/Documents/Antigravity projects/thermalDFU/IEE data port(original)/ThermoDataBase(IEE data port)/ThermoDataBase/DM Group/DM002_M/Angiosoms/DM002_M_L_LCA.csv,26.3864823009,904,valid,
DM002,L,LPA,/home/wenalz/Documents/Antigravity projects/thermalDFU/IEE data port(original)/ThermoDataBase(IEE data port)/ThermoDataBase/DM Group/DM002_M/Angiosoms/DM002_M_L_LPA.csv,25.9309445853,2761,valid,
DM002,L,MCA,/home/wenalz/Documents/Antigravity projects/thermalDFU/IEE data port(original)/ThermoDataBase(IEE data port)/ThermoDataBase/DM Group/DM002_M/Angiosoms/DM002_M_L_MCA.csv,26.7502480211,758,valid,
DM002,L,MPA,/home/wenalz/Documents/Antigravity projects/thermalDFU/IEE data port(original)/ThermoDataBase(IEE data port)/ThermoDataBase/DM Group/DM002_M/Angiosoms/DM002_M_L_MPA.csv,26.4510851466,1057,valid,
DM002,R,LCA,/home/wenalz/Documents/Antigravity projects/thermalDFU/IEE data port(original)/ThermoDataBase(IEE data port)/ThermoDataBase/DM Group/DM002_M/Angiosoms/DM002_M_R_LCA.csv,26.5355017381,863,valid,
DM002,R,LPA,/home/wenalz/Documents/Antigravity projects/thermalDFU/IEE data port(original)/ThermoDataBase(IEE data port)/ThermoDataBase/DM Group/DM002_M/Angiosoms/DM002_M_R_LPA.csv,26.9524573274,2941,valid,
DM002,R,MCA,/home/wenalz/Documents/Antigravity projects/thermalDFU/IEE data port(original)/ThermoDataBase(IEE data port)/ThermoDataBase/DM Group/DM002_M/Angiosoms/DM002_M_R_MCA.csv,26.8410617577,842,valid,
DM002,R,MPA,/home/wenalz/Documents/Antigravity projects/thermalDFU/IEE data port(original)/ThermoDataBase(IEE data port)/ThermoDataBase/DM Group/DM002_M/Angiosoms/DM002_M_R_MPA.csv,27.3765123574,1052,valid,
DM003,L,LCA,/home/wenalz/Documents/Antigravity projects/thermalDFU/IEE data port(original)/ThermoDataBase(IEE data port)/ThermoDataBase/DM Group/DM003_F/Angiosoms/DM003_F_L_LCA.csv,26.9618021978,1365,valid,
DM003,L,LPA,/home/wenalz/Documents/Antigravity projects/thermalDFU/IEE data port(original)/ThermoDataBase(IEE data port)/ThermoDataBase/DM Group/DM003_F/Angiosoms/DM003_F_L_LPA.csv,26.9552769601,3737,valid,
DM003,L,MCA,/home/wenalz/Documents/Antigravity projects/thermalDFU/IEE data port(original)/ThermoDataBase(IEE data port)/ThermoDataBase/DM Group/DM003_F/Angiosoms/DM003_F_L_MCA.csv,27.8980549954,1091,valid,
DM003,L,MPA,/home/wenalz/Documents/Antigravity projects/thermalDFU/IEE data port(original)/ThermoDataBase(IEE data port)/ThermoDataBase/DM Group/DM003_F/Angiosoms/DM003_F_L_MPA.csv,27.3757695925,1276,valid,
DM003,R,LCA,/home/wenalz/Documents/Antigravity projects/thermalDFU/IEE data port(original)/ThermoDataBase(IEE data port)/ThermoDataBase/DM Group/DM003_F/Angiosoms/DM003_F_R_LCA.csv,28.224261348,1454,valid,
DM003,R,LPA,/home/wenalz/Documents/Antigravity projects/thermalDFU/IEE data port(original)/ThermoDataBase(IEE data port)/ThermoDataBase/DM Group/DM003_F/Angiosoms/DM003_F_R_LPA.csv,27.5737972719,4252,valid,
DM003,R,MCA,/home/wenalz/Documents/Antigravity projects/thermalDFU/IEE data port(original)/ThermoDataBase(IEE data port)/ThermoDataBase/DM Group/DM003_F/Angiosoms/DM003_F_R_MCA.csv,29.0600529061,1342,valid,
DM003,R,MPA,/home/wenalz/Documents/Antigravity projects/thermalDFU/IEE data port(original)/ThermoDataBase(IEE data port)/ThermoDataBase/DM Group/DM003_F/Angiosoms/DM003_F_R_MPA.csv,27.697534179,1419,valid,
DM004,L,LCA,/home/wenalz/Documents/Antigravity projects/thermalDFU/IEE data port(original)/ThermoDataBase(IEE data port)/ThermoDataBase/DM Group/DM004_M/Angiosoms/DM004_M_L_LCA.csv,29.7787920858,1491,valid,
DM004,L,LPA,/home/wenalz/Documents/Antigravity projects/thermalDFU/IEE data port(original)/ThermoDataBase(IEE data port)/ThermoDataBase/DM Group/DM004_M/Angiosoms/DM004_M_L_LPA.csv,30.9612650804,4791,valid,
DM004,L,MCA,/home/wenalz/Documents/Antigravity projects/thermalDFU/IEE data port(original)/ThermoDataBase(IEE data port)/ThermoDataBase/DM Group/DM004_M/Angiosoms/DM004_M_L_MCA.csv,31.0374925373,1407,valid,
DM004,L,MPA,/home/wenalz/Documents/Antigravity projects/thermalDFU/IEE data port(original)/ThermoDataBase(IEE data port)/ThermoDataBase/DM Group/DM004_M/Angiosoms/DM004_M_L_MPA.csv,30.7186635562,1929,valid,
DM004,R,LCA,/home/wenalz/Documents/Antigravity projects/thermalDFU/IEE data port(original)/ThermoDataBase(IEE data port)/ThermoDataBase/DM Group/DM004_M/Angiosoms/DM004_M_R_LCA.csv,31.6660797546,1304,valid,
DM004,R,LPA,/home/wenalz/Documents/Antigravity projects/thermalDFU/IEE data port(original)/ThermoDataBase(IEE data port)/ThermoDataBase/DM Group/DM004_M/Angiosoms/DM004_M_R_LPA.csv,32.5404725855,4359,valid,
DM004,R,MCA,/home/wenalz/Documents/Antigravity projects/thermalDFU/IEE data port(original)/ThermoDataBase(IEE data port)/ThermoDataBase/DM Group/DM004_M/Angiosoms/DM004_M_R_MCA.csv,31.8592106803,1367,valid,
DM004,R,MPA,/home/wenalz/Documents/Antigravity projects/thermalDFU/IEE data port(original)/ThermoDataBase(IEE data port)/ThermoDataBase/DM Group/DM004_M/Angiosoms/DM004_M_R_MPA.csv,32.6111338583,1651,valid,
DM005,L,LCA,/home/wenalz/Documents/Antigravity projects/thermalDFU/IEE data port(original)/ThermoDataBase(IEE data port)/ThermoDataBase/DM Group/DM005_M/Angiosoms/DM005_M_L_LCA.csv,24.398515457,1488,valid,
DM005,L,LPA,/home/wenalz/Documents/Antigravity projects/thermalDFU/IEE data port(original)/ThermoDataBase(IEE data port)/ThermoDataBase/DM Group/DM005_M/Angiosoms/DM005_M_L_LPA.csv,25.7231476223,4437,valid,
DM005,L,MCA,/home/wenalz/Documents/Antigravity projects/thermalDFU/IEE data port(original)/ThermoDataBase(IEE data port)/ThermoDataBase/DM Group/DM005_M/Angiosoms/DM005_M_L_MCA.csv,24.8829016282,1474,valid,
DM005,L,MPA,/home/wenalz/Documents/Antigravity projects/thermalDFU/IEE data port(original)/ThermoDataBase(IEE data port)/ThermoDataBase/DM Group/DM005_M/Angiosoms/DM005_M_L_MPA.csv,25.5745553471,1599,valid,
DM005,R,LCA,/home/wenalz/Documents/Antigravity projects/thermalDFU/IEE data port(original)/ThermoDataBase(IEE data port)/ThermoDataBase/DM Group/DM005_M/Angiosoms/DM005_M_R_LCA.csv,24.194413942,1621,valid,
DM005,R,LPA,/home/wenalz/Documents/Antigravity projects/thermalDFU/IEE data port(original)/ThermoDataBase(IEE data port)/ThermoDataBase/DM Group/DM005_M/Angiosoms/DM005_M_R_LPA.csv,24.4806930615,5102,valid,
DM005,R,MCA,/home/wenalz/Documents/Antigravity projects/thermalDFU/IEE data port(original)/ThermoDataBase(IEE data port)/ThermoDataBase/DM Group/DM005_M/Angiosoms/DM005_M_R_MCA.csv,24.260835141,1383,valid,
DM005,R,MPA,/home/wenalz/Documents/Antigravity projects/thermalDFU/IEE data port(original)/ThermoDataBase(IEE data port)/ThermoDataBase/DM Group/DM005_M/Angiosoms/DM005_M_R_MPA.csv,24.5225427136,2189,valid,
DM006,L,LCA,/home/wenalz/Documents/Antigravity projects/thermalDFU/IEE data port(original)/ThermoDataBase(IEE data port)/ThermoDataBase/DM Group/DM006_F/Angiosoms/DM006_F_L_LCA.csv,33.3780542399,1309,valid,
DM006,L,LPA,/home/wenalz/Documents/Antigravity projects/thermalDFU/IEE data port(original)/ThermoDataBase(IEE data port)/ThermoDataBase/DM Group/DM006_F/Angiosoms/DM006_F_L_LPA.csv,33.8157294181,3729,valid,
DM006,L,MCA,/home/wenalz/Documents/Antigravity projects/thermalDFU/IEE data port(original)/ThermoDataBase(IEE data port)/ThermoDataBase/DM Group/DM006_F/Angiosoms/DM006_F_L_MCA.csv,33.4322358491,1060,valid,
DM006,L,MPA,/home/wenalz/Documents/Antigravity projects/thermalDFU/IEE data port(original)/ThermoDataBase(IEE data port)/ThermoDataBase/DM Group/DM006_F/Angiosoms/DM006_F_L_MPA.csv,33.6615668266,1459,valid,
DM006,R,LCA,/home/wenalz/Documents/Antigravity projects/thermalDFU/IEE data port(original)/ThermoDataBase(IEE data port)/ThermoDataBase/DM Group/DM006_F/Angiosoms/DM006_F_R_LCA.csv,32.5350515988,1376,valid,
DM006,R,LPA,/home/wenalz/Documents/Antigravity projects/thermalDFU/IEE data port(original)/ThermoDataBase(IEE data port)/ThermoDataBase/DM Group/DM006_F/Angiosoms/DM006_F_R_LPA.csv,33.4242186432,4098,valid,
DM006,R,MCA,/home/wenalz/Documents/Antigravity projects/thermalDFU/IEE data port(original)/ThermoDataBase(IEE data port)/ThermoDataBase/DM Group/DM006_F/Angiosoms/DM006_F_R_MCA.csv,32.35504363,1146,valid,
DM006,R,MPA,/home/wenalz/Documents/Antigravity projects/thermalDFU/IEE data port(original)/ThermoDataBase(IEE data port)/ThermoDataBase/DM Group/DM006_F/Angiosoms/DM006_F_R_MPA.csv,33.2152165775,1496,valid,
DM007,L,LCA,/home/wenalz/Documents/Antigravity projects/thermalDFU/IEE data port(original)/ThermoDataBase(IEE data port)/ThermoDataBase/DM Group/DM007_F/Angiosoms/DM007_F_L_LCA.csv,27.0553951613,1488,valid,
DM007,L,LPA,/home/wenalz/Documents/Antigravity projects/thermalDFU/IEE data port(original)/ThermoDataBase(IEE data port)/ThermoDataBase/DM Group/DM007_F/Angiosoms/DM007_F_L_LPA.csv,27.4074713918,3880,valid,
DM007,L,MCA,/home/wenalz/Documents/Antigravity projects/thermalDFU/IEE data port(original)/ThermoDataBase(IEE data port)/ThermoDataBase/DM Group/DM007_F/Angiosoms/DM007_F_L_MCA.csv,27.5979005146,1166,valid,
DM007,L,MPA,/home/wenalz/Documents/Antigravity projects/thermalDFU/IEE data port(original)/ThermoDataBase(IEE data port)/ThermoDataBase/DM Group/DM007_F/Angiosoms/DM007_F_L_MPA.csv,27.9217695522,1675,valid,
DM007,R,LCA,/home/wenalz/Documents/Antigravity projects/thermalDFU/IEE data port(original)/ThermoDataBase(IEE data port)/ThermoDataBase/DM Group/DM007_F/Angiosoms/DM007_F_R_LCA.csv,28.3406790123,1458,valid,
DM007,R,LPA,/home/wenalz/Documents/Antigravity projects/thermalDFU/IEE data port(original)/ThermoDataBase(IEE data port)/ThermoDataBase/DM Group/DM007_F/Angiosoms/DM007_F_R_LPA.csv,29.4724507736,4266,valid,
DM007,R,MCA,/home/wenalz/Documents/Antigravity projects/thermalDFU/IEE data port(original)/ThermoDataBase(IEE data port)/ThermoDataBase/DM Group/DM007_F/Angiosoms/DM007_F_R_MCA.csv,28.2717072368,1216,valid,
DM007,R,MPA,/home/wenalz/Documents/Antigravity projects/thermalDFU/IEE data port(original)/ThermoDataBase(IEE data port)/ThermoDataBase/DM Group/DM007_F/Angiosoms/DM007_F_R_MPA.csv,29.7863045535,1691,valid,
DM008,L,LCA,/home/wenalz/Documents/Antigravity projects/thermalDFU/IEE data port(original)/ThermoDataBase(IEE data port)/ThermoDataBase/DM Group/DM008_M/Angiosoms/DM008_M_L_LCA.csv,29.2229594972,2148,valid,
DM008,L,LPA,/home/wenalz/Documents/Antigravity projects/thermalDFU/IEE data port(original)/ThermoDataBase(IEE data port)/ThermoDataBase/DM Group/DM008_M/Angiosoms/DM008_M_L_LPA.csv,30.5430355674,4864,valid,
DM008,L,MCA,/home/wenalz/Documents/Antigravity projects/thermalDFU/IEE data port(original)/ThermoDataBase(IEE data port)/ThermoDataBase/DM Group/DM008_M/Angiosoms/DM008_M_L_MCA.csv,29.3170700809,1113,valid,
DM008,L,MPA,/home/wenalz/Documents/Antigravity projects/thermalDFU/IEE data port(original)/ThermoDataBase(IEE data port)/ThermoDataBase/DM Group/DM008_M/Angiosoms/DM008_M_L_MPA.csv,30.5566753247,1694,valid,
DM008,R,LCA,/home/wenalz/Documents/Antigravity projects/thermalDFU/IEE data port(original)/ThermoDataBase(IEE data port)/ThermoDataBase/DM Group/DM008_M/Angiosoms/DM008_M_R_LCA.csv,30.2053133583,1602,valid,
DM008,R,LPA,/home/wenalz/Documents/Antigravity projects/thermalDFU/IEE data port(original)/ThermoDataBase(IEE data port)/ThermoDataBase/DM Group/DM008_M/Angiosoms/DM008_M_R_LPA.csv,32.3700210953,4930,valid,
DM008,R,MCA,/home/wenalz/Documents/Antigravity projects/thermalDFU/IEE data port(original)/ThermoDataBase(IEE data port)/ThermoDataBase/DM Group/DM008_M/Angiosoms/DM008_M_R_MCA.csv,30.6455865237,1306,valid,
DM008,R,MPA,/home/wenalz/Documents/Antigravity projects/thermalDFU/IEE data port(original)/ThermoDataBase(IEE data port)/ThermoDataBase/DM Group/DM008_M/Angiosoms/DM008_M_R_MPA.csv,31.6219834711,1694,valid,
DM009,L,LCA,/home/wenalz/Documents/Antigravity projects/thermalDFU/IEE data port(original)/ThermoDataBase(IEE data port)/ThermoDataBase/DM Group/DM009_F/Angiosoms/DM009_F_L_LCA.csv,29.3786477273,1320,valid,
DM009,L,LPA,/home/wenalz/Documents/Antigravity projects/thermalDFU/IEE data port(original)/ThermoDataBase(IEE data port)/ThermoDataBase/DM Group/DM009_F/Angiosoms/DM009_F_L_LPA.csv,30.2951237201,3516,valid,
DM009,L,MCA,/home/wenalz/Documents/Antigravity projects/thermalDFU/IEE data port(original)/ThermoDataBase(IEE data port)/ThermoDataBase/DM Group/DM009_F/Angiosoms/DM009_F_L_MCA.csv,29.9979522984,1153,valid,
DM009,L,MPA,/home/wenalz/Documents/Antigravity projects/thermalDFU/IEE data port(original)/ThermoDataBase(IEE data port)/ThermoDataBase/DM Group/DM009_F/Angiosoms/DM009_F_L_MPA.csv,30.5536580274,1389,valid,
DM009,R,LCA,/home/wenalz/Documents/Antigravity projects/thermalDFU/IEE data port(original)/ThermoDataBase(IEE data port)/ThermoDataBase/DM Group/DM009_F/Angiosoms/DM009_F_R_LCA.csv,29.0303072878,1331,valid,
DM009,R,LPA,/home/wenalz/Documents/Antigravity projects/thermalDFU/IEE data port(original)/ThermoDataBase(IEE data port)/ThermoDataBase/DM Group/DM009_F/Angiosoms/DM009_F_R_LPA.csv,30.0614739141,4121,valid,
DM009,R,MCA,/home/wenalz/Documents/Antigravity projects/thermalDFU/IEE data port(original)/ThermoDataBase(IEE data port)/ThermoDataBase/DM Group/DM009_F/Angiosoms/DM009_F_R_MCA.csv,29.3797278782,1051,valid,
DM009,R,MPA,/home/wenalz/Documents/Antigravity projects/thermalDFU/IEE data port(original)/ThermoDataBase(IEE data port)/ThermoDataBase/DM Group/DM009_F/Angiosoms/DM009_F_R_MPA.csv,29.9074855286,1693,valid,
DM010,L,LCA,/home/wenalz/Documents/Antigravity projects/thermalDFU/IEE data port(original)/ThermoDataBase(IEE data port)/ThermoDataBase/DM Group/DM010_M/Angiosoms/DM010_M_L_LCA.csv,33.7629707388,1367,valid,
DM010,L,LPA,/home/wenalz/Documents/Antigravity projects/thermalDFU/IEE data port(original)/ThermoDataBase(IEE data port)/ThermoDataBase/DM Group/DM010_M/Angiosoms/DM010_M_L_LPA.csv,34.5836055517,4287,valid,
DM010,L,MCA,/home/wenalz/Documents/Antigravity projects/thermalDFU/IEE data port(original)/ThermoDataBase(IEE data port)/ThermoDataBase/DM Group/DM010_M/Angiosoms/DM010_M_L_MCA.csv,33.8226163522,1113,valid,
DM010,L,MPA,/home/wenalz/Documents/Antigravity projects/thermalDFU/IEE data port(original)/ThermoDataBase(IEE data port)/ThermoDataBase/DM Group/DM010_M/Angiosoms/DM010_M_L_MPA.csv,34.5486769324,1656,valid,
DM010,R,LCA,/home/wenalz/Documents/Antigravity projects/thermalDFU/IEE data port(original)/ThermoDataBase(IEE data port)/ThermoDataBase/DM Group/DM010_M/Angiosoms/DM010_M_R_LCA.csv,34.1609915189,1297,valid,
DM010,R,LPA,/home/wenalz/Documents/Antigravity projects/thermalDFU/IEE data port(original)/ThermoDataBase(IEE data port)/ThermoDataBase/DM Group/DM010_M/Angiosoms/DM010_M_R_LPA.csv,35.0144243391,4388,valid,
DM010,R,MCA,/home/wenalz/Documents/Antigravity projects/thermalDFU/IEE data port(original)/ThermoDataBase(IEE data port)/ThermoDataBase/DM Group/DM010_M/Angiosoms/DM010_M_R_MCA.csv,34.3229381107,1228,valid,
DM010,R,MPA,/home/wenalz/Documents/Antigravity projects/thermalDFU/IEE data port(original)/ThermoDataBase(IEE data port)/ThermoDataBase/DM Group/DM010_M/Angiosoms/DM010_M_R_MPA.csv,34.7843253968,1638,valid,
DM011,L,LCA,/home/wenalz/Documents/Antigravity projects/thermalDFU/IEE data port(original)/ThermoDataBase(IEE data port)/ThermoDataBase/DM Group/DM011_F/Angiosoms/DM011_F_L_LCA.csv,31.5311039777,1433,valid,
DM011,L,LPA,/home/wenalz/Documents/Antigravity projects/thermalDFU/IEE data port(original)/ThermoDataBase(IEE data port)/ThermoDataBase/DM Group/DM011_F/Angiosoms/DM011_F_L_LPA.csv,32.0911927245,3876,valid,
DM011,L,MCA,/home/wenalz/Documents/Antigravity projects/thermalDFU/IEE data port(original)/ThermoDataBase(IEE data port)/ThermoDataBase/DM Group/DM011_F/Angiosoms/DM011_F_L_MCA.csv,31.5869847844,1183,valid,
DM011,L,MPA,/home/wenalz/Documents/Antigravity projects/thermalDFU/IEE data port(original)/ThermoDataBase(IEE data port)/ThermoDataBase/DM Group/DM011_F/Angiosoms/DM011_F_L_MPA.csv,32.1430705882,1445,valid,
DM011,R,LCA,/home/wenalz/Documents/Antigravity projects/thermalDFU/IEE data port(original)/ThermoDataBase(IEE data port)/ThermoDataBase/DM Group/DM011_F/Angiosoms/DM011_F_R_LCA.csv,31.0570355846,1377,valid,
DM011,R,LPA,/home/wenalz/Documents/Antigravity projects/thermalDFU/IEE data port(original)/ThermoDataBase(IEE data port)/ThermoDataBase/DM Group/DM011_F/Angiosoms/DM011_F_R_LPA.csv,32.0308694378,3753,valid,
DM011,R,MCA,/home/wenalz/Documents/Antigravity projects/thermalDFU/IEE data port(original)/ThermoDataBase(IEE data port)/ThermoDataBase/DM Group/DM011_F/Angiosoms/DM011_F_R_MCA.csv,31.4084945554,1102,valid,
DM011,R,MPA,/home/wenalz/Documents/Antigravity projects/thermalDFU/IEE data port(original)/ThermoDataBase(IEE data port)/ThermoDataBase/DM Group/DM011_F/Angiosoms/DM011_F_R_MPA.csv,31.738481556,1491,valid,
DM012,L,LCA,/home/wenalz/Documents/Antigravity projects/thermalDFU/IEE data port(original)/ThermoDataBase(IEE data port)/ThermoDataBase/DM Group/DM012_F/Angiosoms/DM012_F_L_LCA.csv,32.6266287349,1573,valid,
DM012,L,LPA,/home/wenalz/Documents/Antigravity projects/thermalDFU/IEE data port(original)/ThermoDataBase(IEE data port)/ThermoDataBase/DM Group/DM012_F/Angiosoms/DM012_F_L_LPA.csv,32.8528795918,4410,valid,
DM012,L,MCA,/home/wenalz/Documents/Antigravity projects/thermalDFU/IEE data port(original)/ThermoDataBase(IEE data port)/ThermoDataBase/DM Group/DM012_F/Angiosoms/DM012_F_L_MCA.csv,32.9231461938,1156,valid,
DM012,L,MPA,/home/wenalz/Documents/Antigravity projects/thermalDFU/IEE data port(original)/ThermoDataBase(IEE data port)/ThermoDataBase/DM Group/DM012_F/Angiosoms/DM012_F_L_MPA.csv,32.3040279263,1683,valid,
DM012,R,LCA,/home/wenalz/Documents/Antigravity projects/thermalDFU/IEE data port(original)/ThermoDataBase(IEE data port)/ThermoDataBase/DM Group/DM012_F/Angiosoms/DM012_F_R_LCA.csv,31.3752515843,1578,valid,
DM012,R,LPA,/home/wenalz/Documents/Antigravity projects/thermalDFU/IEE data port(original)/ThermoDataBase(IEE data port)/ThermoDataBase/DM Group/DM012_F/Angiosoms/DM012_F_R_LPA.csv,32.478432542,5181,valid,
DM012,R,MCA,/home/wenalz/Documents/Antigravity projects/thermalDFU/IEE data port(original)/ThermoDataBase(IEE data port)/ThermoDataBase/DM Group/DM012_F/Angiosoms/DM012_F_R_MCA.csv,31.5173257143,1575,valid,
DM012,R,MPA,/home/wenalz/Documents/Antigravity projects/thermalDFU/IEE data port(original)/ThermoDataBase(IEE data port)/ThermoDataBase/DM Group/DM012_F/Angiosoms/DM012_F_R_MPA.csv,31.8955178866,1817,valid,
DM013,L,LCA,/home/wenalz/Documents/Antigravity projects/thermalDFU/IEE data port(original)/ThermoDataBase(IEE data port)/ThermoDataBase/DM Group/DM013_F/Angiosoms/DM013_F_L_LCA.csv,27.5179486252,1382,valid,
DM013,L,LPA,/home/wenalz/Documents/Antigravity projects/thermalDFU/IEE data port(original)/ThermoDataBase(IEE data port)/ThermoDataBase/DM Group/DM013_F/Angiosoms/DM013_F_L_LPA.csv,26.9412116041,4102,valid,
DM013,L,MCA,/home/wenalz/Documents/Antigravity projects/thermalDFU/IEE data port(original)/ThermoDataBase(IEE data port)/ThermoDataBase/DM Group/DM013_F/Angiosoms/DM013_F_L_MCA.csv,27.5068601533,1044,valid,
DM013,L,MPA,/home/wenalz/Documents/Antigravity projects/thermalDFU/IEE data port(original)/ThermoDataBase(IEE data port)/ThermoDataBase/DM Group/DM013_F/Angiosoms/DM013_F_L_MPA.csv,28.1201660079,1771,valid,
DM013,R,LCA,/home/wenalz/Documents/Antigravity projects/thermalDFU/IEE data port(original)/ThermoDataBase(IEE data port)/ThermoDataBase/DM Group/DM013_F/Angiosoms/DM013_F_R_LCA.csv,28.7956330014,1406,valid,
DM013,R,LPA,/home/wenalz/Documents/Antigravity projects/thermalDFU/IEE data port(original)/ThermoDataBase(IEE data port)/ThermoDataBase/DM Group/DM013_F/Angiosoms/DM013_F_R_LPA.csv,27.3163943152,3870,valid,
DM013,R,MCA,/home/wenalz/Documents/Antigravity projects/thermalDFU/IEE data port(original)/ThermoDataBase(IEE data port)/ThermoDataBase/DM Group/DM013_F/Angiosoms/DM013_F_R_MCA.csv,29.006846395,1276,valid,
DM013,R,MPA,/home/wenalz/Documents/Antigravity projects/thermalDFU/IEE data port(original)/ThermoDataBase(IEE data port)/ThermoDataBase/DM Group/DM013_F/Angiosoms/DM013_F_R_MPA.csv,27.1966020672,1548,valid,
DM014,L,LCA,/home/wenalz/Documents/Antigravity projects/thermalDFU/IEE data port(original)/ThermoDataBase(IEE data port)/ThermoDataBase/DM Group/DM014_F/Angiosoms/DM014_F_L_LCA.csv,31.061716996,1265,valid,
DM014,L,LPA,/home/wenalz/Documents/Antigravity projects/thermalDFU/IEE data port(original)/ThermoDataBase(IEE data port)/ThermoDataBase/DM Group/DM014_F/Angiosoms/DM014_F_L_LPA.csv,32.0231019539,3992,valid,
DM014,L,MCA,/home/wenalz/Documents/Antigravity projects/thermalDFU/IEE data port(original)/ThermoDataBase(IEE data port)/ThermoDataBase/DM Group/DM014_F/Angiosoms/DM014_F_L_MCA.csv,31.1362585616,1168,valid,
DM014,L,MPA,/home/wenalz/Documents/Antigravity projects/thermalDFU/IEE data port(original)/ThermoDataBase(IEE data port)/ThermoDataBase/DM Group/DM014_F/Angiosoms/DM014_F_L_MPA.csv,32.1688557089,1594,valid,
DM014,R,LCA,/home/wenalz/Documents/Antigravity projects/thermalDFU/IEE data port(original)/ThermoDataBase(IEE data port)/ThermoDataBase/DM Group/DM014_F/Angiosoms/DM014_F_R_LCA.csv,32.3105412011,1432,valid,
DM014,R,LPA,/home/wenalz/Documents/Antigravity projects/thermalDFU/IEE data port(original)/ThermoDataBase(IEE data port)/ThermoDataBase/DM Group/DM014_F/Angiosoms/DM014_F_R_LPA.csv,32.3783466144,4593,valid,
DM014,R,MCA,/home/wenalz/Documents/Antigravity projects/thermalDFU/IEE data port(original)/ThermoDataBase(IEE data port)/ThermoDataBase/DM Group/DM014_F/Angiosoms/DM014_F_R_MCA.csv,32.4201526045,1363,valid,
DM014,R,MPA,/home/wenalz/Documents/Antigravity projects/thermalDFU/IEE data port(original)/ThermoDataBase(IEE data port)/ThermoDataBase/DM Group/DM014_F/Angiosoms/DM014_F_R_MPA.csv,32.7760578831,1814,valid,
DM015,L,LCA,/home/wenalz/Documents/Antigravity projects/thermalDFU/IEE data port(original)/ThermoDataBase(IEE data port)/ThermoDataBase/DM Group/DM015_M/Angiosoms/DM015_M_L_LCA.csv,33.1418663762,1377,valid,
DM015,L,LPA,/home/wenalz/Documents/Antigravity projects/thermalDFU/IEE data port(original)/ThermoDataBase(IEE data port)/ThermoDataBase/DM Group/DM015_M/Angiosoms/DM015_M_L_LPA.csv,33.9214662096,4084,valid,
DM015,L,MCA,/home/wenalz/Documents/Antigravity projects/thermalDFU/IEE data port(original)/ThermoDataBase(IEE data port)/ThermoDataBase/DM Group/DM015_M/Angiosoms/DM015_M_L_MCA.csv,33.4344295992,973,valid,
DM015,L,MPA,/home/wenalz/Documents/Antigravity projects/thermalDFU/IEE data port(original)/ThermoDataBase(IEE data port)/ThermoDataBase/DM Group/DM015_M/Angiosoms/DM015_M_L_MPA.csv,34.2059518787,1517,valid,
DM015,R,LCA,/home/wenalz/Documents/Antigravity projects/thermalDFU/IEE data port(original)/ThermoDataBase(IEE data port)/ThermoDataBase/DM Group/DM015_M/Angiosoms/DM015_M_R_LCA.csv,33.5416166667,1080,valid,
DM015,R,LPA,/home/wenalz/Documents/Antigravity projects/thermalDFU/IEE data port(original)/ThermoDataBase(IEE data port)/ThermoDataBase/DM Group/DM015_M/Angiosoms/DM015_M_R_LPA.csv,34.2648760607,3889,valid,
DM015,R,MCA,/home/wenalz/Documents/Antigravity projects/thermalDFU/IEE data port(original)/ThermoDataBase(IEE data port)/ThermoDataBase/DM Group/DM015_M/Angiosoms/DM015_M_R_MCA.csv,33.307406383,940,valid,
DM015,R,MPA,/home/wenalz/Documents/Antigravity projects/thermalDFU/IEE data port(original)/ThermoDataBase(IEE data port)/ThermoDataBase/DM Group/DM015_M/Angiosoms/DM015_M_R_MPA.csv,33.609420257,1323,valid,
DM016,L,LCA,/home/wenalz/Documents/Antigravity projects/thermalDFU/IEE data port(original)/ThermoDataBase(IEE data port)/ThermoDataBase/DM Group/DM016_F/Angiosoms/DM016_F_L_LCA.csv,32.9806553525,1149,valid,
DM016,L,LPA,/home/wenalz/Documents/Antigravity projects/thermalDFU/IEE data port(original)/ThermoDataBase(IEE data port)/ThermoDataBase/DM Group/DM016_F/Angiosoms/DM016_F_L_LPA.csv,33.1494686869,3465,valid,
DM016,L,MCA,/home/wenalz/Documents/Antigravity projects/thermalDFU/IEE data port(original)/ThermoDataBase(IEE data port)/ThermoDataBase/DM Group/DM016_F/Angiosoms/DM016_F_L_MCA.csv,33.270098777,1063,valid,
DM016,L,MPA,/home/wenalz/Documents/Antigravity projects/thermalDFU/IEE data port(original)/ThermoDataBase(IEE data port)/ThermoDataBase/DM Group/DM016_F/Angiosoms/DM016_F_L_MPA.csv,33.0991700997,1505,valid,
DM016,R,LCA,/home/wenalz/Documents/Antigravity projects/thermalDFU/IEE data port(original)/ThermoDataBase(IEE data port)/ThermoDataBase/DM Group/DM016_F/Angiosoms/DM016_F_R_LCA.csv,32.5053611963,1304,valid,
DM016,R,LPA,/home/wenalz/Documents/Antigravity projects/thermalDFU/IEE data port(original)/ThermoDataBase(IEE data port)/ThermoDataBase/DM Group/DM016_F/Angiosoms/DM016_F_R_LPA.csv,32.9333444767,3440,valid,
DM016,R,MCA,/home/wenalz/Documents/Antigravity projects/thermalDFU/IEE data port(original)/ThermoDataBase(IEE data port)/ThermoDataBase/DM Group/DM016_F/Angiosoms/DM016_F_R_MCA.csv,33.004665529,879,valid,
DM016,R,MPA,/home/wenalz/Documents/Antigravity projects/thermalDFU/IEE data port(original)/ThermoDataBase(IEE data port)/ThermoDataBase/DM Group/DM016_F/Angiosoms/DM016_F_R_MPA.csv,32.3878959757,1317,valid,
DM017,L,LCA,/home/wenalz/Documents/Antigravity projects/thermalDFU/IEE data port(original)/ThermoDataBase(IEE data port)/ThermoDataBase/DM Group/DM017_F/Angiosoms/DM017_F_L_LCA.csv,28.913271875,960,valid,
DM017,L,LPA,/home/wenalz/Documents/Antigravity projects/thermalDFU/IEE data port(original)/ThermoDataBase(IEE data port)/ThermoDataBase/DM Group/DM017_F/Angiosoms/DM017_F_L_LPA.csv,31.7879535789,3339,valid,
DM017,L,MCA,/home/wenalz/Documents/Antigravity projects/thermalDFU/IEE data port(original)/ThermoDataBase(IEE data port)/ThermoDataBase/DM Group/DM017_F/Angiosoms/DM017_F_L_MCA.csv,29.0423832879,1101,valid,
DM017,L,MPA,/home/wenalz/Documents/Antigravity projects/thermalDFU/IEE data port(original)/ThermoDataBase(IEE data port)/ThermoDataBase/DM Group/DM017_F/Angiosoms/DM017_F_L_MPA.csv,31.8978072776,1484,valid,
DM017,R,LCA,/home/wenalz/Documents/Antigravity projects/thermalDFU/IEE data port(original)/ThermoDataBase(IEE data port)/ThermoDataBase/DM Group/DM017_F/Angiosoms/DM017_F_R_LCA.csv,29.9129859155,1136,valid,
DM017,R,LPA,/home/wenalz/Documents/Antigravity projects/thermalDFU/IEE data port(original)/ThermoDataBase(IEE data port)/ThermoDataBase/DM Group/DM017_F/Angiosoms/DM017_F_R_LPA.csv,31.8654766676,3493,valid,
DM017,R,MCA,/home/wenalz/Documents/Antigravity projects/thermalDFU/IEE data port(original)/ThermoDataBase(IEE data port)/ThermoDataBase/DM Group/DM017_F/Angiosoms/DM017_F_R_MCA.csv,29.7689434968,938,valid,
DM017,R,MPA,/home/wenalz/Documents/Antigravity projects/thermalDFU/IEE data port(original)/ThermoDataBase(IEE data port)/ThermoDataBase/DM Group/DM017_F/Angiosoms/DM017_F_R_MPA.csv,32.1118102999,1534,valid,
DM018,L,LCA,/home/wenalz/Documents/Antigravity projects/thermalDFU/IEE data port(original)/ThermoDataBase(IEE data port)/ThermoDataBase/DM Group/DM018_M/Angiosoms/DM018_M_L_LCA.csv,26.8644365303,1418,valid,
DM018,L,LPA,/home/wenalz/Documents/Antigravity projects/thermalDFU/IEE data port(original)/ThermoDataBase(IEE data port)/ThermoDataBase/DM Group/DM018_M/Angiosoms/DM018_M_L_LPA.csv,26.5837063361,3630,valid,
DM018,L,MCA,/home/wenalz/Documents/Antigravity projects/thermalDFU/IEE data port(original)/ThermoDataBase(IEE data port)/ThermoDataBase/DM Group/DM018_M/Angiosoms/DM018_M_L_MCA.csv,26.7334414747,1085,valid,
DM018,L,MPA,/home/wenalz/Documents/Antigravity projects/thermalDFU/IEE data port(original)/ThermoDataBase(IEE data port)/ThermoDataBase/DM Group/DM018_M/Angiosoms/DM018_M_L_MPA.csv,27.6327345912,1590,valid,
DM018,R,LCA,/home/wenalz/Documents/Antigravity projects/thermalDFU/IEE data port(original)/ThermoDataBase(IEE data port)/ThermoDataBase/DM Group/DM018_M/Angiosoms/DM018_M_R_LCA.csv,29.4389097808,1186,valid,
DM018,R,LPA,/home/wenalz/Documents/Antigravity projects/thermalDFU/IEE data port(original)/ThermoDataBase(IEE data port)/ThermoDataBase/DM Group/DM018_M/Angiosoms/DM018_M_R_LPA.csv,29.7724800582,3435,valid,
DM018,R,MCA,/home/wenalz/Documents/Antigravity projects/thermalDFU/IEE data port(original)/ThermoDataBase(IEE data port)/ThermoDataBase/DM Group/DM018_M/Angiosoms/DM018_M_R_MCA.csv,29.3749490874,1041,valid,
DM018,R,MPA,/home/wenalz/Documents/Antigravity projects/thermalDFU/IEE data port(original)/ThermoDataBase(IEE data port)/ThermoDataBase/DM Group/DM018_M/Angiosoms/DM018_M_R_MPA.csv,30.4071496119,1417,valid,
DM019,L,LCA,/home/wenalz/Documents/Antigravity projects/thermalDFU/IEE data port(original)/ThermoDataBase(IEE data port)/ThermoDataBase/DM Group/DM019_F/Angiosoms/DM019_F_L_LCA.csv,31.1436888646,916,valid,
DM019,L,LPA,/home/wenalz/Documents/Antigravity projects/thermalDFU/IEE data port(original)/ThermoDataBase(IEE data port)/ThermoDataBase/DM Group/DM019_F/Angiosoms/DM019_F_L_LPA.csv,32.1831406969,3042,valid,
DM019,L,MCA,/home/wenalz/Documents/Antigravity projects/thermalDFU/IEE data port(original)/ThermoDataBase(IEE data port)/ThermoDataBase/DM Group/DM019_F/Angiosoms/DM019_F_L_MCA.csv,30.6110594796,807,valid,
DM019,L,MPA,/home/wenalz/Documents/Antigravity projects/thermalDFU/IEE data port(original)/ThermoDataBase(IEE data port)/ThermoDataBase/DM Group/DM019_F/Angiosoms/DM019_F_L_MPA.csv,32.2367301717,1223,valid,
DM019,R,LCA,/home/wenalz/Documents/Antigravity projects/thermalDFU/IEE data port(original)/ThermoDataBase(IEE data port)/ThermoDataBase/DM Group/DM019_F/Angiosoms/DM019_F_R_LCA.csv,30.2988073722,841,valid,
DM019,R,LPA,/home/wenalz/Documents/Antigravity projects/thermalDFU/IEE data port(original)/ThermoDataBase(IEE data port)/ThermoDataBase/DM Group/DM019_F/Angiosoms/DM019_F_R_LPA.csv,31.6967745522,3238,valid,
DM019,R,MCA,/home/wenalz/Documents/Antigravity projects/thermalDFU/IEE data port(original)/ThermoDataBase(IEE data port)/ThermoDataBase/DM Group/DM019_F/Angiosoms/DM019_F_R_MCA.csv,29.9513002183,916,valid,
DM019,R,MPA,/home/wenalz/Documents/Antigravity projects/thermalDFU/IEE data port(original)/ThermoDataBase(IEE data port)/ThermoDataBase/DM Group/DM019_F/Angiosoms/DM019_F_R_MPA.csv,31.7063816544,1221,valid,
DM020,L,LCA,/home/wenalz/Documents/Antigravity projects/thermalDFU/IEE data port(original)/ThermoDataBase(IEE data port)/ThermoDataBase/DM Group/DM020_F/Angiosoms/DM020_F_L_LCA.csv,30.1919436039,727,valid,
DM020,L,LPA,/home/wenalz/Documents/Antigravity projects/thermalDFU/IEE data port(original)/ThermoDataBase(IEE data port)/ThermoDataBase/DM Group/DM020_F/Angiosoms/DM020_F_L_LPA.csv,29.7820200573,2443,valid,
DM020,L,MCA,/home/wenalz/Documents/Antigravity projects/thermalDFU/IEE data port(original)/ThermoDataBase(IEE data port)/ThermoDataBase/DM Group/DM020_F/Angiosoms/DM020_F_L_MCA.csv,29.6847794944,712,valid,
DM020,L,MPA,/home/wenalz/Documents/Antigravity projects/thermalDFU/IEE data port(original)/ThermoDataBase(IEE data port)/ThermoDataBase/DM Group/DM020_F/Angiosoms/DM020_F_L_MPA.csv,30.1316161228,1042,valid,
DM020,R,LCA,/home/wenalz/Documents/Antigravity projects/thermalDFU/IEE data port(original)/ThermoDataBase(IEE data port)/ThermoDataBase/DM Group/DM020_F/Angiosoms/DM020_F_R_LCA.csv,30.1700985748,842,valid,
DM020,R,LPA,/home/wenalz/Documents/Antigravity projects/thermalDFU/IEE data port(original)/ThermoDataBase(IEE data port)/ThermoDataBase/DM Group/DM020_F/Angiosoms/DM020_F_R_LPA.csv,29.5374775614,2362,valid,
DM020,R,MCA,/home/wenalz/Documents/Antigravity projects/thermalDFU/IEE data port(original)/ThermoDataBase(IEE data port)/ThermoDataBase/DM Group/DM020_F/Angiosoms/DM020_F_R_MCA.csv,30.4019516667,600,valid,
DM020,R,MPA,/home/wenalz/Documents/Antigravity projects/thermalDFU/IEE data port(original)/ThermoDataBase(IEE data port)/ThermoDataBase/DM Group/DM020_F/Angiosoms/DM020_F_R_MPA.csv,30.0352628625,1069,valid,
DM021,L,LCA,/home/wenalz/Documents/Antigravity projects/thermalDFU/IEE data port(original)/ThermoDataBase(IEE data port)/ThermoDataBase/DM Group/DM021_F/Angiosoms/DM021_F_L_LCA.csv,29.8714234621,699,valid,
DM021,L,LPA,/home/wenalz/Documents/Antigravity projects/thermalDFU/IEE data port(original)/ThermoDataBase(IEE data port)/ThermoDataBase/DM Group/DM021_F/Angiosoms/DM021_F_L_LPA.csv,29.4834702435,2218,valid,
DM021,L,MCA,/home/wenalz/Documents/Antigravity projects/thermalDFU/IEE data port(original)/ThermoDataBase(IEE data port)/ThermoDataBase/DM Group/DM021_F/Angiosoms/DM021_F_L_MCA.csv,29.9117220395,608,valid,
DM021,L,MPA,/home/wenalz/Documents/Antigravity projects/thermalDFU/IEE data port(original)/ThermoDataBase(IEE data port)/ThermoDataBase/DM Group/DM021_F/Angiosoms/DM021_F_L_MPA.csv,29.8797528474,878,valid,
DM021,R,LCA,/home/wenalz/Documents/Antigravity projects/thermalDFU/IEE data port(original)/ThermoDataBase(IEE data port)/ThermoDataBase/DM Group/DM021_F/Angiosoms/DM021_F_R_LCA.csv,30.7102066869,658,valid,
DM021,R,LPA,/home/wenalz/Documents/Antigravity projects/thermalDFU/IEE data port(original)/ThermoDataBase(IEE data port)/ThermoDataBase/DM Group/DM021_F/Angiosoms/DM021_F_R_LPA.csv,31.2227168675,2324,valid,
DM021,R,MCA,/home/wenalz/Documents/Antigravity projects/thermalDFU/IEE data port(original)/ThermoDataBase(IEE data port)/ThermoDataBase/DM Group/DM021_F/Angiosoms/DM021_F_R_MCA.csv,30.8819245014,702,valid,
DM021,R,MPA,/home/wenalz/Documents/Antigravity projects/thermalDFU/IEE data port(original)/ThermoDataBase(IEE data port)/ThermoDataBase/DM Group/DM021_F/Angiosoms/DM021_F_R_MPA.csv,30.8006495633,916,valid,
DM022,L,LCA,/home/wenalz/Documents/Antigravity projects/thermalDFU/IEE data port(original)/ThermoDataBase(IEE data port)/ThermoDataBase/DM Group/DM022_F/Angiosoms/DM022_F_L_LCA.csv,29.6731163022,1006,valid,
DM022,L,LPA,/home/wenalz/Documents/Antigravity projects/thermalDFU/IEE data port(original)/ThermoDataBase(IEE data port)/ThermoDataBase/DM Group/DM022_F/Angiosoms/DM022_F_L_LPA.csv,31.2098170692,3105,valid,
DM022,L,MCA,/home/wenalz/Documents/Antigravity projects/thermalDFU/IEE data port(original)/ThermoDataBase(IEE data port)/ThermoDataBase/DM Group/DM022_F/Angiosoms/DM022_F_L_MCA.csv,29.8042492891,1055,valid,
DM022,L,MPA,/home/wenalz/Documents/Antigravity projects/thermalDFU/IEE data port(original)/ThermoDataBase(IEE data port)/ThermoDataBase/DM Group/DM022_F/Angiosoms/DM022_F_L_MPA.csv,31.1369257095,1198,valid,
DM022,R,LCA,/home/wenalz/Documents/Antigravity projects/thermalDFU/IEE data port(original)/ThermoDataBase(IEE data port)/ThermoDataBase/DM Group/DM022_F/Angiosoms/DM022_F_R_LCA.csv,29.1286462019,961,valid,
DM022,R,LPA,/home/wenalz/Documents/Antigravity projects/thermalDFU/IEE data port(original)/ThermoDataBase(IEE data port)/ThermoDataBase/DM Group/DM022_F/Angiosoms/DM022_F_R_LPA.csv,31.6670082592,3148,valid,
DM022,R,MCA,/home/wenalz/Documents/Antigravity projects/thermalDFU/IEE data port(original)/ThermoDataBase(IEE data port)/ThermoDataBase/DM Group/DM022_F/Angiosoms/DM022_F_R_MCA.csv,29.0440190763,996,valid,
DM022,R,MPA,/home/wenalz/Documents/Antigravity projects/thermalDFU/IEE data port(original)/ThermoDataBase(IEE data port)/ThermoDataBase/DM Group/DM022_F/Angiosoms/DM022_F_R_MPA.csv,31.0926675508,1131,valid,
DM023,L,LCA,/home/wenalz/Documents/Antigravity projects/thermalDFU/IEE data port(original)/ThermoDataBase(IEE data port)/ThermoDataBase/DM Group/DM023_F/Angiosoms/DM023_F_L_LCA.csv,28.6376026977,1631,valid,
DM023,L,LPA,/home/wenalz/Documents/Antigravity projects/thermalDFU/IEE data port(original)/ThermoDataBase(IEE data port)/ThermoDataBase/DM Group/DM023_F/Angiosoms/DM023_F_L_LPA.csv,31.4124566384,4474,valid,
DM023,L,MCA,/home/wenalz/Documents/Antigravity projects/thermalDFU/IEE data port(original)/ThermoDataBase(IEE data port)/ThermoDataBase/DM Group/DM023_F/Angiosoms/DM023_F_L_MCA.csv,29.2954042934,1118,valid,
DM023,L,MPA,/home/wenalz/Documents/Antigravity projects/thermalDFU/IEE data port(original)/ThermoDataBase(IEE data port)/ThermoDataBase/DM Group/DM023_F/Angiosoms/DM023_F_L_MPA.csv,31.3612241281,1749,valid,
DM023,R,LCA,/home/wenalz/Documents/Antigravity projects/thermalDFU/IEE data port(original)/ThermoDataBase(IEE data port)/ThermoDataBase/DM Group/DM023_F/Angiosoms/DM023_F_R_LCA.csv,26.869495116,1638,valid,
DM023,R,LPA,/home/wenalz/Documents/Antigravity projects/thermalDFU/IEE data port(original)/ThermoDataBase(IEE data port)/ThermoDataBase/DM Group/DM023_F/Angiosoms/DM023_F_R_LPA.csv,30.3965938253,4567,valid,
DM023,R,MCA,/home/wenalz/Documents/Antigravity projects/thermalDFU/IEE data port(original)/ThermoDataBase(IEE data port)/ThermoDataBase/DM Group/DM023_F/Angiosoms/DM023_F_R_MCA.csv,27.5367701465,1092,valid,
DM023,R,MPA,/home/wenalz/Documents/Antigravity projects/thermalDFU/IEE data port(original)/ThermoDataBase(IEE data port)/ThermoDataBase/DM Group/DM023_F/Angiosoms/DM023_F_R_MPA.csv,30.1940809179,1656,valid,
DM024,L,LCA,/home/wenalz/Documents/Antigravity projects/thermalDFU/IEE data port(original)/ThermoDataBase(IEE data port)/ThermoDataBase/DM Group/DM024_M/Angiosoms/DM024_M_L_LCA.csv,31.0971501256,1592,valid,
DM024,L,LPA,/home/wenalz/Documents/Antigravity projects/thermalDFU/IEE data port(original)/ThermoDataBase(IEE data port)/ThermoDataBase/DM Group/DM024_M/Angiosoms/DM024_M_L_LPA.csv,33.1951710738,4349,valid,
DM024,L,MCA,/home/wenalz/Documents/Antigravity projects/thermalDFU/IEE data port(original)/ThermoDataBase(IEE data port)/ThermoDataBase/DM Group/DM024_M/Angiosoms/DM024_M_L_MCA.csv,31.3787258486,1532,valid,
DM024,L,MPA,/home/wenalz/Documents/Antigravity projects/thermalDFU/IEE data port(original)/ThermoDataBase(IEE data port)/ThermoDataBase/DM Group/DM024_M/Angiosoms/DM024_M_L_MPA.csv,32.8081906412,1731,valid,
DM024,R,LCA,/home/wenalz/Documents/Antigravity projects/thermalDFU/IEE data port(original)/ThermoDataBase(IEE data port)/ThermoDataBase/DM Group/DM024_M/Angiosoms/DM024_M_R_LCA.csv,27.5477009988,1602,valid,
DM024,R,LPA,/home/wenalz/Documents/Antigravity projects/thermalDFU/IEE data port(original)/ThermoDataBase(IEE data port)/ThermoDataBase/DM Group/DM024_M/Angiosoms/DM024_M_R_LPA.csv,29.4113233989,4731,valid,
DM024,R,MCA,/home/wenalz/Documents/Antigravity projects/thermalDFU/IEE data port(original)/ThermoDataBase(IEE data port)/ThermoDataBase/DM Group/DM024_M/Angiosoms/DM024_M_R_MCA.csv,27.8583823129,1470,valid,
DM024,R,MPA,/home/wenalz/Documents/Antigravity projects/thermalDFU/IEE data port(original)/ThermoDataBase(IEE data port)/ThermoDataBase/DM Group/DM024_M/Angiosoms/DM024_M_R_MPA.csv,28.9850674624,1927,valid,
DM025,L,LCA,/home/wenalz/Documents/Antigravity projects/thermalDFU/IEE data port(original)/ThermoDataBase(IEE data port)/ThermoDataBase/DM Group/DM025_M/Angiosoms/DM025_M_L_LCA.csv,30.5284101894,1531,valid,
DM025,L,LPA,/home/wenalz/Documents/Antigravity projects/thermalDFU/IEE data port(original)/ThermoDataBase(IEE data port)/ThermoDataBase/DM Group/DM025_M/Angiosoms/DM025_M_L_LPA.csv,32.9736359672,3898,valid,
DM025,L,MCA,/home/wenalz/Documents/Antigravity projects/thermalDFU/IEE data port(original)/ThermoDataBase(IEE data port)/ThermoDataBase/DM Group/DM025_M/Angiosoms/DM025_M_L_MCA.csv,31.0069619132,1129,valid,
DM025,L,MPA,/home/wenalz/Documents/Antigravity projects/thermalDFU/IEE data port(original)/ThermoDataBase(IEE data port)/ThermoDataBase/DM Group/DM025_M/Angiosoms/DM025_M_L_MPA.csv,33.0339896151,1637,valid,
DM025,R,LCA,/home/wenalz/Documents/Antigravity projects/thermalDFU/IEE data port(original)/ThermoDataBase(IEE data port)/ThermoDataBase/DM Group/DM025_M/Angiosoms/DM025_M_R_LCA.csv,30.8701042723,1381,valid,
DM025,R,LPA,/home/wenalz/Documents/Antigravity projects/thermalDFU/IEE data port(original)/ThermoDataBase(IEE data port)/ThermoDataBase/DM Group/DM025_M/Angiosoms/DM025_M_R_LPA.csv,32.8897778842,4178,valid,
DM025,R,MCA,/home/wenalz/Documents/Antigravity projects/thermalDFU/IEE data port(original)/ThermoDataBase(IEE data port)/ThermoDataBase/DM Group/DM025_M/Angiosoms/DM025_M_R_MCA.csv,30.9405011858,1265,valid,
DM025,R,MPA,/home/wenalz/Documents/Antigravity projects/thermalDFU/IEE data port(original)/ThermoDataBase(IEE data port)/ThermoDataBase/DM Group/DM025_M/Angiosoms/DM025_M_R_MPA.csv,32.5426413111,1617,valid,
DM026,L,LCA,/home/wenalz/Documents/Antigravity projects/thermalDFU/IEE data port(original)/ThermoDataBase(IEE data port)/ThermoDataBase/DM Group/DM026_M/Angiosoms/DM026_M_L_LCA.csv,32.5419683153,1294,valid,
DM026,L,LPA,/home/wenalz/Documents/Antigravity projects/thermalDFU/IEE data port(original)/ThermoDataBase(IEE data port)/ThermoDataBase/DM Group/DM026_M/Angiosoms/DM026_M_L_LPA.csv,32.2880144458,3392,valid,
DM026,L,MCA,/home/wenalz/Documents/Antigravity projects/thermalDFU/IEE data port(original)/ThermoDataBase(IEE data port)/ThermoDataBase/DM Group/DM026_M/Angiosoms/DM026_M_L_MCA.csv,32.5208131274,1295,valid,
DM026,L,MPA,/home/wenalz/Documents/Antigravity projects/thermalDFU/IEE data port(original)/ThermoDataBase(IEE data port)/ThermoDataBase/DM Group/DM026_M/Angiosoms/DM026_M_L_MPA.csv,32.2242877698,1390,valid,
DM026,R,LCA,/home/wenalz/Documents/Antigravity projects/thermalDFU/IEE data port(original)/ThermoDataBase(IEE data port)/ThermoDataBase/DM Group/DM026_M/Angiosoms/DM026_M_R_LCA.csv,31.8536109726,1203,valid,
DM026,R,LPA,/home/wenalz/Documents/Antigravity projects/thermalDFU/IEE data port(original)/ThermoDataBase(IEE data port)/ThermoDataBase/DM Group/DM026_M/Angiosoms/DM026_M_R_LPA.csv,32.6230434276,3431,valid,
DM026,R,MCA,/home/wenalz/Documents/Antigravity projects/thermalDFU/IEE data port(original)/ThermoDataBase(IEE data port)/ThermoDataBase/DM Group/DM026_M/Angiosoms/DM026_M_R_MCA.csv,32.1331366025,1142,valid,
DM026,R,MPA,/home/wenalz/Documents/Antigravity projects/thermalDFU/IEE data port(original)/ThermoDataBase(IEE data port)/ThermoDataBase/DM Group/DM026_M/Angiosoms/DM026_M_R_MPA.csv,33.0007541456,1387,valid,
DM027,L,LCA,/home/wenalz/Documents/Antigravity projects/thermalDFU/IEE data port(original)/ThermoDataBase(IEE data port)/ThermoDataBase/DM Group/DM027_M/Angiosoms/DM027_M_L_LCA.csv,31.4438,1340,valid,
DM027,L,LPA,/home/wenalz/Documents/Antigravity projects/thermalDFU/IEE data port(original)/ThermoDataBase(IEE data port)/ThermoDataBase/DM Group/DM027_M/Angiosoms/DM027_M_L_LPA.csv,32.3549925154,3741,valid,
DM027,L,MCA,/home/wenalz/Documents/Antigravity projects/thermalDFU/IEE data port(original)/ThermoDataBase(IEE data port)/ThermoDataBase/DM Group/DM027_M/Angiosoms/DM027_M_L_MCA.csv,31.2192259786,1124,valid,
DM027,L,MPA,/home/wenalz/Documents/Antigravity projects/thermalDFU/IEE data port(original)/ThermoDataBase(IEE data port)/ThermoDataBase/DM Group/DM027_M/Angiosoms/DM027_M_L_MPA.csv,32.2214731458,1564,valid,
DM027,R,LCA,/home/wenalz/Documents/Antigravity projects/thermalDFU/IEE data port(original)/ThermoDataBase(IEE data port)/ThermoDataBase/DM Group/DM027_M/Angiosoms/DM027_M_R_LCA.csv,31.805610687,1441,valid,
DM027,R,LPA,/home/wenalz/Documents/Antigravity projects/thermalDFU/IEE data port(original)/ThermoDataBase(IEE data port)/ThermoDataBase/DM Group/DM027_M/Angiosoms/DM027_M_R_LPA.csv,32.9467889222,4008,valid,
DM027,R,MCA,/home/wenalz/Documents/Antigravity projects/thermalDFU/IEE data port(original)/ThermoDataBase(IEE data port)/ThermoDataBase/DM Group/DM027_M/Angiosoms/DM027_M_R_MCA.csv,31.8867042484,1224,valid,
DM027,R,MPA,/home/wenalz/Documents/Antigravity projects/thermalDFU/IEE data port(original)/ThermoDataBase(IEE data port)/ThermoDataBase/DM Group/DM027_M/Angiosoms/DM027_M_R_MPA.csv,32.4910928962,1464,valid,
DM028,L,LCA,/home/wenalz/Documents/Antigravity projects/thermalDFU/IEE data port(original)/ThermoDataBase(IEE data port)/ThermoDataBase/DM Group/DM028_M/Angiosoms/DM028_M_L_LCA.csv,24.1461568458,1154,valid,
DM028,L,LPA,/home/wenalz/Documents/Antigravity projects/thermalDFU/IEE data port(original)/ThermoDataBase(IEE data port)/ThermoDataBase/DM Group/DM028_M/Angiosoms/DM028_M_L_LPA.csv,24.0467036435,3074,valid,
DM028,L,MCA,/home/wenalz/Documents/Antigravity projects/thermalDFU/IEE data port(original)/ThermoDataBase(IEE data port)/ThermoDataBase/DM Group/DM028_M/Angiosoms/DM028_M_L_MCA.csv,24.1370324268,956,valid,
DM028,L,MPA,/home/wenalz/Documents/Antigravity projects/thermalDFU/IEE data port(original)/ThermoDataBase(IEE data port)/ThermoDataBase/DM Group/DM028_M/Angiosoms/DM028_M_L_MPA.csv,24.4329860789,1293,valid,
DM028,R,LCA,/home/wenalz/Documents/Antigravity projects/thermalDFU/IEE data port(original)/ThermoDataBase(IEE data port)/ThermoDataBase/DM Group/DM028_M/Angiosoms/DM028_M_R_LCA.csv,24.760920758,1161,valid,
DM028,R,LPA,/home/wenalz/Documents/Antigravity projects/thermalDFU/IEE data port(original)/ThermoDataBase(IEE data port)/ThermoDataBase/DM Group/DM028_M/Angiosoms/DM028_M_R_LPA.csv,25.1926559806,3712,valid,
DM028,R,MCA,/home/wenalz/Documents/Antigravity projects/thermalDFU/IEE data port(original)/ThermoDataBase(IEE data port)/ThermoDataBase/DM Group/DM028_M/Angiosoms/DM028_M_R_MCA.csv,25.1099170732,1025,valid,
DM028,R,MPA,/home/wenalz/Documents/Antigravity projects/thermalDFU/IEE data port(original)/ThermoDataBase(IEE data port)/ThermoDataBase/DM Group/DM028_M/Angiosoms/DM028_M_R_MPA.csv,25.7069695162,1509,valid,
DM029,L,LCA,/home/wenalz/Documents/Antigravity projects/thermalDFU/IEE data port(original)/ThermoDataBase(IEE data port)/ThermoDataBase/DM Group/DM029_F/Angiosoms/DM029_F_L_LCA.csv,28.7867986919,1376,valid,
DM029,L,LPA,/home/wenalz/Documents/Antigravity projects/thermalDFU/IEE data port(original)/ThermoDataBase(IEE data port)/ThermoDataBase/DM Group/DM029_F/Angiosoms/DM029_F_L_LPA.csv,28.9295881847,3487,valid,
DM029,L,MCA,/home/wenalz/Documents/Antigravity projects/thermalDFU/IEE data port(original)/ThermoDataBase(IEE data port)/ThermoDataBase/DM Group/DM029_F/Angiosoms/DM029_F_L_MCA.csv,29.7676729758,951,valid,
DM029,L,MPA,/home/wenalz/Documents/Antigravity projects/thermalDFU/IEE data port(original)/ThermoDataBase(IEE data port)/ThermoDataBase/DM Group/DM029_F/Angiosoms/DM029_F_L_MPA.csv,29.6111803892,1336,valid,
DM029,R,LCA,/home/wenalz/Documents/Antigravity projects/thermalDFU/IEE data port(original)/ThermoDataBase(IEE data port)/ThermoDataBase/DM Group/DM029_F/Angiosoms/DM029_F_R_LCA.csv,27.3813627119,1180,valid,
DM029,R,LPA,/home/wenalz/Documents/Antigravity projects/thermalDFU/IEE data port(original)/ThermoDataBase(IEE data port)/ThermoDataBase/DM Group/DM029_F/Angiosoms/DM029_F_R_LPA.csv,27.9332795341,3606,valid,
DM029,R,MCA,/home/wenalz/Documents/Antigravity projects/thermalDFU/IEE data port(original)/ThermoDataBase(IEE data port)/ThermoDataBase/DM Group/DM029_F/Angiosoms/DM029_F_R_MCA.csv,27.8109115578,995,valid,
DM029,R,MPA,/home/wenalz/Documents/Antigravity projects/thermalDFU/IEE data port(original)/ThermoDataBase(IEE data port)/ThermoDataBase/DM Group/DM029_F/Angiosoms/DM029_F_R_MPA.csv,28.2099553441,1366,valid,
DM030,L,LCA,/home/wenalz/Documents/Antigravity projects/thermalDFU/IEE data port(original)/ThermoDataBase(IEE data port)/ThermoDataBase/DM Group/DM030_F/Angiosoms/DM030_F_L_LCA.csv,27.8663055163,1414,valid,
DM030,L,LPA,/home/wenalz/Documents/Antigravity projects/thermalDFU/IEE data port(original)/ThermoDataBase(IEE data port)/ThermoDataBase/DM Group/DM030_F/Angiosoms/DM030_F_L_LPA.csv,28.2001419851,3768,valid,
DM030,L,MCA,/home/wenalz/Documents/Antigravity projects/thermalDFU/IEE data port(original)/ThermoDataBase(IEE data port)/ThermoDataBase/DM Group/DM030_F/Angiosoms/DM030_F_L_MCA.csv,28.4201742627,1119,valid,
DM030,L,MPA,/home/wenalz/Documents/Antigravity projects/thermalDFU/IEE data port(original)/ThermoDataBase(IEE data port)/ThermoDataBase/DM Group/DM030_F/Angiosoms/DM030_F_L_MPA.csv,28.7844279161,1526,valid,
DM030,R,LCA,/home/wenalz/Documents/Antigravity projects/thermalDFU/IEE data port(original)/ThermoDataBase(IEE data port)/ThermoDataBase/DM Group/DM030_F/Angiosoms/DM030_F_R_LCA.csv,27.7446474763,1268,valid,
DM030,R,LPA,/home/wenalz/Documents/Antigravity projects/thermalDFU/IEE data port(original)/ThermoDataBase(IEE data port)/ThermoDataBase/DM Group/DM030_F/Angiosoms/DM030_F_R_LPA.csv,28.6216599024,3893,valid,
DM030,R,MCA,/home/wenalz/Documents/Antigravity projects/thermalDFU/IEE data port(original)/ThermoDataBase(IEE data port)/ThermoDataBase/DM Group/DM030_F/Angiosoms/DM030_F_R_MCA.csv,28.0346432119,1208,valid,
DM030,R,MPA,/home/wenalz/Documents/Antigravity projects/thermalDFU/IEE data port(original)/ThermoDataBase(IEE data port)/ThermoDataBase/DM Group/DM030_F/Angiosoms/DM030_F_R_MPA.csv,29.5315681674,1577,valid,
DM031,L,LCA,/home/wenalz/Documents/Antigravity projects/thermalDFU/IEE data port(original)/ThermoDataBase(IEE data port)/ThermoDataBase/DM Group/DM031_F/Angiosoms/DM031_F_L_LCA.csv,30.8815521628,1572,valid,
DM031,L,LPA,/home/wenalz/Documents/Antigravity projects/thermalDFU/IEE data port(original)/ThermoDataBase(IEE data port)/ThermoDataBase/DM Group/DM031_F/Angiosoms/DM031_F_L_LPA.csv,32.2716573859,3879,valid,
DM031,L,MCA,/home/wenalz/Documents/Antigravity projects/thermalDFU/IEE data port(original)/ThermoDataBase(IEE data port)/ThermoDataBase/DM Group/DM031_F/Angiosoms/DM031_F_L_MCA.csv,31.4914771288,1421,valid,
DM031,L,MPA,/home/wenalz/Documents/Antigravity projects/thermalDFU/IEE data port(original)/ThermoDataBase(IEE data port)/ThermoDataBase/DM Group/DM031_F/Angiosoms/DM031_F_L_MPA.csv,31.0811638554,1245,valid,
DM031,R,LCA,/home/wenalz/Documents/Antigravity projects/thermalDFU/IEE data port(original)/ThermoDataBase(IEE data port)/ThermoDataBase/DM Group/DM031_F/Angiosoms/DM031_F_R_LCA.csv,30.8158083228,1586,valid,
DM031,R,LPA,/home/wenalz/Documents/Antigravity projects/thermalDFU/IEE data port(original)/ThermoDataBase(IEE data port)/ThermoDataBase/DM Group/DM031_F/Angiosoms/DM031_F_R_LPA.csv,30.113224665,4776,valid,
DM031,R,MCA,/home/wenalz/Documents/Antigravity projects/thermalDFU/IEE data port(original)/ThermoDataBase(IEE data port)/ThermoDataBase/DM Group/DM031_F/Angiosoms/DM031_F_R_MCA.csv,31.335750469,1599,valid,
DM031,R,MPA,/home/wenalz/Documents/Antigravity projects/thermalDFU/IEE data port(original)/ThermoDataBase(IEE data port)/ThermoDataBase/DM Group/DM031_F/Angiosoms/DM031_F_R_MPA.csv,29.7468122001,1459,valid,
DM032,L,LCA,/home/wenalz/Documents/Antigravity projects/thermalDFU/IEE data port(original)/ThermoDataBase(IEE data port)/ThermoDataBase/DM Group/DM032_M/Angiosoms/DM032_M_L_LCA.csv,29.4580865776,1721,valid,
DM032,L,LPA,/home/wenalz/Documents/Antigravity projects/thermalDFU/IEE data port(original)/ThermoDataBase(IEE data port)/ThermoDataBase/DM Group/DM032_M/Angiosoms/DM032_M_L_LPA.csv,32.1450849858,4236,valid,
DM032,L,MCA,/home/wenalz/Documents/Antigravity projects/thermalDFU/IEE data port(original)/ThermoDataBase(IEE data port)/ThermoDataBase/DM Group/DM032_M/Angiosoms/DM032_M_L_MCA.csv,29.3292300945,1482,valid,
DM032,L,MPA,/home/wenalz/Documents/Antigravity projects/thermalDFU/IEE data port(original)/ThermoDataBase(IEE data port)/ThermoDataBase/DM Group/DM032_M/Angiosoms/DM032_M_L_MPA.csv,32.5070366232,1611,valid,
DM032,R,LCA,/home/wenalz/Documents/Antigravity projects/thermalDFU/IEE data port(original)/ThermoDataBase(IEE data port)/ThermoDataBase/DM Group/DM032_M/Angiosoms/DM032_M_R_LCA.csv,30.0136927711,1660,valid,
DM032,R,LPA,/home/wenalz/Documents/Antigravity projects/thermalDFU/IEE data port(original)/ThermoDataBase(IEE data port)/ThermoDataBase/DM Group/DM032_M/Angiosoms/DM032_M_R_LPA.csv,33.8674137693,4343,valid,
DM032,R,MCA,/home/wenalz/Documents/Antigravity projects/thermalDFU/IEE data port(original)/ThermoDataBase(IEE data port)/ThermoDataBase/DM Group/DM032_M/Angiosoms/DM032_M_R_MCA.csv,29.8249069279,1429,valid,
DM032,R,MPA,/home/wenalz/Documents/Antigravity projects/thermalDFU/IEE data port(original)/ThermoDataBase(IEE data port)/ThermoDataBase/DM Group/DM032_M/Angiosoms/DM032_M_R_MPA.csv,34.1391585274,1331,valid,
DM033,L,LCA,/home/wenalz/Documents/Antigravity projects/thermalDFU/IEE data port(original)/ThermoDataBase(IEE data port)/ThermoDataBase/DM Group/DM033_M/Angiosoms/DM033_M_L_LCA.csv,23.1965582329,1245,valid,
DM033,L,LPA,/home/wenalz/Documents/Antigravity projects/thermalDFU/IEE data port(original)/ThermoDataBase(IEE data port)/ThermoDataBase/DM Group/DM033_M/Angiosoms/DM033_M_L_LPA.csv,23.9581114903,3516,valid,
DM033,L,MCA,/home/wenalz/Documents/Antigravity projects/thermalDFU/IEE data port(original)/ThermoDataBase(IEE data port)/ThermoDataBase/DM Group/DM033_M/Angiosoms/DM033_M_L_MCA.csv,23.4665244898,980,valid,
DM033,L,MPA,/home/wenalz/Documents/Antigravity projects/thermalDFU/IEE data port(original)/ThermoDataBase(IEE data port)/ThermoDataBase/DM Group/DM033_M/Angiosoms/DM033_M_L_MPA.csv,25.2808769947,1504,valid,
DM033,R,LCA,/home/wenalz/Documents/Antigravity projects/thermalDFU/IEE data port(original)/ThermoDataBase(IEE data port)/ThermoDataBase/DM Group/DM033_M/Angiosoms/DM033_M_R_LCA.csv,25.0890576923,1144,valid,
DM033,R,LPA,/home/wenalz/Documents/Antigravity projects/thermalDFU/IEE data port(original)/ThermoDataBase(IEE data port)/ThermoDataBase/DM Group/DM033_M/Angiosoms/DM033_M_R_LPA.csv,24.6963105606,3996,valid,
DM033,R,MCA,/home/wenalz/Documents/Antigravity projects/thermalDFU/IEE data port(original)/ThermoDataBase(IEE data port)/ThermoDataBase/DM Group/DM033_M/Angiosoms/DM033_M_R_MCA.csv,24.6155054264,1290,valid,
DM033,R,MPA,/home/wenalz/Documents/Antigravity projects/thermalDFU/IEE data port(original)/ThermoDataBase(IEE data port)/ThermoDataBase/DM Group/DM033_M/Angiosoms/DM033_M_R_MPA.csv,25.428223013,1686,valid,
DM034,L,LCA,/home/wenalz/Documents/Antigravity projects/thermalDFU/IEE data port(original)/ThermoDataBase(IEE data port)/ThermoDataBase/DM Group/DM034_F/Angiosoms/DM034_F_L_LCA.csv,30.2100212483,1506,valid,
DM034,L,LPA,/home/wenalz/Documents/Antigravity projects/thermalDFU/IEE data port(original)/ThermoDataBase(IEE data port)/ThermoDataBase/DM Group/DM034_F/Angiosoms/DM034_F_L_LPA.csv,31.8463319363,4772,valid,
DM034,L,MCA,/home/wenalz/Documents/Antigravity projects/thermalDFU/IEE data port(original)/ThermoDataBase(IEE data port)/ThermoDataBase/DM Group/DM034_F/Angiosoms/DM034_F_L_MCA.csv,30.6778941954,1361,valid,
DM034,L,MPA,/home/wenalz/Documents/Antigravity projects/thermalDFU/IEE data port(original)/ThermoDataBase(IEE data port)/ThermoDataBase/DM Group/DM034_F/Angiosoms/DM034_F_L_MPA.csv,32.1120215,2000,valid,
DM034,R,LCA,/home/wenalz/Documents/Antigravity projects/thermalDFU/IEE data port(original)/ThermoDataBase(IEE data port)/ThermoDataBase/DM Group/DM034_F/Angiosoms/DM034_F_R_LCA.csv,29.4221370815,1583,valid,
DM034,R,LPA,/home/wenalz/Documents/Antigravity projects/thermalDFU/IEE data port(original)/ThermoDataBase(IEE data port)/ThermoDataBase/DM Group/DM034_F/Angiosoms/DM034_F_R_LPA.csv,31.4170193814,4850,valid,
DM034,R,MCA,/home/wenalz/Documents/Antigravity projects/thermalDFU/IEE data port(original)/ThermoDataBase(IEE data port)/ThermoDataBase/DM Group/DM034_F/Angiosoms/DM034_F_R_MCA.csv,29.9824179207,1462,valid,
DM034,R,MPA,/home/wenalz/Documents/Antigravity projects/thermalDFU/IEE data port(original)/ThermoDataBase(IEE data port)/ThermoDataBase/DM Group/DM034_F/Angiosoms/DM034_F_R_MPA.csv,31.4963590957,1902,valid,
DM035,L,LCA,/home/wenalz/Documents/Antigravity projects/thermalDFU/IEE data port(original)/ThermoDataBase(IEE data port)/ThermoDataBase/DM Group/DM035_F/Angiosoms/DM035_F_L_LCA.csv,29.392985803,1127,valid,
DM035,L,LPA,/home/wenalz/Documents/Antigravity projects/thermalDFU/IEE data port(original)/ThermoDataBase(IEE data port)/ThermoDataBase/DM Group/DM035_F/Angiosoms/DM035_F_L_LPA.csv,31.0791041602,3197,valid,
DM035,L,MCA,/home/wenalz/Documents/Antigravity projects/thermalDFU/IEE data port(original)/ThermoDataBase(IEE data port)/ThermoDataBase/DM Group/DM035_F/Angiosoms/DM035_F_L_MCA.csv,29.2698104651,860,valid,
DM035,L,MPA,/home/wenalz/Documents/Antigravity projects/thermalDFU/IEE data port(original)/ThermoDataBase(IEE data port)/ThermoDataBase/DM Group/DM035_F/Angiosoms/DM035_F_L_MPA.csv,31.7877699605,1265,valid,
DM035,R,LCA,/home/wenalz/Documents/Antigravity projects/thermalDFU/IEE data port(original)/ThermoDataBase(IEE data port)/ThermoDataBase/DM Group/DM035_F/Angiosoms/DM035_F_R_LCA.csv,28.5036344713,1201,valid,
DM035,R,LPA,/home/wenalz/Documents/Antigravity projects/thermalDFU/IEE data port(original)/ThermoDataBase(IEE data port)/ThermoDataBase/DM Group/DM035_F/Angiosoms/DM035_F_R_LPA.csv,29.0153849679,3273,valid,
DM035,R,MCA,/home/wenalz/Documents/Antigravity projects/thermalDFU/IEE data port(original)/ThermoDataBase(IEE data port)/ThermoDataBase/DM Group/DM035_F/Angiosoms/DM035_F_R_MCA.csv,29.235875,904,valid,
DM035,R,MPA,/home/wenalz/Documents/Antigravity projects/thermalDFU/IEE data port(original)/ThermoDataBase(IEE data port)/ThermoDataBase/DM Group/DM035_F/Angiosoms/DM035_F_R_MPA.csv,29.9711134259,1296,valid,
DM036,L,LCA,/home/wenalz/Documents/Antigravity projects/thermalDFU/IEE data port(original)/ThermoDataBase(IEE data port)/ThermoDataBase/DM Group/DM036_M/Angiosoms/DM036_M_L_LCA.csv,30.4933736474,1571,valid,
DM036,L,LPA,/home/wenalz/Documents/Antigravity projects/thermalDFU/IEE data port(original)/ThermoDataBase(IEE data port)/ThermoDataBase/DM Group/DM036_M/Angiosoms/DM036_M_L_LPA.csv,32.7481552097,4626,valid,
DM036,L,MCA,/home/wenalz/Documents/Antigravity projects/thermalDFU/IEE data port(original)/ThermoDataBase(IEE data port)/ThermoDataBase/DM Group/DM036_M/Angiosoms/DM036_M_L_MCA.csv,30.3332324291,1622,valid,
DM036,L,MPA,/home/wenalz/Documents/Antigravity projects/thermalDFU/IEE data port(original)/ThermoDataBase(IEE data port)/ThermoDataBase/DM Group/DM036_M/Angiosoms/DM036_M_L_MPA.csv,32.5902697882,1794,valid,
DM036,R,LCA,/home/wenalz/Documents/Antigravity projects/thermalDFU/IEE data port(original)/ThermoDataBase(IEE data port)/ThermoDataBase/DM Group/DM036_M/Angiosoms/DM036_M_R_LCA.csv,31.0994047765,1633,valid,
DM036,R,LPA,/home/wenalz/Documents/Antigravity projects/thermalDFU/IEE data port(original)/ThermoDataBase(IEE data port)/ThermoDataBase/DM Group/DM036_M/Angiosoms/DM036_M_R_LPA.csv,33.0257404136,4981,valid,
DM036,R,MCA,/home/wenalz/Documents/Antigravity projects/thermalDFU/IEE data port(original)/ThermoDataBase(IEE data port)/ThermoDataBase/DM Group/DM036_M/Angiosoms/DM036_M_R_MCA.csv,31.6899346231,1499,valid,
DM036,R,MPA,/home/wenalz/Documents/Antigravity projects/thermalDFU/IEE data port(original)/ThermoDataBase(IEE data port)/ThermoDataBase/DM Group/DM036_M/Angiosoms/DM036_M_R_MPA.csv,33.3120887781,2005,valid,
DM037,L,LCA,/home/wenalz/Documents/Antigravity projects/thermalDFU/IEE data port(original)/ThermoDataBase(IEE data port)/ThermoDataBase/DM Group/DM037_F/Angiosoms/DM037_F_L_LCA.csv,24.4464289128,837,valid,
DM037,L,LPA,/home/wenalz/Documents/Antigravity projects/thermalDFU/IEE data port(original)/ThermoDataBase(IEE data port)/ThermoDataBase/DM Group/DM037_F/Angiosoms/DM037_F_L_LPA.csv,23.6983594104,2646,valid,
DM037,L,MCA,/home/wenalz/Documents/Antigravity projects/thermalDFU/IEE data port(original)/ThermoDataBase(IEE data port)/ThermoDataBase/DM Group/DM037_F/Angiosoms/DM037_F_L_MCA.csv,24.6050952381,504,valid,
DM037,L,MPA,/home/wenalz/Documents/Antigravity projects/thermalDFU/IEE data port(original)/ThermoDataBase(IEE data port)/ThermoDataBase/DM Group/DM037_F/Angiosoms/DM037_F_L_MPA.csv,24.0369957627,944,valid,
DM037,R,LCA,/home/wenalz/Documents/Antigravity projects/thermalDFU/IEE data port(original)/ThermoDataBase(IEE data port)/ThermoDataBase/DM Group/DM037_F/Angiosoms/DM037_F_R_LCA.csv,24.439494877,976,valid,
DM037,R,LPA,/home/wenalz/Documents/Antigravity projects/thermalDFU/IEE data port(original)/ThermoDataBase(IEE data port)/ThermoDataBase/DM Group/DM037_F/Angiosoms/DM037_F_R_LPA.csv,24.4688125811,3084,valid,
DM037,R,MCA,/home/wenalz/Documents/Antigravity projects/thermalDFU/IEE data port(original)/ThermoDataBase(IEE data port)/ThermoDataBase/DM Group/DM037_F/Angiosoms/DM037_F_R_MCA.csv,24.5607268519,864,valid,
DM037,R,MPA,/home/wenalz/Documents/Antigravity projects/thermalDFU/IEE data port(original)/ThermoDataBase(IEE data port)/ThermoDataBase/DM Group/DM037_F/Angiosoms/DM037_F_R_MPA.csv,24.8600510397,1058,valid,
DM038,L,LCA,/home/wenalz/Documents/Antigravity projects/thermalDFU/IEE data port(original)/ThermoDataBase(IEE data port)/ThermoDataBase/DM Group/DM038_F/Angiosoms/DM038_F_L_LCA.csv,29.0354284153,915,valid,
DM038,L,LPA,/home/wenalz/Documents/Antigravity projects/thermalDFU/IEE data port(original)/ThermoDataBase(IEE data port)/ThermoDataBase/DM Group/DM038_F/Angiosoms/DM038_F_L_LPA.csv,30.9619937326,2872,valid,
DM038,L,MCA,/home/wenalz/Documents/Antigravity projects/thermalDFU/IEE data port(original)/ThermoDataBase(IEE data port)/ThermoDataBase/DM Group/DM038_F/Angiosoms/DM038_F_L_MCA.csv,29.3465520408,980,valid,
DM038,L,MPA,/home/wenalz/Documents/Antigravity projects/thermalDFU/IEE data port(original)/ThermoDataBase(IEE data port)/ThermoDataBase/DM Group/DM038_F/Angiosoms/DM038_F_L_MPA.csv,31.0922631579,1235,valid,
DM038,R,LCA,/home/wenalz/Documents/Antigravity projects/thermalDFU/IEE data port(original)/ThermoDataBase(IEE data port)/ThermoDataBase/DM Group/DM038_F/Angiosoms/DM038_F_R_LCA.csv,28.7858201439,1112,valid,
DM038,R,LPA,/home/wenalz/Documents/Antigravity projects/thermalDFU/IEE data port(original)/ThermoDataBase(IEE data port)/ThermoDataBase/DM Group/DM038_F/Angiosoms/DM038_F_R_LPA.csv,30.7475611368,3026,valid,
DM038,R,MCA,/home/wenalz/Documents/Antigravity projects/thermalDFU/IEE data port(original)/ThermoDataBase(IEE data port)/ThermoDataBase/DM Group/DM038_F/Angiosoms/DM038_F_R_MCA.csv,29.0413924205,818,valid,
DM038,R,MPA,/home/wenalz/Documents/Antigravity projects/thermalDFU/IEE data port(original)/ThermoDataBase(IEE data port)/ThermoDataBase/DM Group/DM038_F/Angiosoms/DM038_F_R_MPA.csv,31.0067324525,1211,valid,
DM039,L,LCA,/home/wenalz/Documents/Antigravity projects/thermalDFU/IEE data port(original)/ThermoDataBase(IEE data port)/ThermoDataBase/DM Group/DM039_M/Angiosoms/DM039_M_L_LCA.csv,30.5865035318,991,valid,
DM039,L,LPA,/home/wenalz/Documents/Antigravity projects/thermalDFU/IEE data port(original)/ThermoDataBase(IEE data port)/ThermoDataBase/DM Group/DM039_M/Angiosoms/DM039_M_L_LPA.csv,31.1035822368,2736,valid,
DM039,L,MCA,/home/wenalz/Documents/Antigravity projects/thermalDFU/IEE data port(original)/ThermoDataBase(IEE data port)/ThermoDataBase/DM Group/DM039_M/Angiosoms/DM039_M_L_MCA.csv,30.8381764706,646,valid,
DM039,L,MPA,/home/wenalz/Documents/Antigravity projects/thermalDFU/IEE data port(original)/ThermoDataBase(IEE data port)/ThermoDataBase/DM Group/DM039_M/Angiosoms/DM039_M_L_MPA.csv,30.8694235075,1072,valid,
DM039,R,LCA,/home/wenalz/Documents/Antigravity projects/thermalDFU/IEE data port(original)/ThermoDataBase(IEE data port)/ThermoDataBase/DM Group/DM039_M/Angiosoms/DM039_M_R_LCA.csv,30.6311927593,1022,valid,
DM039,R,LPA,/home/wenalz/Documents/Antigravity projects/thermalDFU/IEE data port(original)/ThermoDataBase(IEE data port)/ThermoDataBase/DM Group/DM039_M/Angiosoms/DM039_M_R_LPA.csv,31.4486144337,2993,valid,
DM039,R,MCA,/home/wenalz/Documents/Antigravity projects/thermalDFU/IEE data port(original)/ThermoDataBase(IEE data port)/ThermoDataBase/DM Group/DM039_M/Angiosoms/DM039_M_R_MCA.csv,30.8352826087,782,valid,
DM039,R,MPA,/home/wenalz/Documents/Antigravity projects/thermalDFU/IEE data port(original)/ThermoDataBase(IEE data port)/ThermoDataBase/DM Group/DM039_M/Angiosoms/DM039_M_R_MPA.csv,31.0956374046,1048,valid,
DM040,L,LCA,/home/wenalz/Documents/Antigravity projects/thermalDFU/IEE data port(original)/ThermoDataBase(IEE data port)/ThermoDataBase/DM Group/DM040_F/Angiosoms/DM040_F_L_LCA.csv,31.9378104738,802,valid,
DM040,L,LPA,/home/wenalz/Documents/Antigravity projects/thermalDFU/IEE data port(original)/ThermoDataBase(IEE data port)/ThermoDataBase/DM Group/DM040_F/Angiosoms/DM040_F_L_LPA.csv,32.2352169478,2549,valid,
DM040,L,MCA,/home/wenalz/Documents/Antigravity projects/thermalDFU/IEE data port(original)/ThermoDataBase(IEE data port)/ThermoDataBase/DM Group/DM040_F/Angiosoms/DM040_F_L_MCA.csv,32.2112756892,798,valid,
DM040,L,MPA,/home/wenalz/Documents/Antigravity projects/thermalDFU/IEE data port(original)/ThermoDataBase(IEE data port)/ThermoDataBase/DM Group/DM040_F/Angiosoms/DM040_F_L_MPA.csv,32.2494880829,965,valid,
DM040,R,LCA,/home/wenalz/Documents/Antigravity projects/thermalDFU/IEE data port(original)/ThermoDataBase(IEE data port)/ThermoDataBase/DM Group/DM040_F/Angiosoms/DM040_F_R_LCA.csv,31.7757935484,775,valid,
DM040,R,LPA,/home/wenalz/Documents/Antigravity projects/thermalDFU/IEE data port(original)/ThermoDataBase(IEE data port)/ThermoDataBase/DM Group/DM040_F/Angiosoms/DM040_F_R_LPA.csv,32.849130629,2687,valid,
DM040,R,MCA,/home/wenalz/Documents/Antigravity projects/thermalDFU/IEE data port(original)/ThermoDataBase(IEE data port)/ThermoDataBase/DM Group/DM040_F/Angiosoms/DM040_F_R_MCA.csv,32.2543167053,862,valid,
DM040,R,MPA,/home/wenalz/Documents/Antigravity projects/thermalDFU/IEE data port(original)/ThermoDataBase(IEE data port)/ThermoDataBase/DM Group/DM040_F/Angiosoms/DM040_F_R_MPA.csv,32.8716993144,1021,valid,
DM041,L,LCA,/home/wenalz/Documents/Antigravity projects/thermalDFU/IEE data port(original)/ThermoDataBase(IEE data port)/ThermoDataBase/DM Group/DM041_M/Angiosoms/DM041_M_L_LCA.csv,30.6940510006,1549,valid,
DM041,L,LPA,/home/wenalz/Documents/Antigravity projects/thermalDFU/IEE data port(original)/ThermoDataBase(IEE data port)/ThermoDataBase/DM Group/DM041_M/Angiosoms/DM041_M_L_LPA.csv,32.1746293561,4333,valid,
DM041,L,MCA,/home/wenalz/Documents/Antigravity projects/thermalDFU/IEE data port(original)/ThermoDataBase(IEE data port)/ThermoDataBase/DM Group/DM041_M/Angiosoms/DM041_M_L_MCA.csv,31.0418895391,1367,valid,
DM041,L,MPA,/home/wenalz/Documents/Antigravity projects/thermalDFU/IEE data port(original)/ThermoDataBase(IEE data port)/ThermoDataBase/DM Group/DM041_M/Angiosoms/DM041_M_L_MPA.csv,32.2384712362,1634,valid,
DM041,R,LCA,/home/wenalz/Documents/Antigravity projects/thermalDFU/IEE data port(original)/ThermoDataBase(IEE data port)/ThermoDataBase/DM Group/DM041_M/Angiosoms/DM041_M_R_LCA.csv,30.1815419034,1408,valid,
DM041,R,LPA,/home/wenalz/Documents/Antigravity projects/thermalDFU/IEE data port(original)/ThermoDataBase(IEE data port)/ThermoDataBase/DM Group/DM041_M/Angiosoms/DM041_M_R_LPA.csv,31.759252634,4366,valid,
DM041,R,MCA,/home/wenalz/Documents/Antigravity projects/thermalDFU/IEE data port(original)/ThermoDataBase(IEE data port)/ThermoDataBase/DM Group/DM041_M/Angiosoms/DM041_M_R_MCA.csv,30.6334609774,1371,valid,
DM041,R,MPA,/home/wenalz/Documents/Antigravity projects/thermalDFU/IEE data port(original)/ThermoDataBase(IEE data port)/ThermoDataBase/DM Group/DM041_M/Angiosoms/DM041_M_R_MPA.csv,31.9589314041,1866,valid,
DM042,L,LCA,/home/wenalz/Documents/Antigravity projects/thermalDFU/IEE data port(original)/ThermoDataBase(IEE data port)/ThermoDataBase/DM Group/DM042_F/Angiosoms/DM042_F_L_LCA.csv,31.1514829352,1172,valid,
DM042,L,LPA,/home/wenalz/Documents/Antigravity projects/thermalDFU/IEE data port(original)/ThermoDataBase(IEE data port)/ThermoDataBase/DM Group/DM042_F/Angiosoms/DM042_F_L_LPA.csv,30.9077044714,3377,valid,
DM042,L,MCA,/home/wenalz/Documents/Antigravity projects/thermalDFU/IEE data port(original)/ThermoDataBase(IEE data port)/ThermoDataBase/DM Group/DM042_F/Angiosoms/DM042_F_L_MCA.csv,31.1531001043,959,valid,
DM042,L,MPA,/home/wenalz/Documents/Antigravity projects/thermalDFU/IEE data port(original)/ThermoDataBase(IEE data port)/ThermoDataBase/DM Group/DM042_F/Angiosoms/DM042_F_L_MPA.csv,31.3904417758,1374,valid,
DM042,R,LCA,/home/wenalz/Documents/Antigravity projects/thermalDFU/IEE data port(original)/ThermoDataBase(IEE data port)/ThermoDataBase/DM Group/DM042_F/Angiosoms/DM042_F_R_LCA.csv,30.8433145581,1154,valid,
DM042,R,LPA,/home/wenalz/Documents/Antigravity projects/thermalDFU/IEE data port(original)/ThermoDataBase(IEE data port)/ThermoDataBase/DM Group/DM042_F/Angiosoms/DM042_F_R_LPA.csv,31.2132379534,3694,valid,
DM042,R,MCA,/home/wenalz/Documents/Antigravity projects/thermalDFU/IEE data port(original)/ThermoDataBase(IEE data port)/ThermoDataBase/DM Group/DM042_F/Angiosoms/DM042_F_R_MCA.csv,30.8920471294,1167,valid,
DM042,R,MPA,/home/wenalz/Documents/Antigravity projects/thermalDFU/IEE data port(original)/ThermoDataBase(IEE data port)/ThermoDataBase/DM Group/DM042_F/Angiosoms/DM042_F_R_MPA.csv,31.5022249284,1396,valid,
DM043,L,LCA,/home/wenalz/Documents/Antigravity projects/thermalDFU/IEE data port(original)/ThermoDataBase(IEE data port)/ThermoDataBase/DM Group/DM043_M/Angiosoms/DM043_M_L_LCA.csv,29.9154646393,1414,valid,
DM043,L,LPA,/home/wenalz/Documents/Antigravity projects/thermalDFU/IEE data port(original)/ThermoDataBase(IEE data port)/ThermoDataBase/DM Group/DM043_M/Angiosoms/DM043_M_L_LPA.csv,31.6893175866,3895,valid,
DM043,L,MCA,/home/wenalz/Documents/Antigravity projects/thermalDFU/IEE data port(original)/ThermoDataBase(IEE data port)/ThermoDataBase/DM Group/DM043_M/Angiosoms/DM043_M_L_MCA.csv,30.0034827586,1189,valid,
DM043,L,MPA,/home/wenalz/Documents/Antigravity projects/thermalDFU/IEE data port(original)/ThermoDataBase(IEE data port)/ThermoDataBase/DM Group/DM043_M/Angiosoms/DM043_M_L_MPA.csv,32.1356207524,1648,valid,
DM043,R,LCA,/home/wenalz/Documents/Antigravity projects/thermalDFU/IEE data port(original)/ThermoDataBase(IEE data port)/ThermoDataBase/DM Group/DM043_M/Angiosoms/DM043_M_R_LCA.csv,29.0008857616,1208,valid,
DM043,R,LPA,/home/wenalz/Documents/Antigravity projects/thermalDFU/IEE data port(original)/ThermoDataBase(IEE data port)/ThermoDataBase/DM Group/DM043_M/Angiosoms/DM043_M_R_LPA.csv,30.2733125425,4409,valid,
DM043,R,MCA,/home/wenalz/Documents/Antigravity projects/thermalDFU/IEE data port(original)/ThermoDataBase(IEE data port)/ThermoDataBase/DM Group/DM043_M/Angiosoms/DM043_M_R_MCA.csv,28.9384992593,1350,valid,
DM043,R,MPA,/home/wenalz/Documents/Antigravity projects/thermalDFU/IEE data port(original)/ThermoDataBase(IEE data port)/ThermoDataBase/DM Group/DM043_M/Angiosoms/DM043_M_R_MPA.csv,30.5781539763,1773,valid,
DM044,L,LCA,/home/wenalz/Documents/Antigravity projects/thermalDFU/IEE data port(original)/ThermoDataBase(IEE data port)/ThermoDataBase/DM Group/DM044_F/Angiosoms/DM044_F_L_LCA.csv,26.1886173657,1359,valid,
DM044,L,LPA,/home/wenalz/Documents/Antigravity projects/thermalDFU/IEE data port(original)/ThermoDataBase(IEE data port)/ThermoDataBase/DM Group/DM044_F/Angiosoms/DM044_F_L_LPA.csv,26.5882976401,3390,valid,
DM044,L,MCA,/home/wenalz/Documents/Antigravity projects/thermalDFU/IEE data port(original)/ThermoDataBase(IEE data port)/ThermoDataBase/DM Group/DM044_F/Angiosoms/DM044_F_L_MCA.csv,26.3378695652,782,valid,
DM044,L,MPA,/home/wenalz/Documents/Antigravity projects/thermalDFU/IEE data port(original)/ThermoDataBase(IEE data port)/ThermoDataBase/DM Group/DM044_F/Angiosoms/DM044_F_L_MPA.csv,27.3187811189,1430,valid,
DM044,R,LCA,/home/wenalz/Documents/Antigravity projects/thermalDFU/IEE data port(original)/ThermoDataBase(IEE data port)/ThermoDataBase/DM Group/DM044_F/Angiosoms/DM044_F_R_LCA.csv,26.3914523991,1313,valid,
DM044,R,LPA,/home/wenalz/Documents/Antigravity projects/thermalDFU/IEE data port(original)/ThermoDataBase(IEE data port)/ThermoDataBase/DM Group/DM044_F/Angiosoms/DM044_F_R_LPA.csv,25.6338239113,3697,valid,
DM044,R,MCA,/home/wenalz/Documents/Antigravity projects/thermalDFU/IEE data port(original)/ThermoDataBase(IEE data port)/ThermoDataBase/DM Group/DM044_F/Angiosoms/DM044_F_R_MCA.csv,26.5104304047,1013,valid,
DM044,R,MPA,/home/wenalz/Documents/Antigravity projects/thermalDFU/IEE data port(original)/ThermoDataBase(IEE data port)/ThermoDataBase/DM Group/DM044_F/Angiosoms/DM044_F_R_MPA.csv,25.5120797679,1379,valid,
DM045,L,LCA,/home/wenalz/Documents/Antigravity projects/thermalDFU/IEE data port(original)/ThermoDataBase(IEE data port)/ThermoDataBase/DM Group/DM045_F/Angiosoms/DM045_F_L_LCA.csv,29.5558449675,1232,valid,
DM045,L,LPA,/home/wenalz/Documents/Antigravity projects/thermalDFU/IEE data port(original)/ThermoDataBase(IEE data port)/ThermoDataBase/DM Group/DM045_F/Angiosoms/DM045_F_L_LPA.csv,30.2495496743,3684,valid,
DM045,L,MCA,/home/wenalz/Documents/Antigravity projects/thermalDFU/IEE data port(original)/ThermoDataBase(IEE data port)/ThermoDataBase/DM Group/DM045_F/Angiosoms/DM045_F_L_MCA.csv,29.8123745583,1132,valid,
DM045,L,MPA,/home/wenalz/Documents/Antigravity projects/thermalDFU/IEE data port(original)/ThermoDataBase(IEE data port)/ThermoDataBase/DM Group/DM045_F/Angiosoms/DM045_F_L_MPA.csv,30.105696472,1644,valid,
DM045,R,LCA,/home/wenalz/Documents/Antigravity projects/thermalDFU/IEE data port(original)/ThermoDataBase(IEE data port)/ThermoDataBase/DM Group/DM045_F/Angiosoms/DM045_F_R_LCA.csv,30.0632197712,1224,valid,
DM045,R,LPA,/home/wenalz/Documents/Antigravity projects/thermalDFU/IEE data port(original)/ThermoDataBase(IEE data port)/ThermoDataBase/DM Group/DM045_F/Angiosoms/DM045_F_R_LPA.csv,30.8086443842,3321,valid,
DM045,R,MCA,/home/wenalz/Documents/Antigravity projects/thermalDFU/IEE data port(original)/ThermoDataBase(IEE data port)/ThermoDataBase/DM Group/DM045_F/Angiosoms/DM045_F_R_MCA.csv,30.0485700758,1056,valid,
DM045,R,MPA,/home/wenalz/Documents/Antigravity projects/thermalDFU/IEE data port(original)/ThermoDataBase(IEE data port)/ThermoDataBase/DM Group/DM045_F/Angiosoms/DM045_F_R_MPA.csv,30.6034838963,1273,valid,
DM046,L,LCA,/home/wenalz/Documents/Antigravity projects/thermalDFU/IEE data port(original)/ThermoDataBase(IEE data port)/ThermoDataBase/DM Group/DM046_M/Angiosoms/DM046_M_L_LCA.csv,29.6510376712,1168,valid,
DM046,L,LPA,/home/wenalz/Documents/Antigravity projects/thermalDFU/IEE data port(original)/ThermoDataBase(IEE data port)/ThermoDataBase/DM Group/DM046_M/Angiosoms/DM046_M_L_LPA.csv,29.6428494148,3845,valid,
DM046,L,MCA,/home/wenalz/Documents/Antigravity projects/thermalDFU/IEE data port(original)/ThermoDataBase(IEE data port)/ThermoDataBase/DM Group/DM046_M/Angiosoms/DM046_M_L_MCA.csv,29.8682185971,1226,valid,
DM046,L,MPA,/home/wenalz/Documents/Antigravity projects/thermalDFU/IEE data port(original)/ThermoDataBase(IEE data port)/ThermoDataBase/DM Group/DM046_M/Angiosoms/DM046_M_L_MPA.csv,30.1858032454,1479,valid,
DM046,R,LCA,/home/wenalz/Documents/Antigravity projects/thermalDFU/IEE data port(original)/ThermoDataBase(IEE data port)/ThermoDataBase/DM Group/DM046_M/Angiosoms/DM046_M_R_LCA.csv,31.0510639869,1219,valid,
DM046,R,LPA,/home/wenalz/Documents/Antigravity projects/thermalDFU/IEE data port(original)/ThermoDataBase(IEE data port)/ThermoDataBase/DM Group/DM046_M/Angiosoms/DM046_M_R_LPA.csv,32.3608968006,4157,valid,
DM046,R,MCA,/home/wenalz/Documents/Antigravity projects/thermalDFU/IEE data port(original)/ThermoDataBase(IEE data port)/ThermoDataBase/DM Group/DM046_M/Angiosoms/DM046_M_R_MCA.csv,31.3235621019,1256,valid,
DM046,R,MPA,/home/wenalz/Documents/Antigravity projects/thermalDFU/IEE data port(original)/ThermoDataBase(IEE data port)/ThermoDataBase/DM Group/DM046_M/Angiosoms/DM046_M_R_MPA.csv,32.3847488903,1577,valid,
DM047,L,LCA,/home/wenalz/Documents/Antigravity projects/thermalDFU/IEE data port(original)/ThermoDataBase(IEE data port)/ThermoDataBase/DM Group/DM047_F/Angiosoms/DM047_F_L_LCA.csv,32.0198485772,984,valid,
DM047,L,LPA,/home/wenalz/Documents/Antigravity projects/thermalDFU/IEE data port(original)/ThermoDataBase(IEE data port)/ThermoDataBase/DM Group/DM047_F/Angiosoms/DM047_F_L_LPA.csv,32.9823415504,3083,valid,
DM047,L,MCA,/home/wenalz/Documents/Antigravity projects/thermalDFU/IEE data port(original)/ThermoDataBase(IEE data port)/ThermoDataBase/DM Group/DM047_F/Angiosoms/DM047_F_L_MCA.csv,32.2359445565,992,valid,
DM047,L,MPA,/home/wenalz/Documents/Antigravity projects/thermalDFU/IEE data port(original)/ThermoDataBase(IEE data port)/ThermoDataBase/DM Group/DM047_F/Angiosoms/DM047_F_L_MPA.csv,33.4104464135,1185,valid,
DM047,R,LCA,/home/wenalz/Documents/Antigravity projects/thermalDFU/IEE data port(original)/ThermoDataBase(IEE data port)/ThermoDataBase/DM Group/DM047_F/Angiosoms/DM047_F_R_LCA.csv,33.3664138634,981,valid,
DM047,R,LPA,/home/wenalz/Documents/Antigravity projects/thermalDFU/IEE data port(original)/ThermoDataBase(IEE data port)/ThermoDataBase/DM Group/DM047_F/Angiosoms/DM047_F_R_LPA.csv,33.7576895794,3186,valid,
DM047,R,MCA,/home/wenalz/Documents/Antigravity projects/thermalDFU/IEE data port(original)/ThermoDataBase(IEE data port)/ThermoDataBase/DM Group/DM047_F/Angiosoms/DM047_F_R_MCA.csv,33.3865888372,1075,valid,
DM047,R,MPA,/home/wenalz/Documents/Antigravity projects/thermalDFU/IEE data port(original)/ThermoDataBase(IEE data port)/ThermoDataBase/DM Group/DM047_F/Angiosoms/DM047_F_R_MPA.csv,33.8115017301,1156,valid,
DM048,L,LCA,/home/wenalz/Documents/Antigravity projects/thermalDFU/IEE data port(original)/ThermoDataBase(IEE data port)/ThermoDataBase/DM Group/DM048_F/Angiosoms/DM048_F_L_LCA.csv,30.1770272628,917,valid,
DM048,L,LPA,/home/wenalz/Documents/Antigravity projects/thermalDFU/IEE data port(original)/ThermoDataBase(IEE data port)/ThermoDataBase/DM Group/DM048_F/Angiosoms/DM048_F_L_LPA.csv,30.9422979714,3007,valid,
DM048,L,MCA,/home/wenalz/Documents/Antigravity projects/thermalDFU/IEE data port(original)/ThermoDataBase(IEE data port)/ThermoDataBase/DM Group/DM048_F/Angiosoms/DM048_F_L_MCA.csv,30.6394182306,1119,valid,
DM048,L,MPA,/home/wenalz/Documents/Antigravity projects/thermalDFU/IEE data port(original)/ThermoDataBase(IEE data port)/ThermoDataBase/DM Group/DM048_F/Angiosoms/DM048_F_L_MPA.csv,31.334753304,1135,valid,
DM048,R,LCA,/home/wenalz/Documents/Antigravity projects/thermalDFU/IEE data port(original)/ThermoDataBase(IEE data port)/ThermoDataBase/DM Group/DM048_F/Angiosoms/DM048_F_R_LCA.csv,30.5087062635,926,valid,
DM048,R,LPA,/home/wenalz/Documents/Antigravity projects/thermalDFU/IEE data port(original)/ThermoDataBase(IEE data port)/ThermoDataBase/DM Group/DM048_F/Angiosoms/DM048_F_R_LPA.csv,30.5468848046,3455,valid,
DM048,R,MCA,/home/wenalz/Documents/Antigravity projects/thermalDFU/IEE data port(original)/ThermoDataBase(IEE data port)/ThermoDataBase/DM Group/DM048_F/Angiosoms/DM048_F_R_MCA.csv,30.8319768924,1255,valid,
DM048,R,MPA,/home/wenalz/Documents/Antigravity projects/thermalDFU/IEE data port(original)/ThermoDataBase(IEE data port)/ThermoDataBase/DM Group/DM048_F/Angiosoms/DM048_F_R_MPA.csv,31.4040417847,1412,valid,
DM049,L,LCA,/home/wenalz/Documents/Antigravity projects/thermalDFU/IEE data port(original)/ThermoDataBase(IEE data port)/ThermoDataBase/DM Group/DM049_F/Angiosoms/DM049_F_L_LCA.csv,26.320399652,1724,valid,
DM049,L,LPA,/home/wenalz/Documents/Antigravity projects/thermalDFU/IEE data port(original)/ThermoDataBase(IEE data port)/ThermoDataBase/DM Group/DM049_F/Angiosoms/DM049_F_L_LPA.csv,27.4746479543,4204,valid,
DM049,L,MCA,/home/wenalz/Documents/Antigravity projects/thermalDFU/IEE data port(original)/ThermoDataBase(IEE data port)/ThermoDataBase/DM Group/DM049_F/Angiosoms/DM049_F_L_MCA.csv,27.0059894481,1232,valid,
DM049,L,MPA,/home/wenalz/Documents/Antigravity projects/thermalDFU/IEE data port(original)/ThermoDataBase(IEE data port)/ThermoDataBase/DM Group/DM049_F/Angiosoms/DM049_F_L_MPA.csv,27.7464124923,1617,valid,
DM049,R,LCA,/home/wenalz/Documents/Antigravity projects/thermalDFU/IEE data port(original)/ThermoDataBase(IEE data port)/ThermoDataBase/DM Group/DM049_F/Angiosoms/DM049_F_R_LCA.csv,27.1627824296,1457,valid,
DM049,R,LPA,/home/wenalz/Documents/Antigravity projects/thermalDFU/IEE data port(original)/ThermoDataBase(IEE data port)/ThermoDataBase/DM Group/DM049_F/Angiosoms/DM049_F_R_LPA.csv,28.4670426113,4764,valid,
DM049,R,MCA,/home/wenalz/Documents/Antigravity projects/thermalDFU/IEE data port(original)/ThermoDataBase(IEE data port)/ThermoDataBase/DM Group/DM049_F/Angiosoms/DM049_F_R_MCA.csv,27.3011692433,1229,valid,
DM049,R,MPA,/home/wenalz/Documents/Antigravity projects/thermalDFU/IEE data port(original)/ThermoDataBase(IEE data port)/ThermoDataBase/DM Group/DM049_F/Angiosoms/DM049_F_R_MPA.csv,28.4539560198,1819,valid,
DM050,L,LCA,/home/wenalz/Documents/Antigravity projects/thermalDFU/IEE data port(original)/ThermoDataBase(IEE data port)/ThermoDataBase/DM Group/DM050_F/Angiosoms/DM050_F_L_LCA.csv,32.3255135685,1474,valid,
DM050,L,LPA,/home/wenalz/Documents/Antigravity projects/thermalDFU/IEE data port(original)/ThermoDataBase(IEE data port)/ThermoDataBase/DM Group/DM050_F/Angiosoms/DM050_F_L_LPA.csv,31.8335506897,4567,valid,
DM050,L,MCA,/home/wenalz/Documents/Antigravity projects/thermalDFU/IEE data port(original)/ThermoDataBase(IEE data port)/ThermoDataBase/DM Group/DM050_F/Angiosoms/DM050_F_L_MCA.csv,32.507017325,1443,valid,
DM050,L,MPA,/home/wenalz/Documents/Antigravity projects/thermalDFU/IEE data port(original)/ThermoDataBase(IEE data port)/ThermoDataBase/DM Group/DM050_F/Angiosoms/DM050_F_L_MPA.csv,32.3979938272,1620,valid,
DM050,R,LCA,/home/wenalz/Documents/Antigravity projects/thermalDFU/IEE data port(original)/ThermoDataBase(IEE data port)/ThermoDataBase/DM Group/DM050_F/Angiosoms/DM050_F_R_LCA.csv,32.2107970909,1375,valid,
DM050,R,LPA,/home/wenalz/Documents/Antigravity projects/thermalDFU/IEE data port(original)/ThermoDataBase(IEE data port)/ThermoDataBase/DM Group/DM050_F/Angiosoms/DM050_F_R_LPA.csv,32.0992442091,4533,valid,
DM050,R,MCA,/home/wenalz/Documents/Antigravity projects/thermalDFU/IEE data port(original)/ThermoDataBase(IEE data port)/ThermoDataBase/DM Group/DM050_F/Angiosoms/DM050_F_R_MCA.csv,32.3485018755,1333,valid,
DM050,R,MPA,/home/wenalz/Documents/Antigravity projects/thermalDFU/IEE data port(original)/ThermoDataBase(IEE data port)/ThermoDataBase/DM Group/DM050_F/Angiosoms/DM050_F_R_MPA.csv,32.4359594286,1750,valid,
DM051,L,LCA,/home/wenalz/Documents/Antigravity projects/thermalDFU/IEE data port(original)/ThermoDataBase(IEE data port)/ThermoDataBase/DM Group/DM051_F/Angiosoms/DM051_F_L_LCA.csv,28.7968755671,1543,valid,
DM051,L,LPA,/home/wenalz/Documents/Antigravity projects/thermalDFU/IEE data port(original)/ThermoDataBase(IEE data port)/ThermoDataBase/DM Group/DM051_F/Angiosoms/DM051_F_L_LPA.csv,29.1191340524,3245,valid,
DM051,L,MCA,/home/wenalz/Documents/Antigravity projects/thermalDFU/IEE data port(original)/ThermoDataBase(IEE data port)/ThermoDataBase/DM Group/DM051_F/Angiosoms/DM051_F_L_MCA.csv,28.7966575682,806,valid,
DM051,L,MPA,/home/wenalz/Documents/Antigravity projects/thermalDFU/IEE data port(original)/ThermoDataBase(IEE data port)/ThermoDataBase/DM Group/DM051_F/Angiosoms/DM051_F_L_MPA.csv,29.5382026432,1362,valid,
DM051,R,LCA,/home/wenalz/Documents/Antigravity projects/thermalDFU/IEE data port(original)/ThermoDataBase(IEE data port)/ThermoDataBase/DM Group/DM051_F/Angiosoms/DM051_F_R_LCA.csv,28.4755665977,1449,valid,
DM051,R,LPA,/home/wenalz/Documents/Antigravity projects/thermalDFU/IEE data port(original)/ThermoDataBase(IEE data port)/ThermoDataBase/DM Group/DM051_F/Angiosoms/DM051_F_R_LPA.csv,28.3436552863,3632,valid,
DM051,R,MCA,/home/wenalz/Documents/Antigravity projects/thermalDFU/IEE data port(original)/ThermoDataBase(IEE data port)/ThermoDataBase/DM Group/DM051_F/Angiosoms/DM051_F_R_MCA.csv,28.5242816754,955,valid,
DM051,R,MPA,/home/wenalz/Documents/Antigravity projects/thermalDFU/IEE data port(original)/ThermoDataBase(IEE data port)/ThermoDataBase/DM Group/DM051_F/Angiosoms/DM051_F_R_MPA.csv,29.0072870992,1341,valid,
DM052,L,LCA,/home/wenalz/Documents/Antigravity projects/thermalDFU/IEE data port(original)/ThermoDataBase(IEE data port)/ThermoDataBase/DM Group/DM052_F/Angiosoms/DM052_F_L_LCA.csv,26.7735963235,1360,valid,
DM052,L,LPA,/home/wenalz/Documents/Antigravity projects/thermalDFU/IEE data port(original)/ThermoDataBase(IEE data port)/ThermoDataBase/DM Group/DM052_F/Angiosoms/DM052_F_L_LPA.csv,29.3805957278,3792,valid,
DM052,L,MCA,/home/wenalz/Documents/Antigravity projects/thermalDFU/IEE data port(original)/ThermoDataBase(IEE data port)/ThermoDataBase/DM Group/DM052_F/Angiosoms/DM052_F_L_MCA.csv,27.4714786945,1103,valid,
DM052,L,MPA,/home/wenalz/Documents/Antigravity projects/thermalDFU/IEE data port(original)/ThermoDataBase(IEE data port)/ThermoDataBase/DM Group/DM052_F/Angiosoms/DM052_F_L_MPA.csv,29.5185192308,1664,valid,
DM052,R,LCA,/home/wenalz/Documents/Antigravity projects/thermalDFU/IEE data port(original)/ThermoDataBase(IEE data port)/ThermoDataBase/DM Group/DM052_F/Angiosoms/DM052_F_R_LCA.csv,26.9693438017,1210,valid,
DM052,R,LPA,/home/wenalz/Documents/Antigravity projects/thermalDFU/IEE data port(original)/ThermoDataBase(IEE data port)/ThermoDataBase/DM Group/DM052_F/Angiosoms/DM052_F_R_LPA.csv,29.4403135845,4034,valid,
DM052,R,MCA,/home/wenalz/Documents/Antigravity projects/thermalDFU/IEE data port(original)/ThermoDataBase(IEE data port)/ThermoDataBase/DM Group/DM052_F/Angiosoms/DM052_F_R_MCA.csv,27.5345691188,1237,valid,
DM052,R,MPA,/home/wenalz/Documents/Antigravity projects/thermalDFU/IEE data port(original)/ThermoDataBase(IEE data port)/ThermoDataBase/DM Group/DM052_F/Angiosoms/DM052_F_R_MPA.csv,29.5369454023,1740,valid,
DM053,L,LCA,/home/wenalz/Documents/Antigravity projects/thermalDFU/IEE data port(original)/ThermoDataBase(IEE data port)/ThermoDataBase/DM Group/DM053_M/Angiosoms/DM053_M_L_LCA.csv,25.8263662614,1316,valid,
DM053,L,LPA,/home/wenalz/Documents/Antigravity projects/thermalDFU/IEE data port(original)/ThermoDataBase(IEE data port)/ThermoDataBase/DM Group/DM053_M/Angiosoms/DM053_M_L_LPA.csv,25.9271086142,3738,valid,
DM053,L,MCA,/home/wenalz/Documents/Antigravity projects/thermalDFU/IEE data port(original)/ThermoDataBase(IEE data port)/ThermoDataBase/DM Group/DM053_M/Angiosoms/DM053_M_L_MCA.csv,26.158611244,836,valid,
DM053,L,MPA,/home/wenalz/Documents/Antigravity projects/thermalDFU/IEE data port(original)/ThermoDataBase(IEE data port)/ThermoDataBase/DM Group/DM053_M/Angiosoms/DM053_M_L_MPA.csv,25.7734865031,1630,valid,
DM053,R,LCA,/home/wenalz/Documents/Antigravity projects/thermalDFU/IEE data port(original)/ThermoDataBase(IEE data port)/ThermoDataBase/DM Group/DM053_M/Angiosoms/DM053_M_R_LCA.csv,27.5017660148,1483,valid,
DM053,R,LPA,/home/wenalz/Documents/Antigravity projects/thermalDFU/IEE data port(original)/ThermoDataBase(IEE data port)/ThermoDataBase/DM Group/DM053_M/Angiosoms/DM053_M_R_LPA.csv,26.8471657795,3945,valid,
DM053,R,MCA,/home/wenalz/Documents/Antigravity projects/thermalDFU/IEE data port(original)/ThermoDataBase(IEE data port)/ThermoDataBase/DM Group/DM053_M/Angiosoms/DM053_M_R_MCA.csv,27.2533619143,1003,valid,
DM053,R,MPA,/home/wenalz/Documents/Antigravity projects/thermalDFU/IEE data port(original)/ThermoDataBase(IEE data port)/ThermoDataBase/DM Group/DM053_M/Angiosoms/DM053_M_R_MPA.csv,26.7945307798,1462,valid,
DM054,L,LCA,/home/wenalz/Documents/Antigravity projects/thermalDFU/IEE data port(original)/ThermoDataBase(IEE data port)/ThermoDataBase/DM Group/DM054_F/Angiosoms/DM054_F_L_LCA.csv,28.2508911253,1093,valid,
DM054,L,LPA,/home/wenalz/Documents/Antigravity projects/thermalDFU/IEE data port(original)/ThermoDataBase(IEE data port)/ThermoDataBase/DM Group/DM054_F/Angiosoms/DM054_F_L_LPA.csv,29.2274520958,3006,valid,
DM054,L,MCA,/home/wenalz/Documents/Antigravity projects/thermalDFU/IEE data port(original)/ThermoDataBase(IEE data port)/ThermoDataBase/DM Group/DM054_F/Angiosoms/DM054_F_L_MCA.csv,28.4453288509,818,valid,
DM054,L,MPA,/home/wenalz/Documents/Antigravity projects/thermalDFU/IEE data port(original)/ThermoDataBase(IEE data port)/ThermoDataBase/DM Group/DM054_F/Angiosoms/DM054_F_L_MPA.csv,28.9235881849,1168,valid,
DM054,R,LCA,/home/wenalz/Documents/Antigravity projects/thermalDFU/IEE data port(original)/ThermoDataBase(IEE data port)/ThermoDataBase/DM Group/DM054_F/Angiosoms/DM054_F_R_LCA.csv,28.3479666081,1138,valid,
DM054,R,LPA,/home/wenalz/Documents/Antigravity projects/thermalDFU/IEE data port(original)/ThermoDataBase(IEE data port)/ThermoDataBase/DM Group/DM054_F/Angiosoms/DM054_F_R_LPA.csv,29.2187860327,3365,valid,
DM054,R,MCA,/home/wenalz/Documents/Antigravity projects/thermalDFU/IEE data port(original)/ThermoDataBase(IEE data port)/ThermoDataBase/DM Group/DM054_F/Angiosoms/DM054_F_R_MCA.csv,28.1715954106,828,valid,
DM054,R,MPA,/home/wenalz/Documents/Antigravity projects/thermalDFU/IEE data port(original)/ThermoDataBase(IEE data port)/ThermoDataBase/DM Group/DM054_F/Angiosoms/DM054_F_R_MPA.csv,28.9215485437,1236,valid,
DM055,L,LCA,/home/wenalz/Documents/Antigravity projects/thermalDFU/IEE data port(original)/ThermoDataBase(IEE data port)/ThermoDataBase/DM Group/DM055_F/Angiosoms/DM055_F_L_LCA.csv,31.217679402,1204,valid,
DM055,L,LPA,/home/wenalz/Documents/Antigravity projects/thermalDFU/IEE data port(original)/ThermoDataBase(IEE data port)/ThermoDataBase/DM Group/DM055_F/Angiosoms/DM055_F_L_LPA.csv,31.9188171465,3161,valid,
DM055,L,MCA,/home/wenalz/Documents/Antigravity projects/thermalDFU/IEE data port(original)/ThermoDataBase(IEE data port)/ThermoDataBase/DM Group/DM055_F/Angiosoms/DM055_F_L_MCA.csv,30.9542380952,903,valid,
DM055,L,MPA,/home/wenalz/Documents/Antigravity projects/thermalDFU/IEE data port(original)/ThermoDataBase(IEE data port)/ThermoDataBase/DM Group/DM055_F/Angiosoms/DM055_F_L_MPA.csv,31.981974337,1169,valid,
DM055,R,LCA,/home/wenalz/Documents/Antigravity projects/thermalDFU/IEE data port(original)/ThermoDataBase(IEE data port)/ThermoDataBase/DM Group/DM055_F/Angiosoms/DM055_F_R_LCA.csv,31.2306342957,1143,valid,
DM055,R,LPA,/home/wenalz/Documents/Antigravity projects/thermalDFU/IEE data port(original)/ThermoDataBase(IEE data port)/ThermoDataBase/DM Group/DM055_F/Angiosoms/DM055_F_R_LPA.csv,31.8114399261,3246,valid,
DM055,R,MCA,/home/wenalz/Documents/Antigravity projects/thermalDFU/IEE data port(original)/ThermoDataBase(IEE data port)/ThermoDataBase/DM Group/DM055_F/Angiosoms/DM055_F_R_MCA.csv,30.641744489,998,valid,
DM055,R,MPA,/home/wenalz/Documents/Antigravity projects/thermalDFU/IEE data port(original)/ThermoDataBase(IEE data port)/ThermoDataBase/DM Group/DM055_F/Angiosoms/DM055_F_R_MPA.csv,31.9975101874,1227,valid,
DM056,L,LCA,/home/wenalz/Documents/Antigravity projects/thermalDFU/IEE data port(original)/ThermoDataBase(IEE data port)/ThermoDataBase/DM Group/DM056_F/Angiosoms/DM056_F_L_LCA.csv,25.6961095642,1652,valid,
DM056,L,LPA,/home/wenalz/Documents/Antigravity projects/thermalDFU/IEE data port(original)/ThermoDataBase(IEE data port)/ThermoDataBase/DM Group/DM056_F/Angiosoms/DM056_F_L_LPA.csv,28.1550295504,5516,valid,
DM056,L,MCA,/home/wenalz/Documents/Antigravity projects/thermalDFU/IEE data port(original)/ThermoDataBase(IEE data port)/ThermoDataBase/DM Group/DM056_F/Angiosoms/DM056_F_L_MCA.csv,25.8681797052,1764,valid,
DM056,L,MPA,/home/wenalz/Documents/Antigravity projects/thermalDFU/IEE data port(original)/ThermoDataBase(IEE data port)/ThermoDataBase/DM Group/DM056_F/Angiosoms/DM056_F_L_MPA.csv,29.0689223678,2061,valid,
DM056,R,LCA,/home/wenalz/Documents/Antigravity projects/thermalDFU/IEE data port(original)/ThermoDataBase(IEE data port)/ThermoDataBase/DM Group/DM056_F/Angiosoms/DM056_F_R_LCA.csv,27.6966802476,1939,valid,
DM056,R,LPA,/home/wenalz/Documents/Antigravity projects/thermalDFU/IEE data port(original)/ThermoDataBase(IEE data port)/ThermoDataBase/DM Group/DM056_F/Angiosoms/DM056_F_R_LPA.csv,29.1730640458,5418,valid,
DM056,R,MCA,/home/wenalz/Documents/Antigravity projects/thermalDFU/IEE data port(original)/ThermoDataBase(IEE data port)/ThermoDataBase/DM Group/DM056_F/Angiosoms/DM056_F_R_MCA.csv,27.7812777395,1451,valid,
DM056,R,MPA,/home/wenalz/Documents/Antigravity projects/thermalDFU/IEE data port(original)/ThermoDataBase(IEE data port)/ThermoDataBase/DM Group/DM056_F/Angiosoms/DM056_F_R_MPA.csv,29.6564696133,2172,valid,
DM057,L,LCA,/home/wenalz/Documents/Antigravity projects/thermalDFU/IEE data port(original)/ThermoDataBase(IEE data port)/ThermoDataBase/DM Group/DM057_F/Angiosoms/DM057_F_L_LCA.csv,32.0582248481,1481,valid,
DM057,L,LPA,/home/wenalz/Documents/Antigravity projects/thermalDFU/IEE data port(original)/ThermoDataBase(IEE data port)/ThermoDataBase/DM Group/DM057_F/Angiosoms/DM057_F_L_LPA.csv,32.6343383593,3913,valid,
DM057,L,MCA,/home/wenalz/Documents/Antigravity projects/thermalDFU/IEE data port(original)/ThermoDataBase(IEE data port)/ThermoDataBase/DM Group/DM057_F/Angiosoms/DM057_F_L_MCA.csv,32.0687564234,973,valid,
DM057,L,MPA,/home/wenalz/Documents/Antigravity projects/thermalDFU/IEE data port(original)/ThermoDataBase(IEE data port)/ThermoDataBase/DM Group/DM057_F/Angiosoms/DM057_F_L_MPA.csv,32.4438850654,1453,valid,
DM057,R,LCA,/home/wenalz/Documents/Antigravity projects/thermalDFU/IEE data port(original)/ThermoDataBase(IEE data port)/ThermoDataBase/DM Group/DM057_F/Angiosoms/DM057_F_R_LCA.csv,27.0716285893,1602,valid,
DM057,R,LPA,/home/wenalz/Documents/Antigravity projects/thermalDFU/IEE data port(original)/ThermoDataBase(IEE data port)/ThermoDataBase/DM Group/DM057_F/Angiosoms/DM057_F_R_LPA.csv,27.132098316,4038,valid,
DM057,R,MCA,/home/wenalz/Documents/Antigravity projects/thermalDFU/IEE data port(original)/ThermoDataBase(IEE data port)/ThermoDataBase/DM Group/DM057_F/Angiosoms/DM057_F_R_MCA.csv,27.4193063344,963,valid,
DM057,R,MPA,/home/wenalz/Documents/Antigravity projects/thermalDFU/IEE data port(original)/ThermoDataBase(IEE data port)/ThermoDataBase/DM Group/DM057_F/Angiosoms/DM057_F_R_MPA.csv,27.819745219,1621,valid,
DM058,L,LCA,/home/wenalz/Documents/Antigravity projects/thermalDFU/IEE data port(original)/ThermoDataBase(IEE data port)/ThermoDataBase/DM Group/DM058_F/Angiosoms/DM058_F_L_LCA.csv,26.6409578578,1139,valid,
DM058,L,LPA,/home/wenalz/Documents/Antigravity projects/thermalDFU/IEE data port(original)/ThermoDataBase(IEE data port)/ThermoDataBase/DM Group/DM058_F/Angiosoms/DM058_F_L_LPA.csv,25.35237362,3442,valid,
DM058,L,MCA,/home/wenalz/Documents/Antigravity projects/thermalDFU/IEE data port(original)/ThermoDataBase(IEE data port)/ThermoDataBase/DM Group/DM058_F/Angiosoms/DM058_F_L_MCA.csv,26.8247406569,883,valid,
DM058,L,MPA,/home/wenalz/Documents/Antigravity projects/thermalDFU/IEE data port(original)/ThermoDataBase(IEE data port)/ThermoDataBase/DM Group/DM058_F/Angiosoms/DM058_F_L_MPA.csv,25.3386031042,1353,valid,
DM058,R,LCA,/home/wenalz/Documents/Antigravity projects/thermalDFU/IEE data port(original)/ThermoDataBase(IEE data port)/ThermoDataBase/DM Group/DM058_F/Angiosoms/DM058_F_R_LCA.csv,23.9671543986,557,valid,
DM058,R,LPA,/home/wenalz/Documents/Antigravity projects/thermalDFU/IEE data port(original)/ThermoDataBase(IEE data port)/ThermoDataBase/DM Group/DM058_F/Angiosoms/DM058_F_R_LPA.csv,23.9067700911,2414,valid,
DM058,R,MCA,/home/wenalz/Documents/Antigravity projects/thermalDFU/IEE data port(original)/ThermoDataBase(IEE data port)/ThermoDataBase/DM Group/DM058_F/Angiosoms/DM058_F_R_MCA.csv,24.2011807388,758,valid,
DM058,R,MPA,/home/wenalz/Documents/Antigravity projects/thermalDFU/IEE data port(original)/ThermoDataBase(IEE data port)/ThermoDataBase/DM Group/DM058_F/Angiosoms/DM058_F_R_MPA.csv,24.0261901099,910,valid,
DM059,L,LCA,/home/wenalz/Documents/Antigravity projects/thermalDFU/IEE data port(original)/ThermoDataBase(IEE data port)/ThermoDataBase/DM Group/DM059_F/Angiosoms/DM059_F_L_LCA.csv,31.9444064465,1272,valid,
DM059,L,LPA,/home/wenalz/Documents/Antigravity projects/thermalDFU/IEE data port(original)/ThermoDataBase(IEE data port)/ThermoDataBase/DM Group/DM059_F/Angiosoms/DM059_F_L_LPA.csv,32.982579962,3683,valid,
DM059,L,MCA,/home/wenalz/Documents/Antigravity projects/thermalDFU/IEE data port(original)/ThermoDataBase(IEE data port)/ThermoDataBase/DM Group/DM059_F/Angiosoms/DM059_F_L_MCA.csv,32.4721940928,1185,valid,
DM059,L,MPA,/home/wenalz/Documents/Antigravity projects/thermalDFU/IEE data port(original)/ThermoDataBase(IEE data port)/ThermoDataBase/DM Group/DM059_F/Angiosoms/DM059_F_L_MPA.csv,32.8704268966,1450,valid,
DM059,R,LCA,/home/wenalz/Documents/Antigravity projects/thermalDFU/IEE data port(original)/ThermoDataBase(IEE data port)/ThermoDataBase/DM Group/DM059_F/Angiosoms/DM059_F_R_LCA.csv,32.4359311449,1249,valid,
DM059,R,LPA,/home/wenalz/Documents/Antigravity projects/thermalDFU/IEE data port(original)/ThermoDataBase(IEE data port)/ThermoDataBase/DM Group/DM059_F/Angiosoms/DM059_F_R_LPA.csv,32.9245883721,3440,valid,
DM059,R,MCA,/home/wenalz/Documents/Antigravity projects/thermalDFU/IEE data port(original)/ThermoDataBase(IEE data port)/ThermoDataBase/DM Group/DM059_F/Angiosoms/DM059_F_R_MCA.csv,32.2939299014,913,valid,
DM059,R,MPA,/home/wenalz/Documents/Antigravity projects/thermalDFU/IEE data port(original)/ThermoDataBase(IEE data port)/ThermoDataBase/DM Group/DM059_F/Angiosoms/DM059_F_R_MPA.csv,32.8547523602,1377,valid,
DM060,L,LCA,/home/wenalz/Documents/Antigravity projects/thermalDFU/IEE data port(original)/ThermoDataBase(IEE data port)/ThermoDataBase/DM Group/DM060_F/Angiosoms/DM060_F_L_LCA.csv,31.1507454085,1579,valid,
DM060,L,LPA,/home/wenalz/Documents/Antigravity projects/thermalDFU/IEE data port(original)/ThermoDataBase(IEE data port)/ThermoDataBase/DM Group/DM060_F/Angiosoms/DM060_F_L_LPA.csv,32.5690778986,4416,valid,
DM060,L,MCA,/home/wenalz/Documents/Antigravity projects/thermalDFU/IEE data port(original)/ThermoDataBase(IEE data port)/ThermoDataBase/DM Group/DM060_F/Angiosoms/DM060_F_L_MCA.csv,31.227072971,1343,valid,
DM060,L,MPA,/home/wenalz/Documents/Antigravity projects/thermalDFU/IEE data port(original)/ThermoDataBase(IEE data port)/ThermoDataBase/DM Group/DM060_F/Angiosoms/DM060_F_L_MPA.csv,32.2252333146,1783,valid,
DM060,R,LCA,/home/wenalz/Documents/Antigravity projects/thermalDFU/IEE data port(original)/ThermoDataBase(IEE data port)/ThermoDataBase/DM Group/DM060_F/Angiosoms/DM060_F_R_LCA.csv,31.9533359123,1551,valid,
DM060,R,LPA,/home/wenalz/Documents/Antigravity projects/thermalDFU/IEE data port(original)/ThermoDataBase(IEE data port)/ThermoDataBase/DM Group/DM060_F/Angiosoms/DM060_F_R_LPA.csv,32.1649104945,4793,valid,
DM060,R,MCA,/home/wenalz/Documents/Antigravity projects/thermalDFU/IEE data port(original)/ThermoDataBase(IEE data port)/ThermoDataBase/DM Group/DM060_F/Angiosoms/DM060_F_R_MCA.csv,32.3962103586,1255,valid,
DM060,R,MPA,/home/wenalz/Documents/Antigravity projects/thermalDFU/IEE data port(original)/ThermoDataBase(IEE data port)/ThermoDataBase/DM Group/DM060_F/Angiosoms/DM060_F_R_MPA.csv,31.8028118361,1977,valid,
DM061,L,LCA,/home/wenalz/Documents/Antigravity projects/thermalDFU/IEE data port(original)/ThermoDataBase(IEE data port)/ThermoDataBase/DM Group/DM061_F/Angiosoms/DM061_F_L_LCA.csv,26.7113106557,1220,valid,
DM061,L,LPA,/home/wenalz/Documents/Antigravity projects/thermalDFU/IEE data port(original)/ThermoDataBase(IEE data port)/ThermoDataBase/DM Group/DM061_F/Angiosoms/DM061_F_L_LPA.csv,25.0853861972,3550,valid,
DM061,L,MCA,/home/wenalz/Documents/Antigravity projects/thermalDFU/IEE data port(original)/ThermoDataBase(IEE data port)/ThermoDataBase/DM Group/DM061_F/Angiosoms/DM061_F_L_MCA.csv,27.0111553288,882,valid,
DM061,L,MPA,/home/wenalz/Documents/Antigravity projects/thermalDFU/IEE data port(original)/ThermoDataBase(IEE data port)/ThermoDataBase/DM Group/DM061_F/Angiosoms/DM061_F_L_MPA.csv,25.0497836478,1590,valid,
DM061,R,LCA,/home/wenalz/Documents/Antigravity projects/thermalDFU/IEE data port(original)/ThermoDataBase(IEE data port)/ThermoDataBase/DM Group/DM061_F/Angiosoms/DM061_F_R_LCA.csv,26.5279113797,993,valid,
DM061,R,LPA,/home/wenalz/Documents/Antigravity projects/thermalDFU/IEE data port(original)/ThermoDataBase(IEE data port)/ThermoDataBase/DM Group/DM061_F/Angiosoms/DM061_F_R_LPA.csv,25.5990654154,3623,valid,
DM061,R,MCA,/home/wenalz/Documents/Antigravity projects/thermalDFU/IEE data port(original)/ThermoDataBase(IEE data port)/ThermoDataBase/DM Group/DM061_F/Angiosoms/DM061_F_R_MCA.csv,26.8614306977,1075,valid,
DM061,R,MPA,/home/wenalz/Documents/Antigravity projects/thermalDFU/IEE data port(original)/ThermoDataBase(IEE data port)/ThermoDataBase/DM Group/DM061_F/Angiosoms/DM061_F_R_MPA.csv,25.6279683544,1422,valid,
DM062,L,LCA,/home/wenalz/Documents/Antigravity projects/thermalDFU/IEE data port(original)/ThermoDataBase(IEE data port)/ThermoDataBase/DM Group/DM062_M/Angiosoms/DM062_M_L_LCA.csv,28.5382790378,1455,valid,
DM062,L,LPA,/home/wenalz/Documents/Antigravity projects/thermalDFU/IEE data port(original)/ThermoDataBase(IEE data port)/ThermoDataBase/DM Group/DM062_M/Angiosoms/DM062_M_L_LPA.csv,27.7993911215,4280,valid,
DM062,L,MCA,/home/wenalz/Documents/Antigravity projects/thermalDFU/IEE data port(original)/ThermoDataBase(IEE data port)/ThermoDataBase/DM Group/DM062_M/Angiosoms/DM062_M_L_MCA.csv,29.3129645283,1325,valid,
DM062,L,MPA,/home/wenalz/Documents/Antigravity projects/thermalDFU/IEE data port(original)/ThermoDataBase(IEE data port)/ThermoDataBase/DM Group/DM062_M/Angiosoms/DM062_M_L_MPA.csv,28.0991656676,1835,valid,
DM062,R,LCA,/home/wenalz/Documents/Antigravity projects/thermalDFU/IEE data port(original)/ThermoDataBase(IEE data port)/ThermoDataBase/DM Group/DM062_M/Angiosoms/DM062_M_R_LCA.csv,27.5645850986,1369,valid,
DM062,R,LPA,/home/wenalz/Documents/Antigravity projects/thermalDFU/IEE data port(original)/ThermoDataBase(IEE data port)/ThermoDataBase/DM Group/DM062_M/Angiosoms/DM062_M_R_LPA.csv,28.5495672631,4527,valid,
DM062,R,MCA,/home/wenalz/Documents/Antigravity projects/thermalDFU/IEE data port(original)/ThermoDataBase(IEE data port)/ThermoDataBase/DM Group/DM062_M/Angiosoms/DM062_M_R_MCA.csv,27.9269492243,1418,valid,
DM062,R,MPA,/home/wenalz/Documents/Antigravity projects/thermalDFU/IEE data port(original)/ThermoDataBase(IEE data port)/ThermoDataBase/DM Group/DM062_M/Angiosoms/DM062_M_R_MPA.csv,28.5617437358,1756,valid,
DM063,L,LCA,/home/wenalz/Documents/Antigravity projects/thermalDFU/IEE data port(original)/ThermoDataBase(IEE data port)/ThermoDataBase/DM Group/DM063_F/Angiosoms/DM063_F_L_LCA.csv,31.1356258993,1529,valid,
DM063,L,LPA,/home/wenalz/Documents/Antigravity projects/thermalDFU/IEE data port(original)/ThermoDataBase(IEE data port)/ThermoDataBase/DM Group/DM063_F/Angiosoms/DM063_F_L_LPA.csv,32.5911195496,4174,valid,
DM063,L,MCA,/home/wenalz/Documents/Antigravity projects/thermalDFU/IEE data port(original)/ThermoDataBase(IEE data port)/ThermoDataBase/DM Group/DM063_F/Angiosoms/DM063_F_L_MCA.csv,31.4277929204,1130,valid,
DM063,L,MPA,/home/wenalz/Documents/Antigravity projects/thermalDFU/IEE data port(original)/ThermoDataBase(IEE data port)/ThermoDataBase/DM Group/DM063_F/Angiosoms/DM063_F_L_MPA.csv,32.7414039593,1869,valid,
DM063,R,LCA,/home/wenalz/Documents/Antigravity projects/thermalDFU/IEE data port(original)/ThermoDataBase(IEE data port)/ThermoDataBase/DM Group/DM063_F/Angiosoms/DM063_F_R_LCA.csv,31.8506258019,1403,valid,
DM063,R,LPA,/home/wenalz/Documents/Antigravity projects/thermalDFU/IEE data port(original)/ThermoDataBase(IEE data port)/ThermoDataBase/DM Group/DM063_F/Angiosoms/DM063_F_R_LPA.csv,32.1300440294,4497,valid,
DM063,R,MCA,/home/wenalz/Documents/Antigravity projects/thermalDFU/IEE data port(original)/ThermoDataBase(IEE data port)/ThermoDataBase/DM Group/DM063_F/Angiosoms/DM063_F_R_MCA.csv,32.2482279294,1246,valid,
DM063,R,MPA,/home/wenalz/Documents/Antigravity projects/thermalDFU/IEE data port(original)/ThermoDataBase(IEE data port)/ThermoDataBase/DM Group/DM063_F/Angiosoms/DM063_F_R_MPA.csv,31.5705664557,1896,valid,
DM064,L,LCA,/home/wenalz/Documents/Antigravity projects/thermalDFU/IEE data port(original)/ThermoDataBase(IEE data port)/ThermoDataBase/DM Group/DM064_M/Angiosoms/DM064_M_L_LCA.csv,32.5301409978,922,valid,
DM064,L,LPA,/home/wenalz/Documents/Antigravity projects/thermalDFU/IEE data port(original)/ThermoDataBase(IEE data port)/ThermoDataBase/DM Group/DM064_M/Angiosoms/DM064_M_L_LPA.csv,34.4267889728,3047,valid,
DM064,L,MCA,/home/wenalz/Documents/Antigravity projects/thermalDFU/IEE data port(original)/ThermoDataBase(IEE data port)/ThermoDataBase/DM Group/DM064_M/Angiosoms/DM064_M_L_MCA.csv,32.6993360324,741,valid,
DM064,L,MPA,/home/wenalz/Documents/Antigravity projects/thermalDFU/IEE data port(original)/ThermoDataBase(IEE data port)/ThermoDataBase/DM Group/DM064_M/Angiosoms/DM064_M_L_MPA.csv,34.0631146646,1282,valid,
DM064,R,LCA,/home/wenalz/Documents/Antigravity projects/thermalDFU/IEE data port(original)/ThermoDataBase(IEE data port)/ThermoDataBase/DM Group/DM064_M/Angiosoms/DM064_M_R_LCA.csv,32.7838769401,902,valid,
DM064,R,LPA,/home/wenalz/Documents/Antigravity projects/thermalDFU/IEE data port(original)/ThermoDataBase(IEE data port)/ThermoDataBase/DM Group/DM064_M/Angiosoms/DM064_M_R_LPA.csv,35.6121446453,2876,valid,
DM064,R,MCA,/home/wenalz/Documents/Antigravity projects/thermalDFU/IEE data port(original)/ThermoDataBase(IEE data port)/ThermoDataBase/DM Group/DM064_M/Angiosoms/DM064_M_R_MCA.csv,32.7635289474,760,valid,
DM064,R,MPA,/home/wenalz/Documents/Antigravity projects/thermalDFU/IEE data port(original)/ThermoDataBase(IEE data port)/ThermoDataBase/DM Group/DM064_M/Angiosoms/DM064_M_R_MPA.csv,35.3622640977,1064,valid,
DM065,L,LCA,/home/wenalz/Documents/Antigravity projects/thermalDFU/IEE data port(original)/ThermoDataBase(IEE data port)/ThermoDataBase/DM Group/DM065_F/Angiosoms/DM065_F_L_LCA.csv,20.9002253521,1349,valid,
DM065,L,LPA,/home/wenalz/Documents/Antigravity projects/thermalDFU/IEE data port(original)/ThermoDataBase(IEE data port)/ThermoDataBase/DM Group/DM065_F/Angiosoms/DM065_F_L_LPA.csv,19.7818158501,3470,valid,
DM065,L,MCA,/home/wenalz/Documents/Antigravity projects/thermalDFU/IEE data port(original)/ThermoDataBase(IEE data port)/ThermoDataBase/DM Group/DM065_F/Angiosoms/DM065_F_L_MCA.csv,21.2640018762,1066,valid,
DM065,L,MPA,/home/wenalz/Documents/Antigravity projects/thermalDFU/IEE data port(original)/ThermoDataBase(IEE data port)/ThermoDataBase/DM Group/DM065_F/Angiosoms/DM065_F_L_MPA.csv,20.2666654164,1333,valid,
DM065,R,LCA,/home/wenalz/Documents/Antigravity projects/thermalDFU/IEE data port(original)/ThermoDataBase(IEE data port)/ThermoDataBase/DM Group/DM065_F/Angiosoms/DM065_F_R_LCA.csv,22.1779769718,1737,valid,
DM065,R,LPA,/home/wenalz/Documents/Antigravity projects/thermalDFU/IEE data port(original)/ThermoDataBase(IEE data port)/ThermoDataBase/DM Group/DM065_F/Angiosoms/DM065_F_R_LPA.csv,20.8400092769,3665,valid,
DM065,R,MCA,/home/wenalz/Documents/Antigravity projects/thermalDFU/IEE data port(original)/ThermoDataBase(IEE data port)/ThermoDataBase/DM Group/DM065_F/Angiosoms/DM065_F_R_MCA.csv,22.47200894,783,valid,
DM065,R,MPA,/home/wenalz/Documents/Antigravity projects/thermalDFU/IEE data port(original)/ThermoDataBase(IEE data port)/ThermoDataBase/DM Group/DM065_F/Angiosoms/DM065_F_R_MPA.csv,21.1847983252,1433,valid,
DM066,L,LCA,/home/wenalz/Documents/Antigravity projects/thermalDFU/IEE data port(original)/ThermoDataBase(IEE data port)/ThermoDataBase/DM Group/DM066_F/Angiosoms/DM066_F_L_LCA.csv,26.801672549,1530,valid,
DM066,L,LPA,/home/wenalz/Documents/Antigravity projects/thermalDFU/IEE data port(original)/ThermoDataBase(IEE data port)/ThermoDataBase/DM Group/DM066_F/Angiosoms/DM066_F_L_LPA.csv,26.9068990214,4496,valid,
DM066,L,MCA,/home/wenalz/Documents/Antigravity projects/thermalDFU/IEE data port(original)/ThermoDataBase(IEE data port)/ThermoDataBase/DM Group/DM066_F/Angiosoms/DM066_F_L_MCA.csv,27.0111640127,1256,valid,
DM066,L,MPA,/home/wenalz/Documents/Antigravity projects/thermalDFU/IEE data port(original)/ThermoDataBase(IEE data port)/ThermoDataBase/DM Group/DM066_F/Angiosoms/DM066_F_L_MPA.csv,27.0071025339,1697,valid,
DM066,R,LCA,/home/wenalz/Documents/Antigravity projects/thermalDFU/IEE data port(original)/ThermoDataBase(IEE data port)/ThermoDataBase/DM Group/DM066_F/Angiosoms/DM066_F_R_LCA.csv,26.8798042774,1543,valid,
DM066,R,LPA,/home/wenalz/Documents/Antigravity projects/thermalDFU/IEE data port(original)/ThermoDataBase(IEE data port)/ThermoDataBase/DM Group/DM066_F/Angiosoms/DM066_F_R_LPA.csv,26.7327462524,4603,valid,
DM066,R,MCA,/home/wenalz/Documents/Antigravity projects/thermalDFU/IEE data port(original)/ThermoDataBase(IEE data port)/ThermoDataBase/DM Group/DM066_F/Angiosoms/DM066_F_R_MCA.csv,26.9384685121,1445,valid,
DM066,R,MPA,/home/wenalz/Documents/Antigravity projects/thermalDFU/IEE data port(original)/ThermoDataBase(IEE data port)/ThermoDataBase/DM Group/DM066_F/Angiosoms/DM066_F_R_MPA.csv,27.180383746,1858,valid,
DM067,L,LCA,/home/wenalz/Documents/Antigravity projects/thermalDFU/IEE data port(original)/ThermoDataBase(IEE data port)/ThermoDataBase/DM Group/DM067_F/Angiosoms/DM067_F_L_LCA.csv,26.4057530364,1235,valid,
DM067,L,LPA,/home/wenalz/Documents/Antigravity projects/thermalDFU/IEE data port(original)/ThermoDataBase(IEE data port)/ThermoDataBase/DM Group/DM067_F/Angiosoms/DM067_F_L_LPA.csv,28.2576205779,3703,valid,
DM067,L,MCA,/home/wenalz/Documents/Antigravity projects/thermalDFU/IEE data port(original)/ThermoDataBase(IEE data port)/ThermoDataBase/DM Group/DM067_F/Angiosoms/DM067_F_L_MCA.csv,26.8299830206,1119,valid,
DM067,L,MPA,/home/wenalz/Documents/Antigravity projects/thermalDFU/IEE data port(original)/ThermoDataBase(IEE data port)/ThermoDataBase/DM Group/DM067_F/Angiosoms/DM067_F_L_MPA.csv,28.87065428,1507,valid,
DM067,R,LCA,/home/wenalz/Documents/Antigravity projects/thermalDFU/IEE data port(original)/ThermoDataBase(IEE data port)/ThermoDataBase/DM Group/DM067_F/Angiosoms/DM067_F_R_LCA.csv,27.1491315175,1285,valid,
DM067,R,LPA,/home/wenalz/Documents/Antigravity projects/thermalDFU/IEE data port(original)/ThermoDataBase(IEE data port)/ThermoDataBase/DM Group/DM067_F/Angiosoms/DM067_F_R_LPA.csv,30.0100002516,3974,valid,
DM067,R,MCA,/home/wenalz/Documents/Antigravity projects/thermalDFU/IEE data port(original)/ThermoDataBase(IEE data port)/ThermoDataBase/DM Group/DM067_F/Angiosoms/DM067_F_R_MCA.csv,27.638365831,1077,valid,
DM067,R,MPA,/home/wenalz/Documents/Antigravity projects/thermalDFU/IEE data port(original)/ThermoDataBase(IEE data port)/ThermoDataBase/DM Group/DM067_F/Angiosoms/DM067_F_R_MPA.csv,30.4455742574,1414,valid,
DM068,L,LCA,/home/wenalz/Documents/Antigravity projects/thermalDFU/IEE data port(original)/ThermoDataBase(IEE data port)/ThermoDataBase/DM Group/DM068_F/Angiosoms/DM068_F_L_LCA.csv,35.1653587329,1168,valid,
DM068,L,LPA,/home/wenalz/Documents/Antigravity projects/thermalDFU/IEE data port(original)/ThermoDataBase(IEE data port)/ThermoDataBase/DM Group/DM068_F/Angiosoms/DM068_F_L_LPA.csv,35.5576935955,3763,valid,
DM068,L,MCA,/home/wenalz/Documents/Antigravity projects/thermalDFU/IEE data port(original)/ThermoDataBase(IEE data port)/ThermoDataBase/DM Group/DM068_F/Angiosoms/DM068_F_L_MCA.csv,34.598838785,1284,valid,
DM068,L,MPA,/home/wenalz/Documents/Antigravity projects/thermalDFU/IEE data port(original)/ThermoDataBase(IEE data port)/ThermoDataBase/DM Group/DM068_F/Angiosoms/DM068_F_L_MPA.csv,35.5844615385,1573,valid,
DM068,R,LCA,/home/wenalz/Documents/Antigravity projects/thermalDFU/IEE data port(original)/ThermoDataBase(IEE data port)/ThermoDataBase/DM Group/DM068_F/Angiosoms/DM068_F_R_LCA.csv,34.1582606162,1201,valid,
DM068,R,LPA,/home/wenalz/Documents/Antigravity projects/thermalDFU/IEE data port(original)/ThermoDataBase(IEE data port)/ThermoDataBase/DM Group/DM068_F/Angiosoms/DM068_F_R_LPA.csv,35.4910946602,4120,valid,
DM068,R,MCA,/home/wenalz/Documents/Antigravity projects/thermalDFU/IEE data port(original)/ThermoDataBase(IEE data port)/ThermoDataBase/DM Group/DM068_F/Angiosoms/DM068_F_R_MCA.csv,33.6036422629,1202,valid,
DM068,R,MPA,/home/wenalz/Documents/Antigravity projects/thermalDFU/IEE data port(original)/ThermoDataBase(IEE data port)/ThermoDataBase/DM Group/DM068_F/Angiosoms/DM068_F_R_MPA.csv,35.229155642,1542,valid,
DM069,L,LCA,/home/wenalz/Documents/Antigravity projects/thermalDFU/IEE data port(original)/ThermoDataBase(IEE data port)/ThermoDataBase/DM Group/DM069_F/Angiosoms/DM069_F_L_LCA.csv,29.7261769166,1187,valid,
DM069,L,LPA,/home/wenalz/Documents/Antigravity projects/thermalDFU/IEE data port(original)/ThermoDataBase(IEE data port)/ThermoDataBase/DM Group/DM069_F/Angiosoms/DM069_F_L_LPA.csv,29.9702480368,3693,valid,
DM069,L,MCA,/home/wenalz/Documents/Antigravity projects/thermalDFU/IEE data port(original)/ThermoDataBase(IEE data port)/ThermoDataBase/DM Group/DM069_F/Angiosoms/DM069_F_L_MCA.csv,30.1047695313,1024,valid,
DM069,L,MPA,/home/wenalz/Documents/Antigravity projects/thermalDFU/IEE data port(original)/ThermoDataBase(IEE data port)/ThermoDataBase/DM Group/DM069_F/Angiosoms/DM069_F_L_MPA.csv,30.2146006211,1610,valid,
DM069,R,LCA,/home/wenalz/Documents/Antigravity projects/thermalDFU/IEE data port(original)/ThermoDataBase(IEE data port)/ThermoDataBase/DM Group/DM069_F/Angiosoms/DM069_F_R_LCA.csv,30.5024770798,1178,valid,
DM069,R,LPA,/home/wenalz/Documents/Antigravity projects/thermalDFU/IEE data port(original)/ThermoDataBase(IEE data port)/ThermoDataBase/DM Group/DM069_F/Angiosoms/DM069_F_R_LPA.csv,30.9861340824,4005,valid,
DM069,R,MCA,/home/wenalz/Documents/Antigravity projects/thermalDFU/IEE data port(original)/ThermoDataBase(IEE data port)/ThermoDataBase/DM Group/DM069_F/Angiosoms/DM069_F_R_MCA.csv,30.9268336315,1118,valid,
DM069,R,MPA,/home/wenalz/Documents/Antigravity projects/thermalDFU/IEE data port(original)/ThermoDataBase(IEE data port)/ThermoDataBase/DM Group/DM069_F/Angiosoms/DM069_F_R_MPA.csv,30.9330090253,1662,valid,
DM070,L,LCA,/home/wenalz/Documents/Antigravity projects/thermalDFU/IEE data port(original)/ThermoDataBase(IEE data port)/ThermoDataBase/DM Group/DM070_F/Angiosoms/DM070_F_L_LCA.csv,29.3655956023,1046,valid,
DM070,L,LPA,/home/wenalz/Documents/Antigravity projects/thermalDFU/IEE data port(original)/ThermoDataBase(IEE data port)/ThermoDataBase/DM Group/DM070_F/Angiosoms/DM070_F_L_LPA.csv,30.2282218769,3218,valid,
DM070,L,MCA,/home/wenalz/Documents/Antigravity projects/thermalDFU/IEE data port(original)/ThermoDataBase(IEE data port)/ThermoDataBase/DM Group/DM070_F/Angiosoms/DM070_F_L_MCA.csv,29.8751916747,1033,valid,
DM070,L,MPA,/home/wenalz/Documents/Antigravity projects/thermalDFU/IEE data port(original)/ThermoDataBase(IEE data port)/ThermoDataBase/DM Group/DM070_F/Angiosoms/DM070_F_L_MPA.csv,30.3222353347,1449,valid,
DM070,R,LCA,/home/wenalz/Documents/Antigravity projects/thermalDFU/IEE data port(original)/ThermoDataBase(IEE data port)/ThermoDataBase/DM Group/DM070_F/Angiosoms/DM070_F_R_LCA.csv,29.2339238683,972,valid,
DM070,R,LPA,/home/wenalz/Documents/Antigravity projects/thermalDFU/IEE data port(original)/ThermoDataBase(IEE data port)/ThermoDataBase/DM Group/DM070_F/Angiosoms/DM070_F_R_LPA.csv,30.3510769231,3224,valid,
DM070,R,MCA,/home/wenalz/Documents/Antigravity projects/thermalDFU/IEE data port(original)/ThermoDataBase(IEE data port)/ThermoDataBase/DM Group/DM070_F/Angiosoms/DM070_F_R_MCA.csv,29.4606453434,1063,valid,
DM070,R,MPA,/home/wenalz/Documents/Antigravity projects/thermalDFU/IEE data port(original)/ThermoDataBase(IEE data port)/ThermoDataBase/DM Group/DM070_F/Angiosoms/DM070_F_R_MPA.csv,30.4026571008,1359,valid,
DM071,L,LCA,/home/wenalz/Documents/Antigravity projects/thermalDFU/IEE data port(original)/ThermoDataBase(IEE data port)/ThermoDataBase/DM Group/DM071_F/Angiosoms/DM071_F_L_LCA.csv,27.8097819879,1821,valid,
DM071,L,LPA,/home/wenalz/Documents/Antigravity projects/thermalDFU/IEE data port(original)/ThermoDataBase(IEE data port)/ThermoDataBase/DM Group/DM071_F/Angiosoms/DM071_F_L_LPA.csv,26.4683835903,3827,valid,
DM071,L,MCA,/home/wenalz/Documents/Antigravity projects/thermalDFU/IEE data port(original)/ThermoDataBase(IEE data port)/ThermoDataBase/DM Group/DM071_F/Angiosoms/DM071_F_L_MCA.csv,27.8872462039,922,valid,
DM071,L,MPA,/home/wenalz/Documents/Antigravity projects/thermalDFU/IEE data port(original)/ThermoDataBase(IEE data port)/ThermoDataBase/DM Group/DM071_F/Angiosoms/DM071_F_L_MPA.csv,27.0986018293,1640,valid,
DM071,R,LCA,/home/wenalz/Documents/Antigravity projects/thermalDFU/IEE data port(original)/ThermoDataBase(IEE data port)/ThermoDataBase/DM Group/DM071_F/Angiosoms/DM071_F_R_LCA.csv,27.6342831021,1586,valid,
DM071,R,LPA,/home/wenalz/Documents/Antigravity projects/thermalDFU/IEE data port(original)/ThermoDataBase(IEE data port)/ThermoDataBase/DM Group/DM071_F/Angiosoms/DM071_F_R_LPA.csv,26.2944357613,3954,valid,
DM071,R,MCA,/home/wenalz/Documents/Antigravity projects/thermalDFU/IEE data port(original)/ThermoDataBase(IEE data port)/ThermoDataBase/DM Group/DM071_F/Angiosoms/DM071_F_R_MCA.csv,27.8908384236,1015,valid,
DM071,R,MPA,/home/wenalz/Documents/Antigravity projects/thermalDFU/IEE data port(original)/ThermoDataBase(IEE data port)/ThermoDataBase/DM Group/DM071_F/Angiosoms/DM071_F_R_MPA.csv,26.9690025365,1577,valid,
DM072,L,LCA,/home/wenalz/Documents/Antigravity projects/thermalDFU/IEE data port(original)/ThermoDataBase(IEE data port)/ThermoDataBase/DM Group/DM072_F/Angiosoms/DM072_F_L_LCA.csv,28.0816805556,1152,valid,
DM072,L,LPA,/home/wenalz/Documents/Antigravity projects/thermalDFU/IEE data port(original)/ThermoDataBase(IEE data port)/ThermoDataBase/DM Group/DM072_F/Angiosoms/DM072_F_L_LPA.csv,30.0477216281,2899,valid,
DM072,L,MCA,/home/wenalz/Documents/Antigravity projects/thermalDFU/IEE data port(original)/ThermoDataBase(IEE data port)/ThermoDataBase/DM Group/DM072_F/Angiosoms/DM072_F_L_MCA.csv,28.5341071429,952,valid,
DM072,L,MPA,/home/wenalz/Documents/Antigravity projects/thermalDFU/IEE data port(original)/ThermoDataBase(IEE data port)/ThermoDataBase/DM Group/DM072_F/Angiosoms/DM072_F_L_MPA.csv,29.7366644675,1061,valid,
DM072,R,LCA,/home/wenalz/Documents/Antigravity projects/thermalDFU/IEE data port(original)/ThermoDataBase(IEE data port)/ThermoDataBase/DM Group/DM072_F/Angiosoms/DM072_F_R_LCA.csv,27.7498653516,1166,valid,
DM072,R,LPA,/home/wenalz/Documents/Antigravity projects/thermalDFU/IEE data port(original)/ThermoDataBase(IEE data port)/ThermoDataBase/DM Group/DM072_F/Angiosoms/DM072_F_R_LPA.csv,29.9179473206,3303,valid,
DM072,R,MCA,/home/wenalz/Documents/Antigravity projects/thermalDFU/IEE data port(original)/ThermoDataBase(IEE data port)/ThermoDataBase/DM Group/DM072_F/Angiosoms/DM072_F_R_MCA.csv,28.8357935606,1056,valid,
DM072,R,MPA,/home/wenalz/Documents/Antigravity projects/thermalDFU/IEE data port(original)/ThermoDataBase(IEE data port)/ThermoDataBase/DM Group/DM072_F/Angiosoms/DM072_F_R_MPA.csv,30.0220393641,1321,valid,
DM073,L,LCA,/home/wenalz/Documents/Antigravity projects/thermalDFU/IEE data port(original)/ThermoDataBase(IEE data port)/ThermoDataBase/DM Group/DM073_F/Angiosoms/DM073_F_L_LCA.csv,29.2609666667,1260,valid,
DM073,L,LPA,/home/wenalz/Documents/Antigravity projects/thermalDFU/IEE data port(original)/ThermoDataBase(IEE data port)/ThermoDataBase/DM Group/DM073_F/Angiosoms/DM073_F_L_LPA.csv,29.4766440578,3391,valid,
DM073,L,MCA,/home/wenalz/Documents/Antigravity projects/thermalDFU/IEE data port(original)/ThermoDataBase(IEE data port)/ThermoDataBase/DM Group/DM073_F/Angiosoms/DM073_F_L_MCA.csv,30.0135881188,1010,valid,
DM073,L,MPA,/home/wenalz/Documents/Antigravity projects/thermalDFU/IEE data port(original)/ThermoDataBase(IEE data port)/ThermoDataBase/DM Group/DM073_F/Angiosoms/DM073_F_L_MPA.csv,30.3959550034,1489,valid,
DM073,R,LCA,/home/wenalz/Documents/Antigravity projects/thermalDFU/IEE data port(original)/ThermoDataBase(IEE data port)/ThermoDataBase/DM Group/DM073_F/Angiosoms/DM073_F_R_LCA.csv,29.455113177,1237,valid,
DM073,R,LPA,/home/wenalz/Documents/Antigravity projects/thermalDFU/IEE data port(original)/ThermoDataBase(IEE data port)/ThermoDataBase/DM Group/DM073_F/Angiosoms/DM073_F_R_LPA.csv,29.4297108834,3611,valid,
DM073,R,MCA,/home/wenalz/Documents/Antigravity projects/thermalDFU/IEE data port(original)/ThermoDataBase(IEE data port)/ThermoDataBase/DM Group/DM073_F/Angiosoms/DM073_F_R_MCA.csv,29.9352278978,1018,valid,
DM073,R,MPA,/home/wenalz/Documents/Antigravity projects/thermalDFU/IEE data port(original)/ThermoDataBase(IEE data port)/ThermoDataBase/DM Group/DM073_F/Angiosoms/DM073_F_R_MPA.csv,30.1954038055,1419,valid,
DM074,L,LCA,/home/wenalz/Documents/Antigravity projects/thermalDFU/IEE data port(original)/ThermoDataBase(IEE data port)/ThermoDataBase/DM Group/DM074_F/Angiosoms/DM074_F_L_LCA.csv,29.840984,1500,valid,
DM074,L,LPA,/home/wenalz/Documents/Antigravity projects/thermalDFU/IEE data port(original)/ThermoDataBase(IEE data port)/ThermoDataBase/DM Group/DM074_F/Angiosoms/DM074_F_L_LPA.csv,31.4576311071,4462,valid,
DM074,L,MCA,/home/wenalz/Documents/Antigravity projects/thermalDFU/IEE data port(original)/ThermoDataBase(IEE data port)/ThermoDataBase/DM Group/DM074_F/Angiosoms/DM074_F_L_MCA.csv,30.2497947189,1174,valid,
DM074,L,MPA,/home/wenalz/Documents/Antigravity projects/thermalDFU/IEE data port(original)/ThermoDataBase(IEE data port)/ThermoDataBase/DM Group/DM074_F/Angiosoms/DM074_F_L_MPA.csv,30.7954827353,1477,valid,
DM074,R,LCA,/home/wenalz/Documents/Antigravity projects/thermalDFU/IEE data port(original)/ThermoDataBase(IEE data port)/ThermoDataBase/DM Group/DM074_F/Angiosoms/DM074_F_R_LCA.csv,29.381740458,1310,valid,
DM074,R,LPA,/home/wenalz/Documents/Antigravity projects/thermalDFU/IEE data port(original)/ThermoDataBase(IEE data port)/ThermoDataBase/DM Group/DM074_F/Angiosoms/DM074_F_R_LPA.csv,31.4456035842,4185,valid,
DM074,R,MCA,/home/wenalz/Documents/Antigravity projects/thermalDFU/IEE data port(original)/ThermoDataBase(IEE data port)/ThermoDataBase/DM Group/DM074_F/Angiosoms/DM074_F_R_MCA.csv,29.3170483438,1117,valid,
DM074,R,MPA,/home/wenalz/Documents/Antigravity projects/thermalDFU/IEE data port(original)/ThermoDataBase(IEE data port)/ThermoDataBase/DM Group/DM074_F/Angiosoms/DM074_F_R_MPA.csv,31.0760912951,1413,valid,
DM075,L,LCA,/home/wenalz/Documents/Antigravity projects/thermalDFU/IEE data port(original)/ThermoDataBase(IEE data port)/ThermoDataBase/DM Group/DM075_F/Angiosoms/DM075_F_L_LCA.csv,29.8003704028,1142,valid,
DM075,L,LPA,/home/wenalz/Documents/Antigravity projects/thermalDFU/IEE data port(original)/ThermoDataBase(IEE data port)/ThermoDataBase/DM Group/DM075_F/Angiosoms/DM075_F_L_LPA.csv,32.2940102922,3012,valid,
DM075,L,MCA,/home/wenalz/Documents/Antigravity projects/thermalDFU/IEE data port(original)/ThermoDataBase(IEE data port)/ThermoDataBase/DM Group/DM075_F/Angiosoms/DM075_F_L_MCA.csv,29.8374006734,891,valid,
DM075,L,MPA,/home/wenalz/Documents/Antigravity projects/thermalDFU/IEE data port(original)/ThermoDataBase(IEE data port)/ThermoDataBase/DM Group/DM075_F/Angiosoms/DM075_F_L_MPA.csv,32.6263745791,1188,valid,
DM075,R,LCA,/home/wenalz/Documents/Antigravity projects/thermalDFU/IEE data port(original)/ThermoDataBase(IEE data port)/ThermoDataBase/DM Group/DM075_F/Angiosoms/DM075_F_R_LCA.csv,28.7067981837,991,valid,
DM075,R,LPA,/home/wenalz/Documents/Antigravity projects/thermalDFU/IEE data port(original)/ThermoDataBase(IEE data port)/ThermoDataBase/DM Group/DM075_F/Angiosoms/DM075_F_R_LPA.csv,31.9369708802,3022,valid,
DM075,R,MCA,/home/wenalz/Documents/Antigravity projects/thermalDFU/IEE data port(original)/ThermoDataBase(IEE data port)/ThermoDataBase/DM Group/DM075_F/Angiosoms/DM075_F_R_MCA.csv,29.0129454927,954,valid,
DM075,R,MPA,/home/wenalz/Documents/Antigravity projects/thermalDFU/IEE data port(original)/ThermoDataBase(IEE data port)/ThermoDataBase/DM Group/DM075_F/Angiosoms/DM075_F_R_MPA.csv,32.2054736013,1269,valid,
DM076,L,LCA,/home/wenalz/Documents/Antigravity projects/thermalDFU/IEE data port(original)/ThermoDataBase(IEE data port)/ThermoDataBase/DM Group/DM076_M/Angiosoms/DM076_M_L_LCA.csv,33.5460108108,1665,valid,
DM076,L,LPA,/home/wenalz/Documents/Antigravity projects/thermalDFU/IEE data port(original)/ThermoDataBase(IEE data port)/ThermoDataBase/DM Group/DM076_M/Angiosoms/DM076_M_L_LPA.csv,33.8541220984,4308,valid,
DM076,L,MCA,/home/wenalz/Documents/Antigravity projects/thermalDFU/IEE data port(original)/ThermoDataBase(IEE data port)/ThermoDataBase/DM Group/DM076_M/Angiosoms/DM076_M_L_MCA.csv,33.4439379524,967,valid,
DM076,L,MPA,/home/wenalz/Documents/Antigravity projects/thermalDFU/IEE data port(original)/ThermoDataBase(IEE data port)/ThermoDataBase/DM Group/DM076_M/Angiosoms/DM076_M_L_MPA.csv,33.781637028,1642,valid,
DM076,R,LCA,/home/wenalz/Documents/Antigravity projects/thermalDFU/IEE data port(original)/ThermoDataBase(IEE data port)/ThermoDataBase/DM Group/DM076_M/Angiosoms/DM076_M_R_LCA.csv,33.1954468242,1354,valid,
DM076,R,LPA,/home/wenalz/Documents/Antigravity projects/thermalDFU/IEE data port(original)/ThermoDataBase(IEE data port)/ThermoDataBase/DM Group/DM076_M/Angiosoms/DM076_M_R_LPA.csv,33.8811420569,4463,valid,
DM076,R,MCA,/home/wenalz/Documents/Antigravity projects/thermalDFU/IEE data port(original)/ThermoDataBase(IEE data port)/ThermoDataBase/DM Group/DM076_M/Angiosoms/DM076_M_R_MCA.csv,32.9197233662,1117,valid,
DM076,R,MPA,/home/wenalz/Documents/Antigravity projects/thermalDFU/IEE data port(original)/ThermoDataBase(IEE data port)/ThermoDataBase/DM Group/DM076_M/Angiosoms/DM076_M_R_MPA.csv,33.7288776699,1545,valid,
DM077,L,LCA,/home/wenalz/Documents/Antigravity projects/thermalDFU/IEE data port(original)/ThermoDataBase(IEE data port)/ThermoDataBase/DM Group/DM077_F/Angiosoms/DM077_F_L_LCA.csv,32.8032691924,1003,valid,
DM077,L,LPA,/home/wenalz/Documents/Antigravity projects/thermalDFU/IEE data port(original)/ThermoDataBase(IEE data port)/ThermoDataBase/DM Group/DM077_F/Angiosoms/DM077_F_L_LPA.csv,33.2045607354,3046,valid,
DM077,L,MCA,/home/wenalz/Documents/Antigravity projects/thermalDFU/IEE data port(original)/ThermoDataBase(IEE data port)/ThermoDataBase/DM Group/DM077_F/Angiosoms/DM077_F_L_MCA.csv,32.2804567901,972,valid,
DM077,L,MPA,/home/wenalz/Documents/Antigravity projects/thermalDFU/IEE data port(original)/ThermoDataBase(IEE data port)/ThermoDataBase/DM Group/DM077_F/Angiosoms/DM077_F_L_MPA.csv,33.0582550336,1192,valid,
DM077,R,LCA,/home/wenalz/Documents/Antigravity projects/thermalDFU/IEE data port(original)/ThermoDataBase(IEE data port)/ThermoDataBase/DM Group/DM077_F/Angiosoms/DM077_F_R_LCA.csv,32.6150191571,1044,valid,
DM077,R,LPA,/home/wenalz/Documents/Antigravity projects/thermalDFU/IEE data port(original)/ThermoDataBase(IEE data port)/ThermoDataBase/DM Group/DM077_F/Angiosoms/DM077_F_R_LPA.csv,33.4120353403,3056,valid,
DM077,R,MCA,/home/wenalz/Documents/Antigravity projects/thermalDFU/IEE data port(original)/ThermoDataBase(IEE data port)/ThermoDataBase/DM Group/DM077_F/Angiosoms/DM077_F_R_MCA.csv,32.4492095238,945,valid,
DM077,R,MPA,/home/wenalz/Documents/Antigravity projects/thermalDFU/IEE data port(original)/ThermoDataBase(IEE data port)/ThermoDataBase/DM Group/DM077_F/Angiosoms/DM077_F_R_MPA.csv,33.3494235993,1178,valid,
DM078,L,LCA,/home/wenalz/Documents/Antigravity projects/thermalDFU/IEE data port(original)/ThermoDataBase(IEE data port)/ThermoDataBase/DM Group/DM078_F/Angiosoms/DM078_F_L_LCA.csv,29.3855998598,1427,valid,
DM078,L,LPA,/home/wenalz/Documents/Antigravity projects/thermalDFU/IEE data port(original)/ThermoDataBase(IEE data port)/ThermoDataBase/DM Group/DM078_F/Angiosoms/DM078_F_L_LPA.csv,29.6710749154,4138,valid,
DM078,L,MCA,/home/wenalz/Documents/Antigravity projects/thermalDFU/IEE data port(original)/ThermoDataBase(IEE data port)/ThermoDataBase/DM Group/DM078_F/Angiosoms/DM078_F_L_MCA.csv,29.4413530259,1388,valid,
DM078,L,MPA,/home/wenalz/Documents/Antigravity projects/thermalDFU/IEE data port(original)/ThermoDataBase(IEE data port)/ThermoDataBase/DM Group/DM078_F/Angiosoms/DM078_F_L_MPA.csv,29.8065535506,1718,valid,
DM078,R,LCA,/home/wenalz/Documents/Antigravity projects/thermalDFU/IEE data port(original)/ThermoDataBase(IEE data port)/ThermoDataBase/DM Group/DM078_F/Angiosoms/DM078_F_R_LCA.csv,31.2099309745,1724,valid,
DM078,R,LPA,/home/wenalz/Documents/Antigravity projects/thermalDFU/IEE data port(original)/ThermoDataBase(IEE data port)/ThermoDataBase/DM Group/DM078_F/Angiosoms/DM078_F_R_LPA.csv,31.7077048851,4483,valid,
DM078,R,MCA,/home/wenalz/Documents/Antigravity projects/thermalDFU/IEE data port(original)/ThermoDataBase(IEE data port)/ThermoDataBase/DM Group/DM078_F/Angiosoms/DM078_F_R_MCA.csv,32.1843495702,1396,valid,
DM078,R,MPA,/home/wenalz/Documents/Antigravity projects/thermalDFU/IEE data port(original)/ThermoDataBase(IEE data port)/ThermoDataBase/DM Group/DM078_F/Angiosoms/DM078_F_R_MPA.csv,31.6080366463,1801,valid,
DM079,L,LCA,/home/wenalz/Documents/Antigravity projects/thermalDFU/IEE data port(original)/ThermoDataBase(IEE data port)/ThermoDataBase/DM Group/DM079_M/Angiosoms/DM079_M_L_LCA.csv,26.771710013,1538,valid,
DM079,L,LPA,/home/wenalz/Documents/Antigravity projects/thermalDFU/IEE data port(original)/ThermoDataBase(IEE data port)/ThermoDataBase/DM Group/DM079_M/Angiosoms/DM079_M_L_LPA.csv,25.3658276559,3464,valid,
DM079,L,MCA,/home/wenalz/Documents/Antigravity projects/thermalDFU/IEE data port(original)/ThermoDataBase(IEE data port)/ThermoDataBase/DM Group/DM079_M/Angiosoms/DM079_M_L_MCA.csv,27.400149635,822,valid,
DM079,L,MPA,/home/wenalz/Documents/Antigravity projects/thermalDFU/IEE data port(original)/ThermoDataBase(IEE data port)/ThermoDataBase/DM Group/DM079_M/Angiosoms/DM079_M_L_MPA.csv,25.2996531469,1430,valid,
DM079,R,LCA,/home/wenalz/Documents/Antigravity projects/thermalDFU/IEE data port(original)/ThermoDataBase(IEE data port)/ThermoDataBase/DM Group/DM079_M/Angiosoms/DM079_M_R_LCA.csv,27.1597445887,1386,valid,
DM079,R,LPA,/home/wenalz/Documents/Antigravity projects/thermalDFU/IEE data port(original)/ThermoDataBase(IEE data port)/ThermoDataBase/DM Group/DM079_M/Angiosoms/DM079_M_R_LPA.csv,25.6372555366,3522,valid,
DM079,R,MCA,/home/wenalz/Documents/Antigravity projects/thermalDFU/IEE data port(original)/ThermoDataBase(IEE data port)/ThermoDataBase/DM Group/DM079_M/Angiosoms/DM079_M_R_MCA.csv,27.8357456243,857,valid,
DM079,R,MPA,/home/wenalz/Documents/Antigravity projects/thermalDFU/IEE data port(original)/ThermoDataBase(IEE data port)/ThermoDataBase/DM Group/DM079_M/Angiosoms/DM079_M_R_MPA.csv,25.9507047546,1304,valid,
DM080,L,LCA,/home/wenalz/Documents/Antigravity projects/thermalDFU/IEE data port(original)/ThermoDataBase(IEE data port)/ThermoDataBase/DM Group/DM080_F/Angiosoms/DM080_F_L_LCA.csv,27.564479385,1431,valid,
DM080,L,LPA,/home/wenalz/Documents/Antigravity projects/thermalDFU/IEE data port(original)/ThermoDataBase(IEE data port)/ThermoDataBase/DM Group/DM080_F/Angiosoms/DM080_F_L_LPA.csv,28.1256677496,3386,valid,
DM080,L,MCA,/home/wenalz/Documents/Antigravity projects/thermalDFU/IEE data port(original)/ThermoDataBase(IEE data port)/ThermoDataBase/DM Group/DM080_F/Angiosoms/DM080_F_L_MCA.csv,27.7960524064,935,valid,
DM080,L,MPA,/home/wenalz/Documents/Antigravity projects/thermalDFU/IEE data port(original)/ThermoDataBase(IEE data port)/ThermoDataBase/DM Group/DM080_F/Angiosoms/DM080_F_L_MPA.csv,28.6224223022,1390,valid,
DM080,R,LCA,/home/wenalz/Documents/Antigravity projects/thermalDFU/IEE data port(original)/ThermoDataBase(IEE data port)/ThermoDataBase/DM Group/DM080_F/Angiosoms/DM080_F_R_LCA.csv,27.8174299201,1377,valid,
DM080,R,LPA,/home/wenalz/Documents/Antigravity projects/thermalDFU/IEE data port(original)/ThermoDataBase(IEE data port)/ThermoDataBase/DM Group/DM080_F/Angiosoms/DM080_F_R_LPA.csv,29.5620496912,3562,valid,
DM080,R,MCA,/home/wenalz/Documents/Antigravity projects/thermalDFU/IEE data port(original)/ThermoDataBase(IEE data port)/ThermoDataBase/DM Group/DM080_F/Angiosoms/DM080_F_R_MCA.csv,28.1687966942,1210,valid,
DM080,R,MPA,/home/wenalz/Documents/Antigravity projects/thermalDFU/IEE data port(original)/ThermoDataBase(IEE data port)/ThermoDataBase/DM Group/DM080_F/Angiosoms/DM080_F_R_MPA.csv,30.0781964912,1425,valid,
DM081,L,LCA,/home/wenalz/Documents/Antigravity projects/thermalDFU/IEE data port(original)/ThermoDataBase(IEE data port)/ThermoDataBase/DM Group/DM081_F/Angiosoms/DM081_F_L_LCA.csv,28.2616345291,1338,valid,
DM081,L,LPA,/home/wenalz/Documents/Antigravity projects/thermalDFU/IEE data port(original)/ThermoDataBase(IEE data port)/ThermoDataBase/DM Group/DM081_F/Angiosoms/DM081_F_L_LPA.csv,27.7495981986,3997,valid,
DM081,L,MCA,/home/wenalz/Documents/Antigravity projects/thermalDFU/IEE data port(original)/ThermoDataBase(IEE data port)/ThermoDataBase/DM Group/DM081_F/Angiosoms/DM081_F_L_MCA.csv,28.7394188034,1053,valid,
DM081,L,MPA,/home/wenalz/Documents/Antigravity projects/thermalDFU/IEE data port(original)/ThermoDataBase(IEE data port)/ThermoDataBase/DM Group/DM081_F/Angiosoms/DM081_F_L_MPA.csv,28.3421213793,1450,valid,
DM081,R,LCA,/home/wenalz/Documents/Antigravity projects/thermalDFU/IEE data port(original)/ThermoDataBase(IEE data port)/ThermoDataBase/DM Group/DM081_F/Angiosoms/DM081_F_R_LCA.csv,27.9861959654,1388,valid,
DM081,R,LPA,/home/wenalz/Documents/Antigravity projects/thermalDFU/IEE data port(original)/ThermoDataBase(IEE data port)/ThermoDataBase/DM Group/DM081_F/Angiosoms/DM081_F_R_LPA.csv,27.518778169,3976,valid,
DM081,R,MCA,/home/wenalz/Documents/Antigravity projects/thermalDFU/IEE data port(original)/ThermoDataBase(IEE data port)/ThermoDataBase/DM Group/DM081_F/Angiosoms/DM081_F_R_MCA.csv,28.776264239,1071,valid,
DM081,R,MPA,/home/wenalz/Documents/Antigravity projects/thermalDFU/IEE data port(original)/ThermoDataBase(IEE data port)/ThermoDataBase/DM Group/DM081_F/Angiosoms/DM081_F_R_MPA.csv,28.0512617398,1299,valid,
DM082,L,LCA,/home/wenalz/Documents/Antigravity projects/thermalDFU/IEE data port(original)/ThermoDataBase(IEE data port)/ThermoDataBase/DM Group/DM082_F/Angiosoms/DM082_F_L_LCA.csv,32.4140615785,1153,valid,
DM082,L,LPA,/home/wenalz/Documents/Antigravity projects/thermalDFU/IEE data port(original)/ThermoDataBase(IEE data port)/ThermoDataBase/DM Group/DM082_F/Angiosoms/DM082_F_L_LPA.csv,34.6485078548,3883,valid,
DM082,L,MCA,/home/wenalz/Documents/Antigravity projects/thermalDFU/IEE data port(original)/ThermoDataBase(IEE data port)/ThermoDataBase/DM Group/DM082_F/Angiosoms/DM082_F_L_MCA.csv,33.0359553806,1143,valid,
DM082,L,MPA,/home/wenalz/Documents/Antigravity projects/thermalDFU/IEE data port(original)/ThermoDataBase(IEE data port)/ThermoDataBase/DM Group/DM082_F/Angiosoms/DM082_F_L_MPA.csv,35.1545029821,1509,valid,
DM082,R,LCA,/home/wenalz/Documents/Antigravity projects/thermalDFU/IEE data port(original)/ThermoDataBase(IEE data port)/ThermoDataBase/DM Group/DM082_F/Angiosoms/DM082_F_R_LCA.csv,32.8611383353,853,valid,
DM082,R,LPA,/home/wenalz/Documents/Antigravity projects/thermalDFU/IEE data port(original)/ThermoDataBase(IEE data port)/ThermoDataBase/DM Group/DM082_F/Angiosoms/DM082_F_R_LPA.csv,34.17727733,3970,valid,
DM082,R,MCA,/home/wenalz/Documents/Antigravity projects/thermalDFU/IEE data port(original)/ThermoDataBase(IEE data port)/ThermoDataBase/DM Group/DM082_F/Angiosoms/DM082_F_R_MCA.csv,33.7041413721,1443,valid,
DM082,R,MPA,/home/wenalz/Documents/Antigravity projects/thermalDFU/IEE data port(original)/ThermoDataBase(IEE data port)/ThermoDataBase/DM Group/DM082_F/Angiosoms/DM082_F_R_MPA.csv,35.1882521856,1487,valid,
DM083,L,LCA,/home/wenalz/Documents/Antigravity projects/thermalDFU/IEE data port(original)/ThermoDataBase(IEE data port)/ThermoDataBase/DM Group/DM083_M/Angiosoms/DM083_M_L_LCA.csv,27.4245851137,1451,valid,
DM083,L,LPA,/home/wenalz/Documents/Antigravity projects/thermalDFU/IEE data port(original)/ThermoDataBase(IEE data port)/ThermoDataBase/DM Group/DM083_M/Angiosoms/DM083_M_L_LPA.csv,29.7732954139,3358,valid,
DM083,L,MCA,/home/wenalz/Documents/Antigravity projects/thermalDFU/IEE data port(original)/ThermoDataBase(IEE data port)/ThermoDataBase/DM Group/DM083_M/Angiosoms/DM083_M_L_MCA.csv,28.0124287129,1010,valid,
DM083,L,MPA,/home/wenalz/Documents/Antigravity projects/thermalDFU/IEE data port(original)/ThermoDataBase(IEE data port)/ThermoDataBase/DM Group/DM083_M/Angiosoms/DM083_M_L_MPA.csv,29.6488126446,1297,valid,
DM083,R,LCA,/home/wenalz/Documents/Antigravity projects/thermalDFU/IEE data port(original)/ThermoDataBase(IEE data port)/ThermoDataBase/DM Group/DM083_M/Angiosoms/DM083_M_R_LCA.csv,29.2348773373,1337,valid,
DM083,R,LPA,/home/wenalz/Documents/Antigravity projects/thermalDFU/IEE data port(original)/ThermoDataBase(IEE data port)/ThermoDataBase/DM Group/DM083_M/Angiosoms/DM083_M_R_LPA.csv,31.5716155334,3618,valid,
DM083,R,MCA,/home/wenalz/Documents/Antigravity projects/thermalDFU/IEE data port(original)/ThermoDataBase(IEE data port)/ThermoDataBase/DM Group/DM083_M/Angiosoms/DM083_M_R_MCA.csv,29.3872308534,914,valid,
DM083,R,MPA,/home/wenalz/Documents/Antigravity projects/thermalDFU/IEE data port(original)/ThermoDataBase(IEE data port)/ThermoDataBase/DM Group/DM083_M/Angiosoms/DM083_M_R_MPA.csv,31.9232403561,1348,valid,
DM084,L,LCA,/home/wenalz/Documents/Antigravity projects/thermalDFU/IEE data port(original)/ThermoDataBase(IEE data port)/ThermoDataBase/DM Group/DM084_F/Angiosoms/DM084_F_L_LCA.csv,28.5028880427,1313,valid,
DM084,L,LPA,/home/wenalz/Documents/Antigravity projects/thermalDFU/IEE data port(original)/ThermoDataBase(IEE data port)/ThermoDataBase/DM Group/DM084_F/Angiosoms/DM084_F_L_LPA.csv,30.0644347371,3823,valid,
DM084,L,MCA,/home/wenalz/Documents/Antigravity projects/thermalDFU/IEE data port(original)/ThermoDataBase(IEE data port)/ThermoDataBase/DM Group/DM084_F/Angiosoms/DM084_F_L_MCA.csv,29.0381853583,1284,valid,
DM084,L,MPA,/home/wenalz/Documents/Antigravity projects/thermalDFU/IEE data port(original)/ThermoDataBase(IEE data port)/ThermoDataBase/DM Group/DM084_F/Angiosoms/DM084_F_L_MPA.csv,31.4611469816,1524,valid,
DM084,R,LCA,/home/wenalz/Documents/Antigravity projects/thermalDFU/IEE data port(original)/ThermoDataBase(IEE data port)/ThermoDataBase/DM Group/DM084_F/Angiosoms/DM084_F_R_LCA.csv,28.8082781104,1503,valid,
DM084,R,LPA,/home/wenalz/Documents/Antigravity projects/thermalDFU/IEE data port(original)/ThermoDataBase(IEE data port)/ThermoDataBase/DM Group/DM084_F/Angiosoms/DM084_F_R_LPA.csv,29.9803526676,3655,valid,
DM084,R,MCA,/home/wenalz/Documents/Antigravity projects/thermalDFU/IEE data port(original)/ThermoDataBase(IEE data port)/ThermoDataBase/DM Group/DM084_F/Angiosoms/DM084_F_R_MCA.csv,29.4915179856,973,valid,
DM084,R,MPA,/home/wenalz/Documents/Antigravity projects/thermalDFU/IEE data port(original)/ThermoDataBase(IEE data port)/ThermoDataBase/DM Group/DM084_F/Angiosoms/DM084_F_R_MPA.csv,30.5982101449,1380,valid,
DM085,L,LCA,/home/wenalz/Documents/Antigravity projects/thermalDFU/IEE data port(original)/ThermoDataBase(IEE data port)/ThermoDataBase/DM Group/DM085_F/Angiosoms/DM085_F_L_LCA.csv,23.8451438152,1342,valid,
DM085,L,LPA,/home/wenalz/Documents/Antigravity projects/thermalDFU/IEE data port(original)/ThermoDataBase(IEE data port)/ThermoDataBase/DM Group/DM085_F/Angiosoms/DM085_F_L_LPA.csv,21.5397101493,3281,valid,
DM085,L,MCA,/home/wenalz/Documents/Antigravity projects/thermalDFU/IEE data port(original)/ThermoDataBase(IEE data port)/ThermoDataBase/DM Group/DM085_F/Angiosoms/DM085_F_L_MCA.csv,23.5626427657,781,valid,
DM085,L,MPA,/home/wenalz/Documents/Antigravity projects/thermalDFU/IEE data port(original)/ThermoDataBase(IEE data port)/ThermoDataBase/DM Group/DM085_F/Angiosoms/DM085_F_L_MPA.csv,21.9735,1306,valid,
DM085,R,LCA,/home/wenalz/Documents/Antigravity projects/thermalDFU/IEE data port(original)/ThermoDataBase(IEE data port)/ThermoDataBase/DM Group/DM085_F/Angiosoms/DM085_F_R_LCA.csv,23.6148157248,1221,valid,
DM085,R,LPA,/home/wenalz/Documents/Antigravity projects/thermalDFU/IEE data port(original)/ThermoDataBase(IEE data port)/ThermoDataBase/DM Group/DM085_F/Angiosoms/DM085_F_R_LPA.csv,21.7546606043,3409,valid,
DM085,R,MCA,/home/wenalz/Documents/Antigravity projects/thermalDFU/IEE data port(original)/ThermoDataBase(IEE data port)/ThermoDataBase/DM Group/DM085_F/Angiosoms/DM085_F_R_MCA.csv,23.4983076099,933,valid,
DM085,R,MPA,/home/wenalz/Documents/Antigravity projects/thermalDFU/IEE data port(original)/ThermoDataBase(IEE data port)/ThermoDataBase/DM Group/DM085_F/Angiosoms/DM085_F_R_MPA.csv,22.0657926199,1355,valid,
DM086,L,LCA,/home/wenalz/Documents/Antigravity projects/thermalDFU/IEE data port(original)/ThermoDataBase(IEE data port)/ThermoDataBase/DM Group/DM086_F/Angiosoms/DM086_F_L_LCA.csv,28.5080177253,1354,valid,
DM086,L,LPA,/home/wenalz/Documents/Antigravity projects/thermalDFU/IEE data port(original)/ThermoDataBase(IEE data port)/ThermoDataBase/DM Group/DM086_F/Angiosoms/DM086_F_L_LPA.csv,29.2869064087,4135,valid,
DM086,L,MCA,/home/wenalz/Documents/Antigravity projects/thermalDFU/IEE data port(original)/ThermoDataBase(IEE data port)/ThermoDataBase/DM Group/DM086_F/Angiosoms/DM086_F_L_MCA.csv,28.7174313012,1099,valid,
DM086,L,MPA,/home/wenalz/Documents/Antigravity projects/thermalDFU/IEE data port(original)/ThermoDataBase(IEE data port)/ThermoDataBase/DM Group/DM086_F/Angiosoms/DM086_F_L_MPA.csv,29.4517461929,1773,valid,
DM086,R,LCA,/home/wenalz/Documents/Antigravity projects/thermalDFU/IEE data port(original)/ThermoDataBase(IEE data port)/ThermoDataBase/DM Group/DM086_F/Angiosoms/DM086_F_R_LCA.csv,28.6669920319,1255,valid,
DM086,R,LPA,/home/wenalz/Documents/Antigravity projects/thermalDFU/IEE data port(original)/ThermoDataBase(IEE data port)/ThermoDataBase/DM Group/DM086_F/Angiosoms/DM086_F_R_LPA.csv,29.2324344812,4472,valid,
DM086,R,MCA,/home/wenalz/Documents/Antigravity projects/thermalDFU/IEE data port(original)/ThermoDataBase(IEE data port)/ThermoDataBase/DM Group/DM086_F/Angiosoms/DM086_F_R_MCA.csv,28.5201414449,1315,valid,
DM086,R,MPA,/home/wenalz/Documents/Antigravity projects/thermalDFU/IEE data port(original)/ThermoDataBase(IEE data port)/ThermoDataBase/DM Group/DM086_F/Angiosoms/DM086_F_R_MPA.csv,29.1413416252,1809,valid,
DM087,L,LCA,/home/wenalz/Documents/Antigravity projects/thermalDFU/IEE data port(original)/ThermoDataBase(IEE data port)/ThermoDataBase/DM Group/DM087_F/Angiosoms/DM087_F_L_LCA.csv,28.3254261857,1497,valid,
DM087,L,LPA,/home/wenalz/Documents/Antigravity projects/thermalDFU/IEE data port(original)/ThermoDataBase(IEE data port)/ThermoDataBase/DM Group/DM087_F/Angiosoms/DM087_F_L_LPA.csv,28.9761444418,4237,valid,
DM087,L,MCA,/home/wenalz/Documents/Antigravity projects/thermalDFU/IEE data port(original)/ThermoDataBase(IEE data port)/ThermoDataBase/DM Group/DM087_F/Angiosoms/DM087_F_L_MCA.csv,29.0260571205,1278,valid,
DM087,L,MPA,/home/wenalz/Documents/Antigravity projects/thermalDFU/IEE data port(original)/ThermoDataBase(IEE data port)/ThermoDataBase/DM Group/DM087_F/Angiosoms/DM087_F_L_MPA.csv,29.1749703024,1852,valid,
DM087,R,LCA,/home/wenalz/Documents/Antigravity projects/thermalDFU/IEE data port(original)/ThermoDataBase(IEE data port)/ThermoDataBase/DM Group/DM087_F/Angiosoms/DM087_F_R_LCA.csv,27.8489347102,1501,valid,
DM087,R,LPA,/home/wenalz/Documents/Antigravity projects/thermalDFU/IEE data port(original)/ThermoDataBase(IEE data port)/ThermoDataBase/DM Group/DM087_F/Angiosoms/DM087_F_R_LPA.csv,30.8947210225,4538,valid,
DM087,R,MCA,/home/wenalz/Documents/Antigravity projects/thermalDFU/IEE data port(original)/ThermoDataBase(IEE data port)/ThermoDataBase/DM Group/DM087_F/Angiosoms/DM087_F_R_MCA.csv,29.104788559,1381,valid,
DM087,R,MPA,/home/wenalz/Documents/Antigravity projects/thermalDFU/IEE data port(original)/ThermoDataBase(IEE data port)/ThermoDataBase/DM Group/DM087_F/Angiosoms/DM087_F_R_MPA.csv,31.4794322581,1860,valid,
DM088,L,LCA,/home/wenalz/Documents/Antigravity projects/thermalDFU/IEE data port(original)/ThermoDataBase(IEE data port)/ThermoDataBase/DM Group/DM088_M/Angiosoms/DM088_M_L_LCA.csv,31.2492712465,1412,valid,
DM088,L,LPA,/home/wenalz/Documents/Antigravity projects/thermalDFU/IEE data port(original)/ThermoDataBase(IEE data port)/ThermoDataBase/DM Group/DM088_M/Angiosoms/DM088_M_L_LPA.csv,32.4432131299,4326,valid,
DM088,L,MCA,/home/wenalz/Documents/Antigravity projects/thermalDFU/IEE data port(original)/ThermoDataBase(IEE data port)/ThermoDataBase/DM Group/DM088_M/Angiosoms/DM088_M_L_MCA.csv,30.7589945568,1286,valid,
DM088,L,MPA,/home/wenalz/Documents/Antigravity projects/thermalDFU/IEE data port(original)/ThermoDataBase(IEE data port)/ThermoDataBase/DM Group/DM088_M/Angiosoms/DM088_M_L_MPA.csv,31.8005667718,1902,valid,
DM088,R,LCA,/home/wenalz/Documents/Antigravity projects/thermalDFU/IEE data port(original)/ThermoDataBase(IEE data port)/ThermoDataBase/DM Group/DM088_M/Angiosoms/DM088_M_R_LCA.csv,32.6027977273,1320,valid,
DM088,R,LPA,/home/wenalz/Documents/Antigravity projects/thermalDFU/IEE data port(original)/ThermoDataBase(IEE data port)/ThermoDataBase/DM Group/DM088_M/Angiosoms/DM088_M_R_LPA.csv,33.0698574324,4440,valid,
DM088,R,MCA,/home/wenalz/Documents/Antigravity projects/thermalDFU/IEE data port(original)/ThermoDataBase(IEE data port)/ThermoDataBase/DM Group/DM088_M/Angiosoms/DM088_M_R_MCA.csv,32.6192629683,1388,valid,
DM088,R,MPA,/home/wenalz/Documents/Antigravity projects/thermalDFU/IEE data port(original)/ThermoDataBase(IEE data port)/ThermoDataBase/DM Group/DM088_M/Angiosoms/DM088_M_R_MPA.csv,32.8408512793,1876,valid,
DM089,L,LCA,/home/wenalz/Documents/Antigravity projects/thermalDFU/IEE data port(original)/ThermoDataBase(IEE data port)/ThermoDataBase/DM Group/DM089_F/Angiosoms/DM089_F_L_LCA.csv,29.0857459177,1531,valid,
DM089,L,LPA,/home/wenalz/Documents/Antigravity projects/thermalDFU/IEE data port(original)/ThermoDataBase(IEE data port)/ThermoDataBase/DM Group/DM089_F/Angiosoms/DM089_F_L_LPA.csv,32.2358638909,4107,valid,
DM089,L,MCA,/home/wenalz/Documents/Antigravity projects/thermalDFU/IEE data port(original)/ThermoDataBase(IEE data port)/ThermoDataBase/DM Group/DM089_F/Angiosoms/DM089_F_L_MCA.csv,28.8312036857,1031,valid,
DM089,L,MPA,/home/wenalz/Documents/Antigravity projects/thermalDFU/IEE data port(original)/ThermoDataBase(IEE data port)/ThermoDataBase/DM Group/DM089_F/Angiosoms/DM089_F_L_MPA.csv,33.1364039948,1552,valid,
DM089,R,LCA,/home/wenalz/Documents/Antigravity projects/thermalDFU/IEE data port(original)/ThermoDataBase(IEE data port)/ThermoDataBase/DM Group/DM089_F/Angiosoms/DM089_F_R_LCA.csv,29.2470020576,1458,valid,
DM089,R,LPA,/home/wenalz/Documents/Antigravity projects/thermalDFU/IEE data port(original)/ThermoDataBase(IEE data port)/ThermoDataBase/DM Group/DM089_F/Angiosoms/DM089_F_R_LPA.csv,32.7906590313,4191,valid,
DM089,R,MCA,/home/wenalz/Documents/Antigravity projects/thermalDFU/IEE data port(original)/ThermoDataBase(IEE data port)/ThermoDataBase/DM Group/DM089_F/Angiosoms/DM089_F_R_MCA.csv,29.3557404651,1075,valid,
DM089,R,MPA,/home/wenalz/Documents/Antigravity projects/thermalDFU/IEE data port(original)/ThermoDataBase(IEE data port)/ThermoDataBase/DM Group/DM089_F/Angiosoms/DM089_F_R_MPA.csv,33.7275076718,1499,valid,
DM090,L,LCA,/home/wenalz/Documents/Antigravity projects/thermalDFU/IEE data port(original)/ThermoDataBase(IEE data port)/ThermoDataBase/DM Group/DM090_F/Angiosoms/DM090_F_L_LCA.csv,26.2723964781,1874,valid,
DM090,L,LPA,/home/wenalz/Documents/Antigravity projects/thermalDFU/IEE data port(original)/ThermoDataBase(IEE data port)/ThermoDataBase/DM Group/DM090_F/Angiosoms/DM090_F_L_LPA.csv,24.554908357,4583,valid,
DM090,L,MCA,/home/wenalz/Documents/Antigravity projects/thermalDFU/IEE data port(original)/ThermoDataBase(IEE data port)/ThermoDataBase/DM Group/DM090_F/Angiosoms/DM090_F_L_MCA.csv,26.5593176471,1275,valid,
DM090,L,MPA,/home/wenalz/Documents/Antigravity projects/thermalDFU/IEE data port(original)/ThermoDataBase(IEE data port)/ThermoDataBase/DM Group/DM090_F/Angiosoms/DM090_F_L_MPA.csv,24.8259304556,1668,valid,
DM090,R,LCA,/home/wenalz/Documents/Antigravity projects/thermalDFU/IEE data port(original)/ThermoDataBase(IEE data port)/ThermoDataBase/DM Group/DM090_F/Angiosoms/DM090_F_R_LCA.csv,25.9281409168,1767,valid,
DM090,R,LPA,/home/wenalz/Documents/Antigravity projects/thermalDFU/IEE data port(original)/ThermoDataBase(IEE data port)/ThermoDataBase/DM Group/DM090_F/Angiosoms/DM090_F_R_LPA.csv,25.3060210526,5130,valid,
DM090,R,MCA,/home/wenalz/Documents/Antigravity projects/thermalDFU/IEE data port(original)/ThermoDataBase(IEE data port)/ThermoDataBase/DM Group/DM090_F/Angiosoms/DM090_F_R_MCA.csv,26.3088178368,1581,valid,
DM090,R,MPA,/home/wenalz/Documents/Antigravity projects/thermalDFU/IEE data port(original)/ThermoDataBase(IEE data port)/ThermoDataBase/DM Group/DM090_F/Angiosoms/DM090_F_R_MPA.csv,25.3644135593,1770,valid,
DM091,L,LCA,/home/wenalz/Documents/Antigravity projects/thermalDFU/IEE data port(original)/ThermoDataBase(IEE data port)/ThermoDataBase/DM Group/DM091_M/Angiosoms/DM091_M_L_LCA.csv,33.5621122685,1728,valid,
DM091,L,LPA,/home/wenalz/Documents/Antigravity projects/thermalDFU/IEE data port(original)/ThermoDataBase(IEE data port)/ThermoDataBase/DM Group/DM091_M/Angiosoms/DM091_M_L_LPA.csv,34.3418776119,4690,valid,
DM091,L,MCA,/home/wenalz/Documents/Antigravity projects/thermalDFU/IEE data port(original)/ThermoDataBase(IEE data port)/ThermoDataBase/DM Group/DM091_M/Angiosoms/DM091_M_L_MCA.csv,32.6972403101,1419,valid,
DM091,L,MPA,/home/wenalz/Documents/Antigravity projects/thermalDFU/IEE data port(original)/ThermoDataBase(IEE data port)/ThermoDataBase/DM Group/DM091_M/Angiosoms/DM091_M_L_MPA.csv,34.1730552514,2009,valid,
DM091,R,LCA,/home/wenalz/Documents/Antigravity projects/thermalDFU/IEE data port(original)/ThermoDataBase(IEE data port)/ThermoDataBase/DM Group/DM091_M/Angiosoms/DM091_M_R_LCA.csv,33.3829173653,1670,valid,
DM091,R,LPA,/home/wenalz/Documents/Antigravity projects/thermalDFU/IEE data port(original)/ThermoDataBase(IEE data port)/ThermoDataBase/DM Group/DM091_M/Angiosoms/DM091_M_R_LPA.csv,34.0172527819,4763,valid,
DM091,R,MCA,/home/wenalz/Documents/Antigravity projects/thermalDFU/IEE data port(original)/ThermoDataBase(IEE data port)/ThermoDataBase/DM Group/DM091_M/Angiosoms/DM091_M_R_MCA.csv,33.2696632302,1455,valid,
DM091,R,MPA,/home/wenalz/Documents/Antigravity projects/thermalDFU/IEE data port(original)/ThermoDataBase(IEE data port)/ThermoDataBase/DM Group/DM091_M/Angiosoms/DM091_M_R_MPA.csv,34.0087000547,1827,valid,
DM092,L,LCA,/home/wenalz/Documents/Antigravity projects/thermalDFU/IEE data port(original)/ThermoDataBase(IEE data port)/ThermoDataBase/DM Group/DM092_F/Angiosoms/DM092_F_L_LCA.csv,34.8146485923,959,valid,
DM092,L,LPA,/home/wenalz/Documents/Antigravity projects/thermalDFU/IEE data port(original)/ThermoDataBase(IEE data port)/ThermoDataBase/DM Group/DM092_F/Angiosoms/DM092_F_L_LPA.csv,35.9313533204,3102,valid,
DM092,L,MCA,/home/wenalz/Documents/Antigravity projects/thermalDFU/IEE data port(original)/ThermoDataBase(IEE data port)/ThermoDataBase/DM Group/DM092_F/Angiosoms/DM092_F_L_MCA.csv,34.9604893617,893,valid,
DM092,L,MPA,/home/wenalz/Documents/Antigravity projects/thermalDFU/IEE data port(original)/ThermoDataBase(IEE data port)/ThermoDataBase/DM Group/DM092_F/Angiosoms/DM092_F_L_MPA.csv,36.0625389774,1193,valid,
DM092,R,LCA,/home/wenalz/Documents/Antigravity projects/thermalDFU/IEE data port(original)/ThermoDataBase(IEE data port)/ThermoDataBase/DM Group/DM092_F/Angiosoms/DM092_F_R_LCA.csv,35.3193466807,949,valid,
DM092,R,LPA,/home/wenalz/Documents/Antigravity projects/thermalDFU/IEE data port(original)/ThermoDataBase(IEE data port)/ThermoDataBase/DM Group/DM092_F/Angiosoms/DM092_F_R_LPA.csv,35.911442119,3058,valid,
DM092,R,MCA,/home/wenalz/Documents/Antigravity projects/thermalDFU/IEE data port(original)/ThermoDataBase(IEE data port)/ThermoDataBase/DM Group/DM092_F/Angiosoms/DM092_F_R_MCA.csv,35.1257572464,828,valid,
DM092,R,MPA,/home/wenalz/Documents/Antigravity projects/thermalDFU/IEE data port(original)/ThermoDataBase(IEE data port)/ThermoDataBase/DM Group/DM092_F/Angiosoms/DM092_F_R_MPA.csv,35.5430873087,1111,valid,
DM093,L,LCA,/home/wenalz/Documents/Antigravity projects/thermalDFU/IEE data port(original)/ThermoDataBase(IEE data port)/ThermoDataBase/DM Group/DM093_F/Angiosoms/DM093_F_L_LCA.csv,34.6814053351,1537,valid,
DM093,L,LPA,/home/wenalz/Documents/Antigravity projects/thermalDFU/IEE data port(original)/ThermoDataBase(IEE data port)/ThermoDataBase/DM Group/DM093_F/Angiosoms/DM093_F_L_LPA.csv,35.3246012855,4512,valid,
DM093,L,MCA,/home/wenalz/Documents/Antigravity projects/thermalDFU/IEE data port(original)/ThermoDataBase(IEE data port)/ThermoDataBase/DM Group/DM093_F/Angiosoms/DM093_F_L_MCA.csv,34.6275955143,1293,valid,
DM093,L,MPA,/home/wenalz/Documents/Antigravity projects/thermalDFU/IEE data port(original)/ThermoDataBase(IEE data port)/ThermoDataBase/DM Group/DM093_F/Angiosoms/DM093_F_L_MPA.csv,35.3460654258,1773,valid,
DM093,R,LCA,/home/wenalz/Documents/Antigravity projects/thermalDFU/IEE data port(original)/ThermoDataBase(IEE data port)/ThermoDataBase/DM Group/DM093_F/Angiosoms/DM093_F_R_LCA.csv,34.2856284672,1370,valid,
DM093,R,LPA,/home/wenalz/Documents/Antigravity projects/thermalDFU/IEE data port(original)/ThermoDataBase(IEE data port)/ThermoDataBase/DM Group/DM093_F/Angiosoms/DM093_F_R_LPA.csv,34.710072801,4684,valid,
DM093,R,MCA,/home/wenalz/Documents/Antigravity projects/thermalDFU/IEE data port(original)/ThermoDataBase(IEE data port)/ThermoDataBase/DM Group/DM093_F/Angiosoms/DM093_F_R_MCA.csv,34.7168423295,1408,valid,
DM093,R,MPA,/home/wenalz/Documents/Antigravity projects/thermalDFU/IEE data port(original)/ThermoDataBase(IEE data port)/ThermoDataBase/DM Group/DM093_F/Angiosoms/DM093_F_R_MPA.csv,34.8662199037,1869,valid,
DM094,L,LCA,/home/wenalz/Documents/Antigravity projects/thermalDFU/IEE data port(original)/ThermoDataBase(IEE data port)/ThermoDataBase/DM Group/DM094_F/Angiosoms/DM094_F_L_LCA.csv,26.5974426559,1491,valid,
DM094,L,LPA,/home/wenalz/Documents/Antigravity projects/thermalDFU/IEE data port(original)/ThermoDataBase(IEE data port)/ThermoDataBase/DM Group/DM094_F/Angiosoms/DM094_F_L_LPA.csv,25.8909920576,4029,valid,
DM094,L,MCA,/home/wenalz/Documents/Antigravity projects/thermalDFU/IEE data port(original)/ThermoDataBase(IEE data port)/ThermoDataBase/DM Group/DM094_F/Angiosoms/DM094_F_L_MCA.csv,27.587673093,1193,valid,
DM094,L,MPA,/home/wenalz/Documents/Antigravity projects/thermalDFU/IEE data port(original)/ThermoDataBase(IEE data port)/ThermoDataBase/DM Group/DM094_F/Angiosoms/DM094_F_L_MPA.csv,27.1397217105,1520,valid,
DM094,R,LCA,/home/wenalz/Documents/Antigravity projects/thermalDFU/IEE data port(original)/ThermoDataBase(IEE data port)/ThermoDataBase/DM Group/DM094_F/Angiosoms/DM094_F_R_LCA.csv,26.2395022255,1348,valid,
DM094,R,LPA,/home/wenalz/Documents/Antigravity projects/thermalDFU/IEE data port(original)/ThermoDataBase(IEE data port)/ThermoDataBase/DM Group/DM094_F/Angiosoms/DM094_F_R_LPA.csv,25.1114965243,4028,valid,
DM094,R,MCA,/home/wenalz/Documents/Antigravity projects/thermalDFU/IEE data port(original)/ThermoDataBase(IEE data port)/ThermoDataBase/DM Group/DM094_F/Angiosoms/DM094_F_R_MCA.csv,26.6361129163,1231,valid,
DM094,R,MPA,/home/wenalz/Documents/Antigravity projects/thermalDFU/IEE data port(original)/ThermoDataBase(IEE data port)/ThermoDataBase/DM Group/DM094_F/Angiosoms/DM094_F_R_MPA.csv,25.280622,1500,valid,
DM095,L,LCA,/home/wenalz/Documents/Antigravity projects/thermalDFU/IEE data port(original)/ThermoDataBase(IEE data port)/ThermoDataBase/DM Group/DM095_F/Angiosoms/DM095_F_L_LCA.csv,24.2641830189,1590,valid,
DM095,L,LPA,/home/wenalz/Documents/Antigravity projects/thermalDFU/IEE data port(original)/ThermoDataBase(IEE data port)/ThermoDataBase/DM Group/DM095_F/Angiosoms/DM095_F_L_LPA.csv,26.3812755151,4174,valid,
DM095,L,MCA,/home/wenalz/Documents/Antigravity projects/thermalDFU/IEE data port(original)/ThermoDataBase(IEE data port)/ThermoDataBase/DM Group/DM095_F/Angiosoms/DM095_F_L_MCA.csv,24.7304339948,1159,valid,
DM095,L,MPA,/home/wenalz/Documents/Antigravity projects/thermalDFU/IEE data port(original)/ThermoDataBase(IEE data port)/ThermoDataBase/DM Group/DM095_F/Angiosoms/DM095_F_L_MPA.csv,26.6014160134,1786,valid,
DM095,R,LCA,/home/wenalz/Documents/Antigravity projects/thermalDFU/IEE data port(original)/ThermoDataBase(IEE data port)/ThermoDataBase/DM Group/DM095_F/Angiosoms/DM095_F_R_LCA.csv,26.3206973415,1467,valid,
DM095,R,LPA,/home/wenalz/Documents/Antigravity projects/thermalDFU/IEE data port(original)/ThermoDataBase(IEE data port)/ThermoDataBase/DM Group/DM095_F/Angiosoms/DM095_F_R_LPA.csv,27.2722637387,4531,valid,
DM095,R,MCA,/home/wenalz/Documents/Antigravity projects/thermalDFU/IEE data port(original)/ThermoDataBase(IEE data port)/ThermoDataBase/DM Group/DM095_F/Angiosoms/DM095_F_R_MCA.csv,26.859852459,1403,valid,
DM095,R,MPA,/home/wenalz/Documents/Antigravity projects/thermalDFU/IEE data port(original)/ThermoDataBase(IEE data port)/ThermoDataBase/DM Group/DM095_F/Angiosoms/DM095_F_R_MPA.csv,27.4562444568,1804,valid,
DM096,L,LCA,/home/wenalz/Documents/Antigravity projects/thermalDFU/IEE data port(original)/ThermoDataBase(IEE data port)/ThermoDataBase/DM Group/DM096_M/Angiosoms/DM096_M_L_LCA.csv,25.0626850292,1543,valid,
DM096,L,LPA,/home/wenalz/Documents/Antigravity projects/thermalDFU/IEE data port(original)/ThermoDataBase(IEE data port)/ThermoDataBase/DM Group/DM096_M/Angiosoms/DM096_M_L_LPA.csv,27.3708388198,4101,valid,
DM096,L,MCA,/home/wenalz/Documents/Antigravity projects/thermalDFU/IEE data port(original)/ThermoDataBase(IEE data port)/ThermoDataBase/DM Group/DM096_M/Angiosoms/DM096_M_L_MCA.csv,26.3032849741,1158,valid,
DM096,L,MPA,/home/wenalz/Documents/Antigravity projects/thermalDFU/IEE data port(original)/ThermoDataBase(IEE data port)/ThermoDataBase/DM Group/DM096_M/Angiosoms/DM096_M_L_MPA.csv,27.0573319791,1723,valid,
DM096,R,LCA,/home/wenalz/Documents/Antigravity projects/thermalDFU/IEE data port(original)/ThermoDataBase(IEE data port)/ThermoDataBase/DM Group/DM096_M/Angiosoms/DM096_M_R_LCA.csv,22.6946447453,1551,valid,
DM096,R,LPA,/home/wenalz/Documents/Antigravity projects/thermalDFU/IEE data port(original)/ThermoDataBase(IEE data port)/ThermoDataBase/DM Group/DM096_M/Angiosoms/DM096_M_R_LPA.csv,26.6385968254,4095,valid,
DM096,R,MCA,/home/wenalz/Documents/Antigravity projects/thermalDFU/IEE data port(original)/ThermoDataBase(IEE data port)/ThermoDataBase/DM Group/DM096_M/Angiosoms/DM096_M_R_MCA.csv,23.1417525338,1184,valid,
DM096,R,MPA,/home/wenalz/Documents/Antigravity projects/thermalDFU/IEE data port(original)/ThermoDataBase(IEE data port)/ThermoDataBase/DM Group/DM096_M/Angiosoms/DM096_M_R_MPA.csv,26.7433394207,1588,valid,
DM097,L,LCA,/home/wenalz/Documents/Antigravity projects/thermalDFU/IEE data port(original)/ThermoDataBase(IEE data port)/ThermoDataBase/DM Group/DM097_F/Angiosoms/DM097_F_L_LCA.csv,31.2201514032,1354,valid,
DM097,L,LPA,/home/wenalz/Documents/Antigravity projects/thermalDFU/IEE data port(original)/ThermoDataBase(IEE data port)/ThermoDataBase/DM Group/DM097_F/Angiosoms/DM097_F_L_LPA.csv,31.1612128782,3603,valid,
DM097,L,MCA,/home/wenalz/Documents/Antigravity projects/thermalDFU/IEE data port(original)/ThermoDataBase(IEE data port)/ThermoDataBase/DM Group/DM097_F/Angiosoms/DM097_F_L_MCA.csv,31.3359558824,1156,valid,
DM097,L,MPA,/home/wenalz/Documents/Antigravity projects/thermalDFU/IEE data port(original)/ThermoDataBase(IEE data port)/ThermoDataBase/DM Group/DM097_F/Angiosoms/DM097_F_L_MPA.csv,31.0977908197,1525,valid,
DM097,R,LCA,/home/wenalz/Documents/Antigravity projects/thermalDFU/IEE data port(original)/ThermoDataBase(IEE data port)/ThermoDataBase/DM Group/DM097_F/Angiosoms/DM097_F_R_LCA.csv,31.6853788321,1370,valid,
DM097,R,LPA,/home/wenalz/Documents/Antigravity projects/thermalDFU/IEE data port(original)/ThermoDataBase(IEE data port)/ThermoDataBase/DM Group/DM097_F/Angiosoms/DM097_F_R_LPA.csv,31.4571491803,3660,valid,
DM097,R,MCA,/home/wenalz/Documents/Antigravity projects/thermalDFU/IEE data port(original)/ThermoDataBase(IEE data port)/ThermoDataBase/DM Group/DM097_F/Angiosoms/DM097_F_R_MCA.csv,31.3950079505,1132,valid,
DM097,R,MPA,/home/wenalz/Documents/Antigravity projects/thermalDFU/IEE data port(original)/ThermoDataBase(IEE data port)/ThermoDataBase/DM Group/DM097_F/Angiosoms/DM097_F_R_MPA.csv,31.2513916545,1366,valid,
DM098,L,LCA,/home/wenalz/Documents/Antigravity projects/thermalDFU/IEE data port(original)/ThermoDataBase(IEE data port)/ThermoDataBase/DM Group/DM098_M/Angiosoms/DM098_M_L_LCA.csv,28.4383733075,1551,valid,
DM098,L,LPA,/home/wenalz/Documents/Antigravity projects/thermalDFU/IEE data port(original)/ThermoDataBase(IEE data port)/ThermoDataBase/DM Group/DM098_M/Angiosoms/DM098_M_L_LPA.csv,28.7985852346,4646,valid,
DM098,L,MCA,/home/wenalz/Documents/Antigravity projects/thermalDFU/IEE data port(original)/ThermoDataBase(IEE data port)/ThermoDataBase/DM Group/DM098_M/Angiosoms/DM098_M_L_MCA.csv,28.4912481848,1515,valid,
DM098,L,MPA,/home/wenalz/Documents/Antigravity projects/thermalDFU/IEE data port(original)/ThermoDataBase(IEE data port)/ThermoDataBase/DM Group/DM098_M/Angiosoms/DM098_M_L_MPA.csv,29.2468710383,1830,valid,
DM098,R,LCA,/home/wenalz/Documents/Antigravity projects/thermalDFU/IEE data port(original)/ThermoDataBase(IEE data port)/ThermoDataBase/DM Group/DM098_M/Angiosoms/DM098_M_R_LCA.csv,29.2850964912,1710,valid,
DM098,R,LPA,/home/wenalz/Documents/Antigravity projects/thermalDFU/IEE data port(original)/ThermoDataBase(IEE data port)/ThermoDataBase/DM Group/DM098_M/Angiosoms/DM098_M_R_LPA.csv,30.6895974895,4780,valid,
DM098,R,MCA,/home/wenalz/Documents/Antigravity projects/thermalDFU/IEE data port(original)/ThermoDataBase(IEE data port)/ThermoDataBase/DM Group/DM098_M/Angiosoms/DM098_M_R_MCA.csv,28.9788130499,1364,valid,
DM098,R,MPA,/home/wenalz/Documents/Antigravity projects/thermalDFU/IEE data port(original)/ThermoDataBase(IEE data port)/ThermoDataBase/DM Group/DM098_M/Angiosoms/DM098_M_R_MPA.csv,31.1466109375,1920,valid,
DM099,L,LCA,/home/wenalz/Documents/Antigravity projects/thermalDFU/IEE data port(original)/ThermoDataBase(IEE data port)/ThermoDataBase/DM Group/DM099_F/Angiosoms/DM099_F_L_LCA.csv,27.6436663887,1199,valid,
DM099,L,LPA,/home/wenalz/Documents/Antigravity projects/thermalDFU/IEE data port(original)/ThermoDataBase(IEE data port)/ThermoDataBase/DM Group/DM099_F/Angiosoms/DM099_F_L_LPA.csv,26.1255901256,3423,valid,
DM099,L,MCA,/home/wenalz/Documents/Antigravity projects/thermalDFU/IEE data port(original)/ThermoDataBase(IEE data port)/ThermoDataBase/DM Group/DM099_F/Angiosoms/DM099_F_L_MCA.csv,28.2562535344,1061,valid,
DM099,L,MPA,/home/wenalz/Documents/Antigravity projects/thermalDFU/IEE data port(original)/ThermoDataBase(IEE data port)/ThermoDataBase/DM Group/DM099_F/Angiosoms/DM099_F_L_MPA.csv,26.661862117,1436,valid,
DM099,R,LCA,/home/wenalz/Documents/Antigravity projects/thermalDFU/IEE data port(original)/ThermoDataBase(IEE data port)/ThermoDataBase/DM Group/DM099_F/Angiosoms/DM099_F_R_LCA.csv,29.5121405551,1117,valid,
DM099,R,LPA,/home/wenalz/Documents/Antigravity projects/thermalDFU/IEE data port(original)/ThermoDataBase(IEE data port)/ThermoDataBase/DM Group/DM099_F/Angiosoms/DM099_F_R_LPA.csv,28.3684873272,3472,valid,
DM099,R,MCA,/home/wenalz/Documents/Antigravity projects/thermalDFU/IEE data port(original)/ThermoDataBase(IEE data port)/ThermoDataBase/DM Group/DM099_F/Angiosoms/DM099_F_R_MCA.csv,29.5178061947,1130,valid,
DM099,R,MPA,/home/wenalz/Documents/Antigravity projects/thermalDFU/IEE data port(original)/ThermoDataBase(IEE data port)/ThermoDataBase/DM Group/DM099_F/Angiosoms/DM099_F_R_MPA.csv,28.521703125,1472,valid,
DM100,L,LCA,/home/wenalz/Documents/Antigravity projects/thermalDFU/IEE data port(original)/ThermoDataBase(IEE data port)/ThermoDataBase/DM Group/DM100_F/Angiosoms/DM100_F_L_LCA.csv,30.3634761561,1384,valid,
DM100,L,LPA,/home/wenalz/Documents/Antigravity projects/thermalDFU/IEE data port(original)/ThermoDataBase(IEE data port)/ThermoDataBase/DM Group/DM100_F/Angiosoms/DM100_F_L_LPA.csv,30.6892860669,3646,valid,
DM100,L,MCA,/home/wenalz/Documents/Antigravity projects/thermalDFU/IEE data port(original)/ThermoDataBase(IEE data port)/ThermoDataBase/DM Group/DM100_F/Angiosoms/DM100_F_L_MCA.csv,30.1217038988,949,valid,
DM100,L,MPA,/home/wenalz/Documents/Antigravity projects/thermalDFU/IEE data port(original)/ThermoDataBase(IEE data port)/ThermoDataBase/DM Group/DM100_F/Angiosoms/DM100_F_L_MPA.csv,30.873454191,1539,valid,
DM100,R,LCA,/home/wenalz/Documents/Antigravity projects/thermalDFU/IEE data port(original)/ThermoDataBase(IEE data port)/ThermoDataBase/DM Group/DM100_F/Angiosoms/DM100_F_R_LCA.csv,30.5736114733,1534,valid,
DM100,R,LPA,/home/wenalz/Documents/Antigravity projects/thermalDFU/IEE data port(original)/ThermoDataBase(IEE data port)/ThermoDataBase/DM Group/DM100_F/Angiosoms/DM100_F_R_LPA.csv,30.8200196696,3813,valid,
DM100,R,MCA,/home/wenalz/Documents/Antigravity projects/thermalDFU/IEE data port(original)/ThermoDataBase(IEE data port)/ThermoDataBase/DM Group/DM100_F/Angiosoms/DM100_F_R_MCA.csv,30.5471755218,1054,valid,
DM100,R,MPA,/home/wenalz/Documents/Antigravity projects/thermalDFU/IEE data port(original)/ThermoDataBase(IEE data port)/ThermoDataBase/DM Group/DM100_F/Angiosoms/DM100_F_R_MPA.csv,30.8547720403,1588,valid,
DM101,L,LCA,/home/wenalz/Documents/Antigravity projects/thermalDFU/IEE data port(original)/ThermoDataBase(IEE data port)/ThermoDataBase/DM Group/DM101_F/Angiosoms/DM101_F_L_LCA.csv,25.4275331395,1720,valid,
DM101,L,LPA,/home/wenalz/Documents/Antigravity projects/thermalDFU/IEE data port(original)/ThermoDataBase(IEE data port)/ThermoDataBase/DM Group/DM101_F/Angiosoms/DM101_F_L_LPA.csv,24.0530388649,4863,valid,
DM101,L,MCA,/home/wenalz/Documents/Antigravity projects/thermalDFU/IEE data port(original)/ThermoDataBase(IEE data port)/ThermoDataBase/DM Group/DM101_F/Angiosoms/DM101_F_L_MCA.csv,26.4004457237,1216,valid,
DM101,L,MPA,/home/wenalz/Documents/Antigravity projects/thermalDFU/IEE data port(original)/ThermoDataBase(IEE data port)/ThermoDataBase/DM Group/DM101_F/Angiosoms/DM101_F_L_MPA.csv,24.4576577986,1917,valid,
DM101,R,LCA,/home/wenalz/Documents/Antigravity projects/thermalDFU/IEE data port(original)/ThermoDataBase(IEE data port)/ThermoDataBase/DM Group/DM101_F/Angiosoms/DM101_F_R_LCA.csv,25.0729479104,1651,valid,
DM101,R,LPA,/home/wenalz/Documents/Antigravity projects/thermalDFU/IEE data port(original)/ThermoDataBase(IEE data port)/ThermoDataBase/DM Group/DM101_F/Angiosoms/DM101_F_R_LPA.csv,24.9064403274,4642,valid,
DM101,R,MCA,/home/wenalz/Documents/Antigravity projects/thermalDFU/IEE data port(original)/ThermoDataBase(IEE data port)/ThermoDataBase/DM Group/DM101_F/Angiosoms/DM101_F_R_MCA.csv,25.4837916981,1325,valid,
DM101,R,MPA,/home/wenalz/Documents/Antigravity projects/thermalDFU/IEE data port(original)/ThermoDataBase(IEE data port)/ThermoDataBase/DM Group/DM101_F/Angiosoms/DM101_F_R_MPA.csv,24.9868272678,1841,valid,
DM102,L,LCA,/home/wenalz/Documents/Antigravity projects/thermalDFU/IEE data port(original)/ThermoDataBase(IEE data port)/ThermoDataBase/DM Group/DM102_F/Angiosoms/DM102_F_L_LCA.csv,28.4246605691,1476,valid,
DM102,L,LPA,/home/wenalz/Documents/Antigravity projects/thermalDFU/IEE data port(original)/ThermoDataBase(IEE data port)/ThermoDataBase/DM Group/DM102_F/Angiosoms/DM102_F_L_LPA.csv,28.4587953232,3806,valid,
DM102,L,MCA,/home/wenalz/Documents/Antigravity projects/thermalDFU/IEE data port(original)/ThermoDataBase(IEE data port)/ThermoDataBase/DM Group/DM102_F/Angiosoms/DM102_F_L_MCA.csv,28.4184736842,969,valid,
DM102,L,MPA,/home/wenalz/Documents/Antigravity projects/thermalDFU/IEE data port(original)/ThermoDataBase(IEE data port)/ThermoDataBase/DM Group/DM102_F/Angiosoms/DM102_F_L_MPA.csv,29.5569775353,1558,valid,
DM102,R,LCA,/home/wenalz/Documents/Antigravity projects/thermalDFU/IEE data port(original)/ThermoDataBase(IEE data port)/ThermoDataBase/DM Group/DM102_F/Angiosoms/DM102_F_R_LCA.csv,28.067665362,1533,valid,
DM102,R,LPA,/home/wenalz/Documents/Antigravity projects/thermalDFU/IEE data port(original)/ThermoDataBase(IEE data port)/ThermoDataBase/DM Group/DM102_F/Angiosoms/DM102_F_R_LPA.csv,27.9765739629,3664,valid,
DM102,R,MCA,/home/wenalz/Documents/Antigravity projects/thermalDFU/IEE data port(original)/ThermoDataBase(IEE data port)/ThermoDataBase/DM Group/DM102_F/Angiosoms/DM102_F_R_MCA.csv,28.0715940695,978,valid,
DM102,R,MPA,/home/wenalz/Documents/Antigravity projects/thermalDFU/IEE data port(original)/ThermoDataBase(IEE data port)/ThermoDataBase/DM Group/DM102_F/Angiosoms/DM102_F_R_MPA.csv,28.5363223196,1483,valid,
DM103,L,LCA,/home/wenalz/Documents/Antigravity projects/thermalDFU/IEE data port(original)/ThermoDataBase(IEE data port)/ThermoDataBase/DM Group/DM103_F/Angiosoms/DM103_F_L_LCA.csv,30.7625977617,1519,valid,
DM103,L,LPA,/home/wenalz/Documents/Antigravity projects/thermalDFU/IEE data port(original)/ThermoDataBase(IEE data port)/ThermoDataBase/DM Group/DM103_F/Angiosoms/DM103_F_L_LPA.csv,28.7359093434,3960,valid,
DM103,L,MCA,/home/wenalz/Documents/Antigravity projects/thermalDFU/IEE data port(original)/ThermoDataBase(IEE data port)/ThermoDataBase/DM Group/DM103_F/Angiosoms/DM103_F_L_MCA.csv,31.5679621812,1137,valid,
DM103,L,MPA,/home/wenalz/Documents/Antigravity projects/thermalDFU/IEE data port(original)/ThermoDataBase(IEE data port)/ThermoDataBase/DM Group/DM103_F/Angiosoms/DM103_F_L_MPA.csv,29.2382477286,1651,valid,
DM103,R,LCA,/home/wenalz/Documents/Antigravity projects/thermalDFU/IEE data port(original)/ThermoDataBase(IEE data port)/ThermoDataBase/DM Group/DM103_F/Angiosoms/DM103_F_R_LCA.csv,31.1503672799,1522,valid,
DM103,R,LPA,/home/wenalz/Documents/Antigravity projects/thermalDFU/IEE data port(original)/ThermoDataBase(IEE data port)/ThermoDataBase/DM Group/DM103_F/Angiosoms/DM103_F_R_LPA.csv,28.6418150383,4309,valid,
DM103,R,MCA,/home/wenalz/Documents/Antigravity projects/thermalDFU/IEE data port(original)/ThermoDataBase(IEE data port)/ThermoDataBase/DM Group/DM103_F/Angiosoms/DM103_F_R_MCA.csv,31.9665813772,1278,valid,
DM103,R,MPA,/home/wenalz/Documents/Antigravity projects/thermalDFU/IEE data port(original)/ThermoDataBase(IEE data port)/ThermoDataBase/DM Group/DM103_F/Angiosoms/DM103_F_R_MPA.csv,28.6561293001,1686,valid,
DM104,L,LCA,/home/wenalz/Documents/Antigravity projects/thermalDFU/IEE data port(original)/ThermoDataBase(IEE data port)/ThermoDataBase/DM Group/DM104_F/Angiosoms/DM104_F_L_LCA.csv,28.8293066333,1598,valid,
DM104,L,LPA,/home/wenalz/Documents/Antigravity projects/thermalDFU/IEE data port(original)/ThermoDataBase(IEE data port)/ThermoDataBase/DM Group/DM104_F/Angiosoms/DM104_F_L_LPA.csv,29.7729237122,4601,valid,
DM104,L,MCA,/home/wenalz/Documents/Antigravity projects/thermalDFU/IEE data port(original)/ThermoDataBase(IEE data port)/ThermoDataBase/DM Group/DM104_F/Angiosoms/DM104_F_L_MCA.csv,30.0145536176,1548,valid,
DM104,L,MPA,/home/wenalz/Documents/Antigravity projects/thermalDFU/IEE data port(original)/ThermoDataBase(IEE data port)/ThermoDataBase/DM Group/DM104_F/Angiosoms/DM104_F_L_MPA.csv,30.291596511,1777,valid,
DM104,R,LCA,/home/wenalz/Documents/Antigravity projects/thermalDFU/IEE data port(original)/ThermoDataBase(IEE data port)/ThermoDataBase/DM Group/DM104_F/Angiosoms/DM104_F_R_LCA.csv,28.1017551147,1613,valid,
DM104,R,LPA,/home/wenalz/Documents/Antigravity projects/thermalDFU/IEE data port(original)/ThermoDataBase(IEE data port)/ThermoDataBase/DM Group/DM104_F/Angiosoms/DM104_F_R_LPA.csv,27.9662071721,4880,valid,
DM104,R,MCA,/home/wenalz/Documents/Antigravity projects/thermalDFU/IEE data port(original)/ThermoDataBase(IEE data port)/ThermoDataBase/DM Group/DM104_F/Angiosoms/DM104_F_R_MCA.csv,28.9218978389,1527,valid,
DM104,R,MPA,/home/wenalz/Documents/Antigravity projects/thermalDFU/IEE data port(original)/ThermoDataBase(IEE data port)/ThermoDataBase/DM Group/DM104_F/Angiosoms/DM104_F_R_MPA.csv,28.6576626819,1924,valid,
DM105,L,LCA,/home/wenalz/Documents/Antigravity projects/thermalDFU/IEE data port(original)/ThermoDataBase(IEE data port)/ThermoDataBase/DM Group/DM105_F/Angiosoms/DM105_F_L_LCA.csv,24.4992983465,1391,valid,
DM105,L,LPA,/home/wenalz/Documents/Antigravity projects/thermalDFU/IEE data port(original)/ThermoDataBase(IEE data port)/ThermoDataBase/DM Group/DM105_F/Angiosoms/DM105_F_L_LPA.csv,24.3738949333,3750,valid,
DM105,L,MCA,/home/wenalz/Documents/Antigravity projects/thermalDFU/IEE data port(original)/ThermoDataBase(IEE data port)/ThermoDataBase/DM Group/DM105_F/Angiosoms/DM105_F_L_MCA.csv,24.5928304196,1144,valid,
DM105,L,MPA,/home/wenalz/Documents/Antigravity projects/thermalDFU/IEE data port(original)/ThermoDataBase(IEE data port)/ThermoDataBase/DM Group/DM105_F/Angiosoms/DM105_F_L_MPA.csv,24.7149863014,1387,valid,
DM105,R,LCA,/home/wenalz/Documents/Antigravity projects/thermalDFU/IEE data port(original)/ThermoDataBase(IEE data port)/ThermoDataBase/DM Group/DM105_F/Angiosoms/DM105_F_R_LCA.csv,24.5181808732,1443,valid,
DM105,R,LPA,/home/wenalz/Documents/Antigravity projects/thermalDFU/IEE data port(original)/ThermoDataBase(IEE data port)/ThermoDataBase/DM Group/DM105_F/Angiosoms/DM105_F_R_LPA.csv,23.6207450507,4142,valid,
DM105,R,MCA,/home/wenalz/Documents/Antigravity projects/thermalDFU/IEE data port(original)/ThermoDataBase(IEE data port)/ThermoDataBase/DM Group/DM105_F/Angiosoms/DM105_F_R_MCA.csv,25.3326801762,1135,valid,
DM105,R,MPA,/home/wenalz/Documents/Antigravity projects/thermalDFU/IEE data port(original)/ThermoDataBase(IEE data port)/ThermoDataBase/DM Group/DM105_F/Angiosoms/DM105_F_R_MPA.csv,24.6014177387,1477,valid,
DM106,L,LCA,/home/wenalz/Documents/Antigravity projects/thermalDFU/IEE data port(original)/ThermoDataBase(IEE data port)/ThermoDataBase/DM Group/DM106_F/Angiosoms/DM106_F_L_LCA.csv,29.1242749491,982,valid,
DM106,L,LPA,/home/wenalz/Documents/Antigravity projects/thermalDFU/IEE data port(original)/ThermoDataBase(IEE data port)/ThermoDataBase/DM Group/DM106_F/Angiosoms/DM106_F_L_LPA.csv,30.9308722787,3445,valid,
DM106,L,MCA,/home/wenalz/Documents/Antigravity projects/thermalDFU/IEE data port(original)/ThermoDataBase(IEE data port)/ThermoDataBase/DM Group/DM106_F/Angiosoms/DM106_F_L_MCA.csv,29.5665831758,1058,valid,
DM106,L,MPA,/home/wenalz/Documents/Antigravity projects/thermalDFU/IEE data port(original)/ThermoDataBase(IEE data port)/ThermoDataBase/DM Group/DM106_F/Angiosoms/DM106_F_L_MPA.csv,31.4626290672,1383,valid,
DM106,R,LCA,/home/wenalz/Documents/Antigravity projects/thermalDFU/IEE data port(original)/ThermoDataBase(IEE data port)/ThermoDataBase/DM Group/DM106_F/Angiosoms/DM106_F_R_LCA.csv,29.2752132797,994,valid,
DM106,R,LPA,/home/wenalz/Documents/Antigravity projects/thermalDFU/IEE data port(original)/ThermoDataBase(IEE data port)/ThermoDataBase/DM Group/DM106_F/Angiosoms/DM106_F_R_LPA.csv,30.8722988406,3450,valid,
DM106,R,MCA,/home/wenalz/Documents/Antigravity projects/thermalDFU/IEE data port(original)/ThermoDataBase(IEE data port)/ThermoDataBase/DM Group/DM106_F/Angiosoms/DM106_F_R_MCA.csv,29.6918459152,967,valid,
DM106,R,MPA,/home/wenalz/Documents/Antigravity projects/thermalDFU/IEE data port(original)/ThermoDataBase(IEE data port)/ThermoDataBase/DM Group/DM106_F/Angiosoms/DM106_F_R_MPA.csv,31.5579429224,1314,valid,
DM107,L,LCA,/home/wenalz/Documents/Antigravity projects/thermalDFU/IEE data port(original)/ThermoDataBase(IEE data port)/ThermoDataBase/DM Group/DM107_M/Angiosoms/DM107_M_L_LCA.csv,27.2859348579,1443,valid,
DM107,L,LPA,/home/wenalz/Documents/Antigravity projects/thermalDFU/IEE data port(original)/ThermoDataBase(IEE data port)/ThermoDataBase/DM Group/DM107_M/Angiosoms/DM107_M_L_LPA.csv,28.0026965517,3480,valid,
DM107,L,MCA,/home/wenalz/Documents/Antigravity projects/thermalDFU/IEE data port(original)/ThermoDataBase(IEE data port)/ThermoDataBase/DM Group/DM107_M/Angiosoms/DM107_M_L_MCA.csv,27.7280227488,1055,valid,
DM107,L,MPA,/home/wenalz/Documents/Antigravity projects/thermalDFU/IEE data port(original)/ThermoDataBase(IEE data port)/ThermoDataBase/DM Group/DM107_M/Angiosoms/DM107_M_L_MPA.csv,27.7236215805,1316,valid,
DM107,R,LCA,/home/wenalz/Documents/Antigravity projects/thermalDFU/IEE data port(original)/ThermoDataBase(IEE data port)/ThermoDataBase/DM Group/DM107_M/Angiosoms/DM107_M_R_LCA.csv,28.8523911939,1181,valid,
DM107,R,LPA,/home/wenalz/Documents/Antigravity projects/thermalDFU/IEE data port(original)/ThermoDataBase(IEE data port)/ThermoDataBase/DM Group/DM107_M/Angiosoms/DM107_M_R_LPA.csv,29.8197959459,3700,valid,
DM107,R,MCA,/home/wenalz/Documents/Antigravity projects/thermalDFU/IEE data port(original)/ThermoDataBase(IEE data port)/ThermoDataBase/DM Group/DM107_M/Angiosoms/DM107_M_R_MCA.csv,29.0723748925,1163,valid,
DM107,R,MPA,/home/wenalz/Documents/Antigravity projects/thermalDFU/IEE data port(original)/ThermoDataBase(IEE data port)/ThermoDataBase/DM Group/DM107_M/Angiosoms/DM107_M_R_MPA.csv,29.3603337922,1453,valid,
DM108,L,LCA,/home/wenalz/Documents/Antigravity projects/thermalDFU/IEE data port(original)/ThermoDataBase(IEE data port)/ThermoDataBase/DM Group/DM108_F/Angiosoms/DM108_F_L_LCA.csv,27.2426670442,883,valid,
DM108,L,LPA,/home/wenalz/Documents/Antigravity projects/thermalDFU/IEE data port(original)/ThermoDataBase(IEE data port)/ThermoDataBase/DM Group/DM108_F/Angiosoms/DM108_F_L_LPA.csv,29.1523140909,2200,valid,
DM108,L,MCA,/home/wenalz/Documents/Antigravity projects/thermalDFU/IEE data port(original)/ThermoDataBase(IEE data port)/ThermoDataBase/DM Group/DM108_F/Angiosoms/DM108_F_L_MCA.csv,27.5867725191,655,valid,
DM108,L,MPA,/home/wenalz/Documents/Antigravity projects/thermalDFU/IEE data port(original)/ThermoDataBase(IEE data port)/ThermoDataBase/DM Group/DM108_F/Angiosoms/DM108_F_L_MPA.csv,29.677,835,valid,
DM108,R,LCA,/home/wenalz/Documents/Antigravity projects/thermalDFU/IEE data port(original)/ThermoDataBase(IEE data port)/ThermoDataBase/DM Group/DM108_F/Angiosoms/DM108_F_R_LCA.csv,28.884868171,842,valid,
DM108,R,LPA,/home/wenalz/Documents/Antigravity projects/thermalDFU/IEE data port(original)/ThermoDataBase(IEE data port)/ThermoDataBase/DM Group/DM108_F/Angiosoms/DM108_F_R_LPA.csv,28.9028832636,2390,valid,
DM108,R,MCA,/home/wenalz/Documents/Antigravity projects/thermalDFU/IEE data port(original)/ThermoDataBase(IEE data port)/ThermoDataBase/DM Group/DM108_F/Angiosoms/DM108_F_R_MCA.csv,29.1245362117,718,valid,
DM108,R,MPA,/home/wenalz/Documents/Antigravity projects/thermalDFU/IEE data port(original)/ThermoDataBase(IEE data port)/ThermoDataBase/DM Group/DM108_F/Angiosoms/DM108_F_R_MPA.csv,29.0719899666,897,valid,
DM109,L,LCA,/home/wenalz/Documents/Antigravity projects/thermalDFU/IEE data port(original)/ThermoDataBase(IEE data port)/ThermoDataBase/DM Group/DM109_F/Angiosoms/DM109_F_L_LCA.csv,32.5112628019,1035,valid,
DM109,L,LPA,/home/wenalz/Documents/Antigravity projects/thermalDFU/IEE data port(original)/ThermoDataBase(IEE data port)/ThermoDataBase/DM Group/DM109_F/Angiosoms/DM109_F_L_LPA.csv,32.9086888741,3002,valid,
DM109,L,MCA,/home/wenalz/Documents/Antigravity projects/thermalDFU/IEE data port(original)/ThermoDataBase(IEE data port)/ThermoDataBase/DM Group/DM109_F/Angiosoms/DM109_F_L_MCA.csv,32.5457096045,885,valid,
DM109,L,MPA,/home/wenalz/Documents/Antigravity projects/thermalDFU/IEE data port(original)/ThermoDataBase(IEE data port)/ThermoDataBase/DM Group/DM109_F/Angiosoms/DM109_F_L_MPA.csv,33.3609715272,1159,valid,
DM109,R,LCA,/home/wenalz/Documents/Antigravity projects/thermalDFU/IEE data port(original)/ThermoDataBase(IEE data port)/ThermoDataBase/DM Group/DM109_F/Angiosoms/DM109_F_R_LCA.csv,32.868935397,743,valid,
DM109,R,LPA,/home/wenalz/Documents/Antigravity projects/thermalDFU/IEE data port(original)/ThermoDataBase(IEE data port)/ThermoDataBase/DM Group/DM109_F/Angiosoms/DM109_F_R_LPA.csv,33.5289478376,3029,valid,
DM109,R,MCA,/home/wenalz/Documents/Antigravity projects/thermalDFU/IEE data port(original)/ThermoDataBase(IEE data port)/ThermoDataBase/DM Group/DM109_F/Angiosoms/DM109_F_R_MCA.csv,33.1687695652,1150,valid,
DM109,R,MPA,/home/wenalz/Documents/Antigravity projects/thermalDFU/IEE data port(original)/ThermoDataBase(IEE data port)/ThermoDataBase/DM Group/DM109_F/Angiosoms/DM109_F_R_MPA.csv,33.9451307484,1109,valid,
DM110,L,LCA,/home/wenalz/Documents/Antigravity projects/thermalDFU/IEE data port(original)/ThermoDataBase(IEE data port)/ThermoDataBase/DM Group/DM110_F/Angiosoms/DM110_F_L_LCA.csv,26.9953312629,1449,valid,
DM110,L,LPA,/home/wenalz/Documents/Antigravity projects/thermalDFU/IEE data port(original)/ThermoDataBase(IEE data port)/ThermoDataBase/DM Group/DM110_F/Angiosoms/DM110_F_L_LPA.csv,25.8529491987,3307,valid,
DM110,L,MCA,/home/wenalz/Documents/Antigravity projects/thermalDFU/IEE data port(original)/ThermoDataBase(IEE data port)/ThermoDataBase/DM Group/DM110_F/Angiosoms/DM110_F_L_MCA.csv,27.4614340206,970,valid,
DM110,L,MPA,/home/wenalz/Documents/Antigravity projects/thermalDFU/IEE data port(original)/ThermoDataBase(IEE data port)/ThermoDataBase/DM Group/DM110_F/Angiosoms/DM110_F_L_MPA.csv,26.4075342179,1432,valid,
DM110,R,LCA,/home/wenalz/Documents/Antigravity projects/thermalDFU/IEE data port(original)/ThermoDataBase(IEE data port)/ThermoDataBase/DM Group/DM110_F/Angiosoms/DM110_F_R_LCA.csv,24.8354129747,1264,valid,
DM110,R,LPA,/home/wenalz/Documents/Antigravity projects/thermalDFU/IEE data port(original)/ThermoDataBase(IEE data port)/ThermoDataBase/DM Group/DM110_F/Angiosoms/DM110_F_R_LPA.csv,22.6685451505,3588,valid,
DM110,R,MCA,/home/wenalz/Documents/Antigravity projects/thermalDFU/IEE data port(original)/ThermoDataBase(IEE data port)/ThermoDataBase/DM Group/DM110_F/Angiosoms/DM110_F_R_MCA.csv,25.3102604895,1144,valid,
DM110,R,MPA,/home/wenalz/Documents/Antigravity projects/thermalDFU/IEE data port(original)/ThermoDataBase(IEE data port)/ThermoDataBase/DM Group/DM110_F/Angiosoms/DM110_F_R_MPA.csv,22.9563300903,1439,valid,
DM111,L,LCA,/home/wenalz/Documents/Antigravity projects/thermalDFU/IEE data port(original)/ThermoDataBase(IEE data port)/ThermoDataBase/DM Group/DM111_F/Angiosoms/DM111_F_L_LCA.csv,29.4745100334,1196,valid,
DM111,L,LPA,/home/wenalz/Documents/Antigravity projects/thermalDFU/IEE data port(original)/ThermoDataBase(IEE data port)/ThermoDataBase/DM Group/DM111_F/Angiosoms/DM111_F_L_LPA.csv,25.5708130477,3081,valid,
DM111,L,MCA,/home/wenalz/Documents/Antigravity projects/thermalDFU/IEE data port(original)/ThermoDataBase(IEE data port)/ThermoDataBase/DM Group/DM111_F/Angiosoms/DM111_F_L_MCA.csv,30.0014129288,758,valid,
DM111,L,MPA,/home/wenalz/Documents/Antigravity projects/thermalDFU/IEE data port(original)/ThermoDataBase(IEE data port)/ThermoDataBase/DM Group/DM111_F/Angiosoms/DM111_F_L_MPA.csv,25.8855462963,1188,valid,
DM111,R,LCA,/home/wenalz/Documents/Antigravity projects/thermalDFU/IEE data port(original)/ThermoDataBase(IEE data port)/ThermoDataBase/DM Group/DM111_F/Angiosoms/DM111_F_R_LCA.csv,29.7063881579,1064,valid,
DM111,R,LPA,/home/wenalz/Documents/Antigravity projects/thermalDFU/IEE data port(original)/ThermoDataBase(IEE data port)/ThermoDataBase/DM Group/DM111_F/Angiosoms/DM111_F_R_LPA.csv,26.27028911,3618,valid,
DM111,R,MCA,/home/wenalz/Documents/Antigravity projects/thermalDFU/IEE data port(original)/ThermoDataBase(IEE data port)/ThermoDataBase/DM Group/DM111_F/Angiosoms/DM111_F_R_MCA.csv,30.5618527725,1046,valid,
DM111,R,MPA,/home/wenalz/Documents/Antigravity projects/thermalDFU/IEE data port(original)/ThermoDataBase(IEE data port)/ThermoDataBase/DM Group/DM111_F/Angiosoms/DM111_F_R_MPA.csv,26.477007807,1409,valid,
DM112,L,LCA,/home/wenalz/Documents/Antigravity projects/thermalDFU/IEE data port(original)/ThermoDataBase(IEE data port)/ThermoDataBase/DM Group/DM112_M/Angiosoms/DM112_M_L_LCA.csv,25.4144723975,1268,valid,
DM112,L,LPA,/home/wenalz/Documents/Antigravity projects/thermalDFU/IEE data port(original)/ThermoDataBase(IEE data port)/ThermoDataBase/DM Group/DM112_M/Angiosoms/DM112_M_L_LPA.csv,24.6486380457,3459,valid,
DM112,L,MCA,/home/wenalz/Documents/Antigravity projects/thermalDFU/IEE data port(original)/ThermoDataBase(IEE data port)/ThermoDataBase/DM Group/DM112_M/Angiosoms/DM112_M_L_MCA.csv,26.2972296849,1206,valid,
DM112,L,MPA,/home/wenalz/Documents/Antigravity projects/thermalDFU/IEE data port(original)/ThermoDataBase(IEE data port)/ThermoDataBase/DM Group/DM112_M/Angiosoms/DM112_M_L_MPA.csv,25.1304988881,1349,valid,
DM112,R,LCA,/home/wenalz/Documents/Antigravity projects/thermalDFU/IEE data port(original)/ThermoDataBase(IEE data port)/ThermoDataBase/DM Group/DM112_M/Angiosoms/DM112_M_R_LCA.csv,26.0558618619,1332,valid,
DM112,R,LPA,/home/wenalz/Documents/Antigravity projects/thermalDFU/IEE data port(original)/ThermoDataBase(IEE data port)/ThermoDataBase/DM Group/DM112_M/Angiosoms/DM112_M_R_LPA.csv,24.0524521525,3647,valid,
DM112,R,MCA,/home/wenalz/Documents/Antigravity projects/thermalDFU/IEE data port(original)/ThermoDataBase(IEE data port)/ThermoDataBase/DM Group/DM112_M/Angiosoms/DM112_M_R_MCA.csv,26.3441430793,1286,valid,
DM112,R,MPA,/home/wenalz/Documents/Antigravity projects/thermalDFU/IEE data port(original)/ThermoDataBase(IEE data port)/ThermoDataBase/DM Group/DM112_M/Angiosoms/DM112_M_R_MPA.csv,24.8641478323,1407,valid,
DM113,L,LCA,/home/wenalz/Documents/Antigravity projects/thermalDFU/IEE data port(original)/ThermoDataBase(IEE data port)/ThermoDataBase/DM Group/DM113_F/Angiosoms/DM113_F_L_LCA.csv,27.4684195584,951,valid,
DM113,L,LPA,/home/wenalz/Documents/Antigravity projects/thermalDFU/IEE data port(original)/ThermoDataBase(IEE data port)/ThermoDataBase/DM Group/DM113_F/Angiosoms/DM113_F_L_LPA.csv,25.3720414957,2193,valid,
DM113,L,MCA,/home/wenalz/Documents/Antigravity projects/thermalDFU/IEE data port(original)/ThermoDataBase(IEE data port)/ThermoDataBase/DM Group/DM113_F/Angiosoms/DM113_F_L_MCA.csv,27.7685971979,571,valid,
DM113,L,MPA,/home/wenalz/Documents/Antigravity projects/thermalDFU/IEE data port(original)/ThermoDataBase(IEE data port)/ThermoDataBase/DM Group/DM113_F/Angiosoms/DM113_F_L_MPA.csv,25.9416933962,848,valid,
DM113,R,LCA,/home/wenalz/Documents/Antigravity projects/thermalDFU/IEE data port(original)/ThermoDataBase(IEE data port)/ThermoDataBase/DM Group/DM113_F/Angiosoms/DM113_F_R_LCA.csv,26.8914902364,973,valid,
DM113,R,LPA,/home/wenalz/Documents/Antigravity projects/thermalDFU/IEE data port(original)/ThermoDataBase(IEE data port)/ThermoDataBase/DM Group/DM113_F/Angiosoms/DM113_F_R_LPA.csv,27.3089172901,2406,valid,
DM113,R,MCA,/home/wenalz/Documents/Antigravity projects/thermalDFU/IEE data port(original)/ThermoDataBase(IEE data port)/ThermoDataBase/DM Group/DM113_F/Angiosoms/DM113_F_R_MCA.csv,27.7061779789,663,valid,
DM113,R,MPA,/home/wenalz/Documents/Antigravity projects/thermalDFU/IEE data port(original)/ThermoDataBase(IEE data port)/ThermoDataBase/DM Group/DM113_F/Angiosoms/DM113_F_R_MPA.csv,27.7978464865,925,valid,
DM114,L,LCA,/home/wenalz/Documents/Antigravity projects/thermalDFU/IEE data port(original)/ThermoDataBase(IEE data port)/ThermoDataBase/DM Group/DM114_F/Angiosoms/DM114_F_L_LCA.csv,29.7332377261,1161,valid,
DM114,L,LPA,/home/wenalz/Documents/Antigravity projects/thermalDFU/IEE data port(original)/ThermoDataBase(IEE data port)/ThermoDataBase/DM Group/DM114_F/Angiosoms/DM114_F_L_LPA.csv,28.5606639676,3705,valid,
DM114,L,MCA,/home/wenalz/Documents/Antigravity projects/thermalDFU/IEE data port(original)/ThermoDataBase(IEE data port)/ThermoDataBase/DM Group/DM114_F/Angiosoms/DM114_F_L_MCA.csv,30.2508685327,1179,valid,
DM114,L,MPA,/home/wenalz/Documents/Antigravity projects/thermalDFU/IEE data port(original)/ThermoDataBase(IEE data port)/ThermoDataBase/DM Group/DM114_F/Angiosoms/DM114_F_L_MPA.csv,28.8927494881,1465,valid,
DM114,R,LCA,/home/wenalz/Documents/Antigravity projects/thermalDFU/IEE data port(original)/ThermoDataBase(IEE data port)/ThermoDataBase/DM Group/DM114_F/Angiosoms/DM114_F_R_LCA.csv,29.4587636505,1282,valid,
DM114,R,LPA,/home/wenalz/Documents/Antigravity projects/thermalDFU/IEE data port(original)/ThermoDataBase(IEE data port)/ThermoDataBase/DM Group/DM114_F/Angiosoms/DM114_F_R_LPA.csv,27.9877048101,3950,valid,
DM114,R,MCA,/home/wenalz/Documents/Antigravity projects/thermalDFU/IEE data port(original)/ThermoDataBase(IEE data port)/ThermoDataBase/DM Group/DM114_F/Angiosoms/DM114_F_R_MCA.csv,29.964767148,1108,valid,
DM114,R,MPA,/home/wenalz/Documents/Antigravity projects/thermalDFU/IEE data port(original)/ThermoDataBase(IEE data port)/ThermoDataBase/DM Group/DM114_F/Angiosoms/DM114_F_R_MPA.csv,28.2708095238,1428,valid,
DM115,L,LCA,/home/wenalz/Documents/Antigravity projects/thermalDFU/IEE data port(original)/ThermoDataBase(IEE data port)/ThermoDataBase/DM Group/DM115_F/Angiosoms/DM115_F_L_LCA.csv,29.0295328671,1430,valid,
DM115,L,LPA,/home/wenalz/Documents/Antigravity projects/thermalDFU/IEE data port(original)/ThermoDataBase(IEE data port)/ThermoDataBase/DM Group/DM115_F/Angiosoms/DM115_F_L_LPA.csv,31.2634116031,3275,valid,
DM115,L,MCA,/home/wenalz/Documents/Antigravity projects/thermalDFU/IEE data port(original)/ThermoDataBase(IEE data port)/ThermoDataBase/DM Group/DM115_F/Angiosoms/DM115_F_L_MCA.csv,28.6357418631,891,valid,
DM115,L,MPA,/home/wenalz/Documents/Antigravity projects/thermalDFU/IEE data port(original)/ThermoDataBase(IEE data port)/ThermoDataBase/DM Group/DM115_F/Angiosoms/DM115_F_L_MPA.csv,32.0595302013,1192,valid,
DM115,R,LCA,/home/wenalz/Documents/Antigravity projects/thermalDFU/IEE data port(original)/ThermoDataBase(IEE data port)/ThermoDataBase/DM Group/DM115_F/Angiosoms/DM115_F_R_LCA.csv,29.7552185154,1199,valid,
DM115,R,LPA,/home/wenalz/Documents/Antigravity projects/thermalDFU/IEE data port(original)/ThermoDataBase(IEE data port)/ThermoDataBase/DM Group/DM115_F/Angiosoms/DM115_F_R_LPA.csv,30.291914239,3673,valid,
DM115,R,MCA,/home/wenalz/Documents/Antigravity projects/thermalDFU/IEE data port(original)/ThermoDataBase(IEE data port)/ThermoDataBase/DM Group/DM115_F/Angiosoms/DM115_F_R_MCA.csv,29.9023038793,928,valid,
DM115,R,MPA,/home/wenalz/Documents/Antigravity projects/thermalDFU/IEE data port(original)/ThermoDataBase(IEE data port)/ThermoDataBase/DM Group/DM115_F/Angiosoms/DM115_F_R_MPA.csv,31.8242730285,1509,valid,
DM116,L,LCA,/home/wenalz/Documents/Antigravity projects/thermalDFU/IEE data port(original)/ThermoDataBase(IEE data port)/ThermoDataBase/DM Group/DM116_F/Angiosoms/DM116_F_L_LCA.csv,31.5553247101,1121,valid,
DM116,L,LPA,/home/wenalz/Documents/Antigravity projects/thermalDFU/IEE data port(original)/ThermoDataBase(IEE data port)/ThermoDataBase/DM Group/DM116_F/Angiosoms/DM116_F_L_LPA.csv,32.3365572079,3295,valid,
DM116,L,MCA,/home/wenalz/Documents/Antigravity projects/thermalDFU/IEE data port(original)/ThermoDataBase(IEE data port)/ThermoDataBase/DM Group/DM116_F/Angiosoms/DM116_F_L_MCA.csv,31.6516810036,1116,valid,
DM116,L,MPA,/home/wenalz/Documents/Antigravity projects/thermalDFU/IEE data port(original)/ThermoDataBase(IEE data port)/ThermoDataBase/DM Group/DM116_F/Angiosoms/DM116_F_L_MPA.csv,32.313269742,1279,valid,
DM116,R,LCA,/home/wenalz/Documents/Antigravity projects/thermalDFU/IEE data port(original)/ThermoDataBase(IEE data port)/ThermoDataBase/DM Group/DM116_F/Angiosoms/DM116_F_R_LCA.csv,31.816875122,1025,valid,
DM116,R,LPA,/home/wenalz/Documents/Antigravity projects/thermalDFU/IEE data port(original)/ThermoDataBase(IEE data port)/ThermoDataBase/DM Group/DM116_F/Angiosoms/DM116_F_R_LPA.csv,32.6500874558,3396,valid,
DM116,R,MCA,/home/wenalz/Documents/Antigravity projects/thermalDFU/IEE data port(original)/ThermoDataBase(IEE data port)/ThermoDataBase/DM Group/DM116_F/Angiosoms/DM116_F_R_MCA.csv,31.8149443535,1222,valid,
DM116,R,MPA,/home/wenalz/Documents/Antigravity projects/thermalDFU/IEE data port(original)/ThermoDataBase(IEE data port)/ThermoDataBase/DM Group/DM116_F/Angiosoms/DM116_F_R_MPA.csv,32.3243583517,1359,valid,
DM117,L,LCA,/home/wenalz/Documents/Antigravity projects/thermalDFU/IEE data port(original)/ThermoDataBase(IEE data port)/ThermoDataBase/DM Group/DM117_F/Angiosoms/DM117_F_L_LCA.csv,23.9499358974,1014,valid,
DM117,L,LPA,/home/wenalz/Documents/Antigravity projects/thermalDFU/IEE data port(original)/ThermoDataBase(IEE data port)/ThermoDataBase/DM Group/DM117_F/Angiosoms/DM117_F_L_LPA.csv,24.1835627649,3067,valid,
DM117,L,MCA,/home/wenalz/Documents/Antigravity projects/thermalDFU/IEE data port(original)/ThermoDataBase(IEE data port)/ThermoDataBase/DM Group/DM117_F/Angiosoms/DM117_F_L_MCA.csv,24.8297534372,1091,valid,
DM117,L,MPA,/home/wenalz/Documents/Antigravity projects/thermalDFU/IEE data port(original)/ThermoDataBase(IEE data port)/ThermoDataBase/DM Group/DM117_F/Angiosoms/DM117_F_L_MPA.csv,25.0914909662,1273,valid,
DM117,R,LCA,/home/wenalz/Documents/Antigravity projects/thermalDFU/IEE data port(original)/ThermoDataBase(IEE data port)/ThermoDataBase/DM Group/DM117_F/Angiosoms/DM117_F_R_LCA.csv,25.5632956098,1025,valid,
DM117,R,LPA,/home/wenalz/Documents/Antigravity projects/thermalDFU/IEE data port(original)/ThermoDataBase(IEE data port)/ThermoDataBase/DM Group/DM117_F/Angiosoms/DM117_F_R_LPA.csv,25.0444333125,3194,valid,
DM117,R,MCA,/home/wenalz/Documents/Antigravity projects/thermalDFU/IEE data port(original)/ThermoDataBase(IEE data port)/ThermoDataBase/DM Group/DM117_F/Angiosoms/DM117_F_R_MCA.csv,25.7428587571,1062,valid,
DM117,R,MPA,/home/wenalz/Documents/Antigravity projects/thermalDFU/IEE data port(original)/ThermoDataBase(IEE data port)/ThermoDataBase/DM Group/DM117_F/Angiosoms/DM117_F_R_MPA.csv,25.3400364964,1233,valid,
DM118,L,LCA,/home/wenalz/Documents/Antigravity projects/thermalDFU/IEE data port(original)/ThermoDataBase(IEE data port)/ThermoDataBase/DM Group/DM118_M/Angiosoms/DM118_M_L_LCA.csv,31.0697944551,1046,valid,
DM118,L,LPA,/home/wenalz/Documents/Antigravity projects/thermalDFU/IEE data port(original)/ThermoDataBase(IEE data port)/ThermoDataBase/DM Group/DM118_M/Angiosoms/DM118_M_L_LPA.csv,32.9791184718,2853,valid,
DM118,L,MCA,/home/wenalz/Documents/Antigravity projects/thermalDFU/IEE data port(original)/ThermoDataBase(IEE data port)/ThermoDataBase/DM Group/DM118_M/Angiosoms/DM118_M_L_MCA.csv,31.2078376906,918,valid,
DM118,L,MPA,/home/wenalz/Documents/Antigravity projects/thermalDFU/IEE data port(original)/ThermoDataBase(IEE data port)/ThermoDataBase/DM Group/DM118_M/Angiosoms/DM118_M_L_MPA.csv,33.9184822461,1211,valid,
DM118,R,LCA,/home/wenalz/Documents/Antigravity projects/thermalDFU/IEE data port(original)/ThermoDataBase(IEE data port)/ThermoDataBase/DM Group/DM118_M/Angiosoms/DM118_M_R_LCA.csv,30.3191764706,833,valid,
DM118,R,LPA,/home/wenalz/Documents/Antigravity projects/thermalDFU/IEE data port(original)/ThermoDataBase(IEE data port)/ThermoDataBase/DM Group/DM118_M/Angiosoms/DM118_M_R_LPA.csv,31.7175435398,3181,valid,
DM118,R,MCA,/home/wenalz/Documents/Antigravity projects/thermalDFU/IEE data port(original)/ThermoDataBase(IEE data port)/ThermoDataBase/DM Group/DM118_M/Angiosoms/DM118_M_R_MCA.csv,30.4849966924,907,valid,
DM118,R,MPA,/home/wenalz/Documents/Antigravity projects/thermalDFU/IEE data port(original)/ThermoDataBase(IEE data port)/ThermoDataBase/DM Group/DM118_M/Angiosoms/DM118_M_R_MPA.csv,32.5628269581,1098,valid,
DM119,L,LCA,/home/wenalz/Documents/Antigravity projects/thermalDFU/IEE data port(original)/ThermoDataBase(IEE data port)/ThermoDataBase/DM Group/DM119_F/Angiosoms/DM119_F_L_LCA.csv,33.6515380811,1011,valid,
DM119,L,LPA,/home/wenalz/Documents/Antigravity projects/thermalDFU/IEE data port(original)/ThermoDataBase(IEE data port)/ThermoDataBase/DM Group/DM119_F/Angiosoms/DM119_F_L_LPA.csv,33.6447295108,3209,valid,
DM119,L,MCA,/home/wenalz/Documents/Antigravity projects/thermalDFU/IEE data port(original)/ThermoDataBase(IEE data port)/ThermoDataBase/DM Group/DM119_F/Angiosoms/DM119_F_L_MCA.csv,33.6863469573,1101,valid,
DM119,L,MPA,/home/wenalz/Documents/Antigravity projects/thermalDFU/IEE data port(original)/ThermoDataBase(IEE data port)/ThermoDataBase/DM Group/DM119_F/Angiosoms/DM119_F_L_MPA.csv,33.7317358757,1416,valid,
DM119,R,LCA,/home/wenalz/Documents/Antigravity projects/thermalDFU/IEE data port(original)/ThermoDataBase(IEE data port)/ThermoDataBase/DM Group/DM119_F/Angiosoms/DM119_F_R_LCA.csv,32.9133782895,912,valid,
DM119,R,LPA,/home/wenalz/Documents/Antigravity projects/thermalDFU/IEE data port(original)/ThermoDataBase(IEE data port)/ThermoDataBase/DM Group/DM119_F/Angiosoms/DM119_F_R_LPA.csv,33.1882918903,3354,valid,
DM119,R,MCA,/home/wenalz/Documents/Antigravity projects/thermalDFU/IEE data port(original)/ThermoDataBase(IEE data port)/ThermoDataBase/DM Group/DM119_F/Angiosoms/DM119_F_R_MCA.csv,32.316230553,1067,valid,
DM119,R,MPA,/home/wenalz/Documents/Antigravity projects/thermalDFU/IEE data port(original)/ThermoDataBase(IEE data port)/ThermoDataBase/DM Group/DM119_F/Angiosoms/DM119_F_R_MPA.csv,33.4313229544,1381,valid,
DM120,L,LCA,/home/wenalz/Documents/Antigravity projects/thermalDFU/IEE data port(original)/ThermoDataBase(IEE data port)/ThermoDataBase/DM Group/DM120_F/Angiosoms/DM120_F_L_LCA.csv,31.0729664293,983,valid,
DM120,L,LPA,/home/wenalz/Documents/Antigravity projects/thermalDFU/IEE data port(original)/ThermoDataBase(IEE data port)/ThermoDataBase/DM Group/DM120_F/Angiosoms/DM120_F_L_LPA.csv,32.9963162455,2770,valid,
DM120,L,MCA,/home/wenalz/Documents/Antigravity projects/thermalDFU/IEE data port(original)/ThermoDataBase(IEE data port)/ThermoDataBase/DM Group/DM120_F/Angiosoms/DM120_F_L_MCA.csv,30.966112544,853,valid,
DM120,L,MPA,/home/wenalz/Documents/Antigravity projects/thermalDFU/IEE data port(original)/ThermoDataBase(IEE data port)/ThermoDataBase/DM Group/DM120_F/Angiosoms/DM120_F_L_MPA.csv,33.3444750567,882,valid,
DM120,R,LCA,/home/wenalz/Documents/Antigravity projects/thermalDFU/IEE data port(original)/ThermoDataBase(IEE data port)/ThermoDataBase/DM Group/DM120_F/Angiosoms/DM120_F_R_LCA.csv,31.9876643789,1457,valid,
DM120,R,LPA,/home/wenalz/Documents/Antigravity projects/thermalDFU/IEE data port(original)/ThermoDataBase(IEE data port)/ThermoDataBase/DM Group/DM120_F/Angiosoms/DM120_F_R_LPA.csv,33.0991154856,3048,valid,
DM120,R,MCA,/home/wenalz/Documents/Antigravity projects/thermalDFU/IEE data port(original)/ThermoDataBase(IEE data port)/ThermoDataBase/DM Group/DM120_F/Angiosoms/DM120_F_R_MCA.csv,32.5738487713,529,valid,
DM120,R,MPA,/home/wenalz/Documents/Antigravity projects/thermalDFU/IEE data port(original)/ThermoDataBase(IEE data port)/ThermoDataBase/DM Group/DM120_F/Angiosoms/DM120_F_R_MPA.csv,33.4368667255,1133,valid,
DM121,L,LCA,/home/wenalz/Documents/Antigravity projects/thermalDFU/IEE data port(original)/ThermoDataBase(IEE data port)/ThermoDataBase/DM Group/DM121_F/Angiosoms/DM121_F_L_LCA.csv,32.1460667645,1363,valid,
DM121,L,LPA,/home/wenalz/Documents/Antigravity projects/thermalDFU/IEE data port(original)/ThermoDataBase(IEE data port)/ThermoDataBase/DM Group/DM121_F/Angiosoms/DM121_F_L_LPA.csv,33.8067867083,3521,valid,
DM121,L,MCA,/home/wenalz/Documents/Antigravity projects/thermalDFU/IEE data port(original)/ThermoDataBase(IEE data port)/ThermoDataBase/DM Group/DM121_F/Angiosoms/DM121_F_L_MCA.csv,32.5390513259,1169,valid,
DM121,L,MPA,/home/wenalz/Documents/Antigravity projects/thermalDFU/IEE data port(original)/ThermoDataBase(IEE data port)/ThermoDataBase/DM Group/DM121_F/Angiosoms/DM121_F_L_MPA.csv,33.4887276342,1509,valid,
DM121,R,LCA,/home/wenalz/Documents/Antigravity projects/thermalDFU/IEE data port(original)/ThermoDataBase(IEE data port)/ThermoDataBase/DM Group/DM121_F/Angiosoms/DM121_F_R_LCA.csv,33.6011382175,1324,valid,
DM121,R,LPA,/home/wenalz/Documents/Antigravity projects/thermalDFU/IEE data port(original)/ThermoDataBase(IEE data port)/ThermoDataBase/DM Group/DM121_F/Angiosoms/DM121_F_R_LPA.csv,33.8087163646,3642,valid,
DM121,R,MCA,/home/wenalz/Documents/Antigravity projects/thermalDFU/IEE data port(original)/ThermoDataBase(IEE data port)/ThermoDataBase/DM Group/DM121_F/Angiosoms/DM121_F_R_MCA.csv,32.7722239748,1268,valid,
DM121,R,MPA,/home/wenalz/Documents/Antigravity projects/thermalDFU/IEE data port(original)/ThermoDataBase(IEE data port)/ThermoDataBase/DM Group/DM121_F/Angiosoms/DM121_F_R_MPA.csv,33.5965566802,1482,valid,
DM122,L,LCA,/home/wenalz/Documents/Antigravity projects/thermalDFU/IEE data port(original)/ThermoDataBase(IEE data port)/ThermoDataBase/DM Group/DM122_F/Angiosoms/DM122_F_L_LCA.csv,25.9793087971,1114,valid,
DM122,L,LPA,/home/wenalz/Documents/Antigravity projects/thermalDFU/IEE data port(original)/ThermoDataBase(IEE data port)/ThermoDataBase/DM Group/DM122_F/Angiosoms/DM122_F_L_LPA.csv,25.4779858012,2958,valid,
DM122,L,MCA,/home/wenalz/Documents/Antigravity projects/thermalDFU/IEE data port(original)/ThermoDataBase(IEE data port)/ThermoDataBase/DM Group/DM122_F/Angiosoms/DM122_F_L_MCA.csv,26.1037655786,674,valid,
DM122,L,MPA,/home/wenalz/Documents/Antigravity projects/thermalDFU/IEE data port(original)/ThermoDataBase(IEE data port)/ThermoDataBase/DM Group/DM122_F/Angiosoms/DM122_F_L_MPA.csv,26.540880597,871,valid,
DM122,R,LCA,/home/wenalz/Documents/Antigravity projects/thermalDFU/IEE data port(original)/ThermoDataBase(IEE data port)/ThermoDataBase/DM Group/DM122_F/Angiosoms/DM122_F_R_LCA.csv,25.5547939394,990,valid,
DM122,R,LPA,/home/wenalz/Documents/Antigravity projects/thermalDFU/IEE data port(original)/ThermoDataBase(IEE data port)/ThermoDataBase/DM Group/DM122_F/Angiosoms/DM122_F_R_LPA.csv,26.1873673347,3343,valid,
DM122,R,MCA,/home/wenalz/Documents/Antigravity projects/thermalDFU/IEE data port(original)/ThermoDataBase(IEE data port)/ThermoDataBase/DM Group/DM122_F/Angiosoms/DM122_F_R_MCA.csv,25.9959223698,979,valid,
DM122,R,MPA,/home/wenalz/Documents/Antigravity projects/thermalDFU/IEE data port(original)/ThermoDataBase(IEE data port)/ThermoDataBase/DM Group/DM122_F/Angiosoms/DM122_F_R_MPA.csv,27.337480715,1063,valid,
